study_name,population,sample_size,predictor,outcome,timing,method,effect_size,performance,notes,source_file,source_page,source_passage_id,source_link,source_anchor,field_sources_json,support_status,support_notes,query,query_relevance_score
Besen_2016,Patients admitted to ICU with sepsis,957,Lactate > 4 mmol/L,ICU mortality,Not reported,Multivariate analysis using binary logistic regression,2.28 (1.61–3.24),AUC 0.732 (0.698–0.766),Lactate levels >4 mmol/L improved mortality prediction accuracy.,Besen_2016.pdf,6,Besen_2016:p6:c2,file:///Users/mikitabianko/dev/sandbox/SepsisAtlasHackathon/articles/Besen_2016.pdf#page=6,higher lactate levels (which we chose to add in the model as >4 mmol/L) were of prognostic significance,"{""population"": ""The aim of this study was to assess the new criteria’s accuracy in stratifying mortality as compared to its predecessor (Sepsis-2) in a Brazilian public intensive care unit (ICU) and to investigate whether the addition of lactate values would improve stratification. Methods: Retrospective cohort study conducted between 2010 and 2015 in a public university’s 19-bed ICU. Data from patients admitted to the ICU with sepsis were retrieved from a prospectively collected database."", ""sample_size"": ""arge within the first 48 h of ICU—n (%): 85 (9) - **Whole group (N = 957)** - ICU Length of stay—days: 5 [4, 11] - ICU mortality—n (%): 311 (32) - Death within the first 48 h of ICU—n (%): 78 (8) - Discharge within the first 48 h of ICU—n (%): 85 (9) - **Survivors (N = 646)** - ICU Length of stay—days: 5 [4, 10] - ICU mortality—n (%): 0 (0) - Death within the first 48 h of ICU—n (%): 0 (0) - Discharge within the first 48 h of ICU—n (%): 85 (13) - **Non-survivors (N = 311)** - ICU Length of stay—days: 6 [3, 13] - ICU mortality—n (%): 311 (100) - Death within the first 48 h of ICU—n (%): 78 (25) - Discharge within the first 48 h of ICU—n (%): 0 (0) - **P value** - ICU Length of stay: 0.994 - I"", ""predictor"": ""Table 2 shows the associations of sepsis definitions with mortality and the additional impact of lactate inclusion in the multivariate model. psis-2 criteria, while it was not significant for Sepsis-3. Table 2 Multivariate models using ICU death as a dependent variable and sepsis definition and lactate as independent variables This analysis was performed using a binary logistic regression. The first model used lactate as a continuous variable (after logarithmic transformation in order to correct the positive skewness); the second and third models used lactate as a categorical variable Lactate > 2 mmol/L represents all patients with lactate > 2 mmol/L, including those with lactate > 4 mmol/L"", ""outcome"": ""arge within the first 48 h of ICU—n (%): 85 (9) - **Whole group (N = 957)** - ICU Length of stay—days: 5 [4, 11] - ICU mortality—n (%): 311 (32) - Death within the first 48 h of ICU—n (%): 78 (8) - Discharge within the first 48 h of ICU—n (%): 85 (9) - **Survivors (N = 646)** - ICU Length of stay—days: 5 [4, 10] - ICU mortality—n (%): 0 (0) - Death within the first 48 h of ICU—n (%): 0 (0) - Discharge within the first 48 h of ICU—n (%): 85 (13) - **Non-survivors (N = 311)** - ICU Length of stay—days: 6 [3, 13] - ICU mortality—n (%): 311 (100) - Death within the first 48 h of ICU—n (%): 78 (25) - Discharge within the first 48 h of ICU—n (%): 0 (0) - **P value** - ICU Length of stay: 0.994 - I"", ""method"": ""In comparison, lactate levels >4 mmol/L clearly marked increased mortality in both the severe sepsis and septic shock categories of Sepsis-2 and in the no-dysfunction and septic shock categories of Sepsis-3. Table 2 shows the associations of sepsis definitions with mortality and the additional impact of lactate inclusion in the multivariate model. psis-2 criteria, while it was not significant for Sepsis-3. Table 2 Multivariate models using ICU death as a dependent variable and sepsis definition and lactate as independent variables This analysis was performed using a binary logistic regression."", ""effect_size"": ""Table 2 shows the associations of sepsis definitions with mortality and the additional impact of lactate inclusion in the multivariate model. psis-2 criteria, while it was not significant for Sepsis-3. Table 2 Multivariate models using ICU death as a dependent variable and sepsis definition and lactate as independent variables This analysis was performed using a binary logistic regression. The first model used lactate as a continuous variable (after logarithmic transformation in order to correct the positive skewness); the second and third models used lactate as a categorical variable Lactate > 2 mmol/L represents all patients with lactate > 2 mmol/L, including those with lactate > 4 mmol/L"", ""performance"": ""Table 2 shows the associations of sepsis definitions with mortality and the additional impact of lactate inclusion in the multivariate model. psis-2 criteria, while it was not significant for Sepsis-3. Table 2 Multivariate models using ICU death as a dependent variable and sepsis definition and lactate as independent variables This analysis was performed using a binary logistic regression. The first model used lactate as a continuous variable (after logarithmic transformation in order to correct the positive skewness); the second and third models used lactate as a categorical variable Lactate > 2 mmol/L represents all patients with lactate > 2 mmol/L, including those with lactate > 4 mmol/L""}",partial,"Review fields: effect_size, performance.","What predictors, biomarkers, severity scores, statistical methods, effect sizes, and model performance metrics are reported for mortality estimation in sepsis?",35.5
Besen_2016,Patients admitted to ICU with sepsis,957,Sepsis-2 definition,ICU mortality,Not reported,Multivariate analysis using binary logistic regression,1.34 (1.22–1.44) for septic shock,Not reported,Sepsis-2 definitions were less accurate than Sepsis-3.,Besen_2016.pdf,6,Besen_2016:p6:c2,file:///Users/mikitabianko/dev/sandbox/SepsisAtlasHackathon/articles/Besen_2016.pdf#page=6,Sepsis-2 model Sepsis 1 Reference 1 Reference 1 Reference Severe sepsis 1.06 (0.97–1.16) 0.322 1.03 (1.01–1.19) 0.500 1.04 (0.95–1.19) 0.342 Septic shock 1.34 (1.22–1.44) <0.001,"{""population"": ""The aim of this study was to assess the new criteria’s accuracy in stratifying mortality as compared to its predecessor (Sepsis-2) in a Brazilian public intensive care unit (ICU) and to investigate whether the addition of lactate values would improve stratification. Methods: Retrospective cohort study conducted between 2010 and 2015 in a public university’s 19-bed ICU. Data from patients admitted to the ICU with sepsis were retrieved from a prospectively collected database."", ""sample_size"": ""arge within the first 48 h of ICU—n (%): 85 (9) - **Whole group (N = 957)** - ICU Length of stay—days: 5 [4, 11] - ICU mortality—n (%): 311 (32) - Death within the first 48 h of ICU—n (%): 78 (8) - Discharge within the first 48 h of ICU—n (%): 85 (9) - **Survivors (N = 646)** - ICU Length of stay—days: 5 [4, 10] - ICU mortality—n (%): 0 (0) - Death within the first 48 h of ICU—n (%): 0 (0) - Discharge within the first 48 h of ICU—n (%): 85 (13) - **Non-survivors (N = 311)** - ICU Length of stay—days: 6 [3, 13] - ICU mortality—n (%): 311 (100) - Death within the first 48 h of ICU—n (%): 78 (25) - Discharge within the first 48 h of ICU—n (%): 0 (0) - **P value** - ICU Length of stay: 0.994 - I"", ""predictor"": ""Methods: Retrospective cohort study conducted between 2010 and 2015 in a public university’s 19-bed ICU. Data from patients admitted to the ICU with sepsis were retrieved from a prospectively collected database. ICU mortality was compared across categories of both Sepsis-2 definitions (sepsis, severe sepsis and septic shock) and Sepsis-3 definitions (infection, sepsis and septic shock)."", ""outcome"": ""arge within the first 48 h of ICU—n (%): 85 (9) - **Whole group (N = 957)** - ICU Length of stay—days: 5 [4, 11] - ICU mortality—n (%): 311 (32) - Death within the first 48 h of ICU—n (%): 78 (8) - Discharge within the first 48 h of ICU—n (%): 85 (9) - **Survivors (N = 646)** - ICU Length of stay—days: 5 [4, 10] - ICU mortality—n (%): 0 (0) - Death within the first 48 h of ICU—n (%): 0 (0) - Discharge within the first 48 h of ICU—n (%): 85 (13) - **Non-survivors (N = 311)** - ICU Length of stay—days: 6 [3, 13] - ICU mortality—n (%): 311 (100) - Death within the first 48 h of ICU—n (%): 78 (25) - Discharge within the first 48 h of ICU—n (%): 0 (0) - **P value** - ICU Length of stay: 0.994 - I"", ""method"": ""In comparison, lactate levels >4 mmol/L clearly marked increased mortality in both the severe sepsis and septic shock categories of Sepsis-2 and in the no-dysfunction and septic shock categories of Sepsis-3. Table 2 shows the associations of sepsis definitions with mortality and the additional impact of lactate inclusion in the multivariate model. psis-2 criteria, while it was not significant for Sepsis-3. Table 2 Multivariate models using ICU death as a dependent variable and sepsis definition and lactate as independent variables This analysis was performed using a binary logistic regression."", ""effect_size"": ""Table 2 shows the associations of sepsis definitions with mortality and the additional impact of lactate inclusion in the multivariate model. psis-2 criteria, while it was not significant for Sepsis-3. Table 2 Multivariate models using ICU death as a dependent variable and sepsis definition and lactate as independent variables This analysis was performed using a binary logistic regression. The first model used lactate as a continuous variable (after logarithmic transformation in order to correct the positive skewness); the second and third models used lactate as a categorical variable Lactate > 2 mmol/L represents all patients with lactate > 2 mmol/L, including those with lactate > 4 mmol/L""}",partial,Review fields: effect_size.,"What predictors, biomarkers, severity scores, statistical methods, effect sizes, and model performance metrics are reported for mortality estimation in sepsis?",35.5
Besen_2016,Patients admitted to ICU with sepsis,957,Sepsis-3 definition,ICU mortality,Not reported,Multivariate analysis using binary logistic regression,3.70 (1.75–9.12) for sepsis; 6.21 (2.94–15.27) for septic shock,AUC 0.732 (0.698–0.766),Sepsis-3 definitions were superior to Sepsis-2 in stratifying mortality.,Besen_2016.pdf,6,Besen_2016:p6:c2,file:///Users/mikitabianko/dev/sandbox/SepsisAtlasHackathon/articles/Besen_2016.pdf#page=6,"Multivariate models using ICU death as a dependent variable and Sepsis-3 definition, lactate, age, SAPS 3 and requirement for RRT and mechanical ventilation as independent variables","{""population"": ""The aim of this study was to assess the new criteria’s accuracy in stratifying mortality as compared to its predecessor (Sepsis-2) in a Brazilian public intensive care unit (ICU) and to investigate whether the addition of lactate values would improve stratification. Methods: Retrospective cohort study conducted between 2010 and 2015 in a public university’s 19-bed ICU. Data from patients admitted to the ICU with sepsis were retrieved from a prospectively collected database."", ""sample_size"": ""arge within the first 48 h of ICU—n (%): 85 (9) - **Whole group (N = 957)** - ICU Length of stay—days: 5 [4, 11] - ICU mortality—n (%): 311 (32) - Death within the first 48 h of ICU—n (%): 78 (8) - Discharge within the first 48 h of ICU—n (%): 85 (9) - **Survivors (N = 646)** - ICU Length of stay—days: 5 [4, 10] - ICU mortality—n (%): 0 (0) - Death within the first 48 h of ICU—n (%): 0 (0) - Discharge within the first 48 h of ICU—n (%): 85 (13) - **Non-survivors (N = 311)** - ICU Length of stay—days: 6 [3, 13] - ICU mortality—n (%): 311 (100) - Death within the first 48 h of ICU—n (%): 78 (25) - Discharge within the first 48 h of ICU—n (%): 0 (0) - **P value** - ICU Length of stay: 0.994 - I"", ""predictor"": ""Besen et al. Ann. Intensive Care (2016) 6:107 DOI 10.1186/s13613-016-0204-y RESEARCH Sepsis‑3 definitions predict ICU mortality in a low–middle‑income country Bruno Adler Maccagnan Pinheiro Besen1,2*, Thiago Gomes Romano3,4, Antonio Paulo Nassar Jr.1,5, Leandro Utino Taniguchi1,3, Luciano Cesar Pontes Azevedo1,3, Pedro Vitale Mendes1,3, Fernando Godinho Zampieri6,7 and Marcelo Park1 Abstract Background: Sepsis-3 definitions were published recently and validated only in high-income countries."", ""outcome"": ""arge within the first 48 h of ICU—n (%): 85 (9) - **Whole group (N = 957)** - ICU Length of stay—days: 5 [4, 11] - ICU mortality—n (%): 311 (32) - Death within the first 48 h of ICU—n (%): 78 (8) - Discharge within the first 48 h of ICU—n (%): 85 (9) - **Survivors (N = 646)** - ICU Length of stay—days: 5 [4, 10] - ICU mortality—n (%): 0 (0) - Death within the first 48 h of ICU—n (%): 0 (0) - Discharge within the first 48 h of ICU—n (%): 85 (13) - **Non-survivors (N = 311)** - ICU Length of stay—days: 6 [3, 13] - ICU mortality—n (%): 311 (100) - Death within the first 48 h of ICU—n (%): 78 (25) - Discharge within the first 48 h of ICU—n (%): 0 (0) - **P value** - ICU Length of stay: 0.994 - I"", ""method"": ""In comparison, lactate levels >4 mmol/L clearly marked increased mortality in both the severe sepsis and septic shock categories of Sepsis-2 and in the no-dysfunction and septic shock categories of Sepsis-3. Table 2 shows the associations of sepsis definitions with mortality and the additional impact of lactate inclusion in the multivariate model. psis-2 criteria, while it was not significant for Sepsis-3. Table 2 Multivariate models using ICU death as a dependent variable and sepsis definition and lactate as independent variables This analysis was performed using a binary logistic regression."", ""effect_size"": ""Table 2 shows the associations of sepsis definitions with mortality and the additional impact of lactate inclusion in the multivariate model. psis-2 criteria, while it was not significant for Sepsis-3. Table 2 Multivariate models using ICU death as a dependent variable and sepsis definition and lactate as independent variables This analysis was performed using a binary logistic regression. The first model used lactate as a continuous variable (after logarithmic transformation in order to correct the positive skewness); the second and third models used lactate as a categorical variable Lactate > 2 mmol/L represents all patients with lactate > 2 mmol/L, including those with lactate > 4 mmol/L"", ""performance"": ""Table 2 shows the associations of sepsis definitions with mortality and the additional impact of lactate inclusion in the multivariate model. psis-2 criteria, while it was not significant for Sepsis-3. Table 2 Multivariate models using ICU death as a dependent variable and sepsis definition and lactate as independent variables This analysis was performed using a binary logistic regression. The first model used lactate as a continuous variable (after logarithmic transformation in order to correct the positive skewness); the second and third models used lactate as a categorical variable Lactate > 2 mmol/L represents all patients with lactate > 2 mmol/L, including those with lactate > 4 mmol/L""}",partial,"Review fields: effect_size, performance.","What predictors, biomarkers, severity scores, statistical methods, effect sizes, and model performance metrics are reported for mortality estimation in sepsis?",35.5
Chen_2021,ICU patients,3776,serum phosphate,28-day ICU mortality,at ICU admission,multivariable Cox regression,"HR=0.87, 95% CI 0.77 to 0.98, p=0.0243",Not reported,Beneficial effect on mortality for G4,Chen_2021.pdf,4,p4:c3,file:///Users/mikitabianko/dev/sandbox/SepsisAtlasHackathon/articles/Chen_2021.pdf#page=4,"we found that the G4 had a beneficial effect on the 28-­day ICU mortality (HR=0.87, 95% CI 0.77 to 0.98, p=0.0243, adjusted by model 2)","{""population"": ""8 Chen Y, et al. BMJ Open 2021;11:e044473. doi:10.1136/bmjopen-2020-044473 Open access\b and hyperphosphataemia at ICU admission were not the independent risk factors of 28 or 90-­day mortality for general critically ill patients. This might be due to the difference in conditions between ICU patients and regular hospitalised patients."", ""sample_size"": ""Also, the patients of G6 had higher usage of mechanical ventilation (44.27%) or renal replacement therapy (1.89%) or vasopressor (32.96%). The detail was shown in table 1. ICU outcomes of the study population Overall, 3776 patients (13.92%) of the study population died within 28 days after ICU admission."", ""predictor"": ""However, after adjusted by the model 2, the associations were no statistical significant. Besides, we found that the G4 had a beneficial effect on the 28-­day ICU mortality (HR=0.87, 95% CI 0.77 to 0.98, p=0.0243, adjusted by model 2). The relationship between serum phosphate and 90-­day ICU mortality had a similar pattern to that of 28-­day ICU mortality, with increased risk for events in patients of G5 and G6 with a non-­adjusted HR (G5: HR=1.31, 95% CI 1.18 to 1.46, p<0.0001; G6: HR=2.32, 95% CI 2.12 to 2.54, p<0.0001, respectively)."", ""outcome"": ""d by model 1). However, after adjusted by the model 2, the associations were no statistical significant. Besides, we found that the G4 had a beneficial effect on the 28-­day ICU mortality (HR=0.87, 95% CI 0.77 to 0.98, p=0.0243, adjusted by model 2)."", ""timing"": ""10.1136/bmjopen-2020-044473 on BMJ Open: first published as [OpenRouter vision/OCR extraction from page image] **Visual/OCR-derived:** **Table 9: Multivariate Cox regression analyses** | Outcomes | 28-day mortality, HR (95% CI) | P value | |------------------------------|-------------------------------|----------| | Noted | 1.15 (1.00 to 1.32) | 0.0481 | | Model 1 | 0.94 (0.79 to 1.14) | 0.5065 | | Model 2 | 0.71 (0.54 to 0.93) | 0.0141 | | Model 3 | 0.98 (0.78 to 1.10) | 0.7104 | | Non-mortality | 1.11 (0.99 to 1.25) | 0.0751 | | Model 1 | 1.13 (1.01 to 1.27) | 0.0262 | **Footnotes:** - HR: Hazard Ratio; CI: Confidence Interval; ICU: Intensive Care Unit. 3 Chen Y, et al. BMJ Open 2021;11:e0"", ""method"": ""However, after adjusted by the Model2, the associations were no statistical significant. The detailed results are shown in table 3. As shown in table 4, at the different ICU departments, the multivariable Cox regression analyses showed that the estimates of the association between serum phosphate and 28 or 90-­day ICU mortality were broadly consistent."", ""effect_size"": ""d by model 1). However, after adjusted by the model 2, the associations were no statistical significant. Besides, we found that the G4 had a beneficial effect on the 28-­day ICU mortality (HR=0.87, 95% CI 0.77 to 0.98, p=0.0243, adjusted by model 2).""}",partial,Review fields: timing.,"What predictors, biomarkers, severity scores, statistical methods, effect sizes, and model performance metrics are reported for mortality estimation in sepsis?",23.0
Chen_2021,ICU patients,3776,serum phosphate,90-day ICU mortality,at ICU admission,multivariable Cox regression,"HR=2.32, 95% CI 2.12 to 2.54, p<0.0001 (G6)",Not reported,Increased risk for G6,Chen_2021.pdf,4,p4:c3,file:///Users/mikitabianko/dev/sandbox/SepsisAtlasHackathon/articles/Chen_2021.pdf#page=4,"G6: HR=2.32, 95% CI 2.12 to 2.54, p<0.0001","{""population"": ""8 Chen Y, et al. BMJ Open 2021;11:e044473. doi:10.1136/bmjopen-2020-044473 Open access\b and hyperphosphataemia at ICU admission were not the independent risk factors of 28 or 90-­day mortality for general critically ill patients. This might be due to the difference in conditions between ICU patients and regular hospitalised patients."", ""sample_size"": ""Also, the patients of G6 had higher usage of mechanical ventilation (44.27%) or renal replacement therapy (1.89%) or vasopressor (32.96%). The detail was shown in table 1. ICU outcomes of the study population Overall, 3776 patients (13.92%) of the study population died within 28 days after ICU admission."", ""predictor"": ""However, after adjusted by the model 2, the associations were no statistical significant. Besides, we found that the G4 had a beneficial effect on the 28-­day ICU mortality (HR=0.87, 95% CI 0.77 to 0.98, p=0.0243, adjusted by model 2). The relationship between serum phosphate and 90-­day ICU mortality had a similar pattern to that of 28-­day ICU mortality, with increased risk for events in patients of G5 and G6 with a non-­adjusted HR (G5: HR=1.31, 95% CI 1.18 to 1.46, p<0.0001; G6: HR=2.32, 95% CI 2.12 to 2.54, p<0.0001, respectively)."", ""outcome"": ""However, after adjusted by the model 2, the associations were no statistical significant. Besides, we found that the G4 had a beneficial effect on the 28-­day ICU mortality (HR=0.87, 95% CI 0.77 to 0.98, p=0.0243, adjusted by model 2). The relationship between serum phosphate and 90-­day ICU mortality had a similar pattern to that of 28-­day ICU mortality, with increased risk for events in patients of G5 and G6 with a non-­adjusted HR (G5: HR=1.31, 95% CI 1.18 to 1.46, p<0.0001; G6: HR=2.32, 95% CI 2.12 to 2.54, p<0.0001, respectively)."", ""timing"": ""10.1136/bmjopen-2020-044473 on BMJ Open: first published as [OpenRouter vision/OCR extraction from page image] **Visual/OCR-derived:** **Table 9: Multivariate Cox regression analyses** | Outcomes | 28-day mortality, HR (95% CI) | P value | |------------------------------|-------------------------------|----------| | Noted | 1.15 (1.00 to 1.32) | 0.0481 | | Model 1 | 0.94 (0.79 to 1.14) | 0.5065 | | Model 2 | 0.71 (0.54 to 0.93) | 0.0141 | | Model 3 | 0.98 (0.78 to 1.10) | 0.7104 | | Non-mortality | 1.11 (0.99 to 1.25) | 0.0751 | | Model 1 | 1.13 (1.01 to 1.27) | 0.0262 | **Footnotes:** - HR: Hazard Ratio; CI: Confidence Interval; ICU: Intensive Care Unit. 3 Chen Y, et al. BMJ Open 2021;11:e0"", ""method"": ""However, after adjusted by the Model2, the associations were no statistical significant. The detailed results are shown in table 3. As shown in table 4, at the different ICU departments, the multivariable Cox regression analyses showed that the estimates of the association between serum phosphate and 28 or 90-­day ICU mortality were broadly consistent."", ""effect_size"": ""However, after adjusted by the model 2, the associations were no statistical significant. Besides, we found that the G4 had a beneficial effect on the 28-­day ICU mortality (HR=0.87, 95% CI 0.77 to 0.98, p=0.0243, adjusted by model 2). The relationship between serum phosphate and 90-­day ICU mortality had a similar pattern to that of 28-­day ICU mortality, with increased risk for events in patients of G5 and G6 with a non-­adjusted HR (G5: HR=1.31, 95% CI 1.18 to 1.46, p<0.0001; G6: HR=2.32, 95% CI 2.12 to 2.54, p<0.0001, respectively).""}",partial,Review fields: timing.,"What predictors, biomarkers, severity scores, statistical methods, effect sizes, and model performance metrics are reported for mortality estimation in sepsis?",23.0
Chen_2021,ICU patients,3776,serum phosphate,28-day ICU mortality,at ICU admission,multivariable Cox regression,"HR=1.31, 95% CI 1.18 to 1.46, p<0.0001 (G5)",Not reported,Increased risk for G5,Chen_2021.pdf,4,p4:c3,file:///Users/mikitabianko/dev/sandbox/SepsisAtlasHackathon/articles/Chen_2021.pdf#page=4,"G5: HR=1.31, 95% CI 1.18 to 1.46, p<0.0001","{""population"": ""8 Chen Y, et al. BMJ Open 2021;11:e044473. doi:10.1136/bmjopen-2020-044473 Open access\b and hyperphosphataemia at ICU admission were not the independent risk factors of 28 or 90-­day mortality for general critically ill patients. This might be due to the difference in conditions between ICU patients and regular hospitalised patients."", ""sample_size"": ""Also, the patients of G6 had higher usage of mechanical ventilation (44.27%) or renal replacement therapy (1.89%) or vasopressor (32.96%). The detail was shown in table 1. ICU outcomes of the study population Overall, 3776 patients (13.92%) of the study population died within 28 days after ICU admission."", ""predictor"": ""However, after adjusted by the model 2, the associations were no statistical significant. Besides, we found that the G4 had a beneficial effect on the 28-­day ICU mortality (HR=0.87, 95% CI 0.77 to 0.98, p=0.0243, adjusted by model 2). The relationship between serum phosphate and 90-­day ICU mortality had a similar pattern to that of 28-­day ICU mortality, with increased risk for events in patients of G5 and G6 with a non-­adjusted HR (G5: HR=1.31, 95% CI 1.18 to 1.46, p<0.0001; G6: HR=2.32, 95% CI 2.12 to 2.54, p<0.0001, respectively)."", ""outcome"": ""d by model 1). However, after adjusted by the model 2, the associations were no statistical significant. Besides, we found that the G4 had a beneficial effect on the 28-­day ICU mortality (HR=0.87, 95% CI 0.77 to 0.98, p=0.0243, adjusted by model 2)."", ""timing"": ""10.1136/bmjopen-2020-044473 on BMJ Open: first published as [OpenRouter vision/OCR extraction from page image] **Visual/OCR-derived:** **Table 9: Multivariate Cox regression analyses** | Outcomes | 28-day mortality, HR (95% CI) | P value | |------------------------------|-------------------------------|----------| | Noted | 1.15 (1.00 to 1.32) | 0.0481 | | Model 1 | 0.94 (0.79 to 1.14) | 0.5065 | | Model 2 | 0.71 (0.54 to 0.93) | 0.0141 | | Model 3 | 0.98 (0.78 to 1.10) | 0.7104 | | Non-mortality | 1.11 (0.99 to 1.25) | 0.0751 | | Model 1 | 1.13 (1.01 to 1.27) | 0.0262 | **Footnotes:** - HR: Hazard Ratio; CI: Confidence Interval; ICU: Intensive Care Unit. 3 Chen Y, et al. BMJ Open 2021;11:e0"", ""method"": ""However, after adjusted by the Model2, the associations were no statistical significant. The detailed results are shown in table 3. As shown in table 4, at the different ICU departments, the multivariable Cox regression analyses showed that the estimates of the association between serum phosphate and 28 or 90-­day ICU mortality were broadly consistent."", ""effect_size"": ""However, after adjusted by the model 2, the associations were no statistical significant. Besides, we found that the G4 had a beneficial effect on the 28-­day ICU mortality (HR=0.87, 95% CI 0.77 to 0.98, p=0.0243, adjusted by model 2). The relationship between serum phosphate and 90-­day ICU mortality had a similar pattern to that of 28-­day ICU mortality, with increased risk for events in patients of G5 and G6 with a non-­adjusted HR (G5: HR=1.31, 95% CI 1.18 to 1.46, p<0.0001; G6: HR=2.32, 95% CI 2.12 to 2.54, p<0.0001, respectively).""}",partial,Review fields: timing.,"What predictors, biomarkers, severity scores, statistical methods, effect sizes, and model performance metrics are reported for mortality estimation in sepsis?",23.0
Chen_2021,ICU patients,3776,serum phosphate,28-day ICU mortality,at ICU admission,multivariable Cox regression,"HR=1.15, 95% CI 1.00 to 1.32, p=0.0481 (G1)",Not reported,Increased risk for G1,Chen_2021.pdf,4,p4:c2,file:///Users/mikitabianko/dev/sandbox/SepsisAtlasHackathon/articles/Chen_2021.pdf#page=4,"G1: HR=1.15, 95% CI 1.00 to 1.32, p=0.0481","{""population"": ""8 Chen Y, et al. BMJ Open 2021;11:e044473. doi:10.1136/bmjopen-2020-044473 Open access\b and hyperphosphataemia at ICU admission were not the independent risk factors of 28 or 90-­day mortality for general critically ill patients. This might be due to the difference in conditions between ICU patients and regular hospitalised patients."", ""sample_size"": ""Also, the patients of G6 had higher usage of mechanical ventilation (44.27%) or renal replacement therapy (1.89%) or vasopressor (32.96%). The detail was shown in table 1. ICU outcomes of the study population Overall, 3776 patients (13.92%) of the study population died within 28 days after ICU admission."", ""predictor"": ""However, after adjusted by the model 2, the associations were no statistical significant. Besides, we found that the G4 had a beneficial effect on the 28-­day ICU mortality (HR=0.87, 95% CI 0.77 to 0.98, p=0.0243, adjusted by model 2). The relationship between serum phosphate and 90-­day ICU mortality had a similar pattern to that of 28-­day ICU mortality, with increased risk for events in patients of G5 and G6 with a non-­adjusted HR (G5: HR=1.31, 95% CI 1.18 to 1.46, p<0.0001; G6: HR=2.32, 95% CI 2.12 to 2.54, p<0.0001, respectively)."", ""outcome"": ""d by model 1). However, after adjusted by the model 2, the associations were no statistical significant. Besides, we found that the G4 had a beneficial effect on the 28-­day ICU mortality (HR=0.87, 95% CI 0.77 to 0.98, p=0.0243, adjusted by model 2)."", ""timing"": ""10.1136/bmjopen-2020-044473 on BMJ Open: first published as [OpenRouter vision/OCR extraction from page image] **Visual/OCR-derived:** **Table 9: Multivariate Cox regression analyses** | Outcomes | 28-day mortality, HR (95% CI) | P value | |------------------------------|-------------------------------|----------| | Noted | 1.15 (1.00 to 1.32) | 0.0481 | | Model 1 | 0.94 (0.79 to 1.14) | 0.5065 | | Model 2 | 0.71 (0.54 to 0.93) | 0.0141 | | Model 3 | 0.98 (0.78 to 1.10) | 0.7104 | | Non-mortality | 1.11 (0.99 to 1.25) | 0.0751 | | Model 1 | 1.13 (1.01 to 1.27) | 0.0262 | **Footnotes:** - HR: Hazard Ratio; CI: Confidence Interval; ICU: Intensive Care Unit. 3 Chen Y, et al. BMJ Open 2021;11:e0"", ""method"": ""However, after adjusted by the Model2, the associations were no statistical significant. The detailed results are shown in table 3. As shown in table 4, at the different ICU departments, the multivariable Cox regression analyses showed that the estimates of the association between serum phosphate and 28 or 90-­day ICU mortality were broadly consistent."", ""effect_size"": ""The detail was shown in figure 3. Associations between serum phosphate and clinical outcomes The multivariable Cox regression analyses were used to indicate the relationship between serum phosphate levels and all-­cause 28 or 90-­day ICU mortality. Compared with patients of G2, patients of G1, G5 and G6 had increased 28-­day ICU mortality with a non-­adjusted HR (G1: HR=1.15, 95% CI 1.00 to 1.32, p=0.0481; G5: HR=1.34, 95% CI 1.18 to 1.52, p<0.0001; G6: HR=2.50, 95% CI 2.25 to 2.79, p<0.0001, respectively).""}",partial,Review fields: timing.,"What predictors, biomarkers, severity scores, statistical methods, effect sizes, and model performance metrics are reported for mortality estimation in sepsis?",23.0
Chen_2021,ICU patients,3776,serum phosphate,90-day ICU mortality,at ICU admission,multivariable Cox regression,"HR=1.51, 95% CI 1.06 to 2.19, p=0.0222",Not reported,Non-adjusted model for 90-day mortality,Chen_2021.pdf,10,p10:c3,file:///Users/mikitabianko/dev/sandbox/SepsisAtlasHackathon/articles/Chen_2021.pdf#page=10,"HR (95% CI) Model 1: 1.51 (1.06 to 2.19), p-value: 0.0222","{""population"": ""8 Chen Y, et al. BMJ Open 2021;11:e044473. doi:10.1136/bmjopen-2020-044473 Open access\b and hyperphosphataemia at ICU admission were not the independent risk factors of 28 or 90-­day mortality for general critically ill patients. This might be due to the difference in conditions between ICU patients and regular hospitalised patients."", ""sample_size"": ""Also, the patients of G6 had higher usage of mechanical ventilation (44.27%) or renal replacement therapy (1.89%) or vasopressor (32.96%). The detail was shown in table 1. ICU outcomes of the study population Overall, 3776 patients (13.92%) of the study population died within 28 days after ICU admission."", ""predictor"": ""However, after adjusted by the model 2, the associations were no statistical significant. Besides, we found that the G4 had a beneficial effect on the 28-­day ICU mortality (HR=0.87, 95% CI 0.77 to 0.98, p=0.0243, adjusted by model 2). The relationship between serum phosphate and 90-­day ICU mortality had a similar pattern to that of 28-­day ICU mortality, with increased risk for events in patients of G5 and G6 with a non-­adjusted HR (G5: HR=1.31, 95% CI 1.18 to 1.46, p<0.0001; G6: HR=2.32, 95% CI 2.12 to 2.54, p<0.0001, respectively)."", ""outcome"": ""However, after adjusted by the model 2, the associations were no statistical significant. Besides, we found that the G4 had a beneficial effect on the 28-­day ICU mortality (HR=0.87, 95% CI 0.77 to 0.98, p=0.0243, adjusted by model 2). The relationship between serum phosphate and 90-­day ICU mortality had a similar pattern to that of 28-­day ICU mortality, with increased risk for events in patients of G5 and G6 with a non-­adjusted HR (G5: HR=1.31, 95% CI 1.18 to 1.46, p<0.0001; G6: HR=2.32, 95% CI 2.12 to 2.54, p<0.0001, respectively)."", ""timing"": ""10.1136/bmjopen-2020-044473 on BMJ Open: first published as [OpenRouter vision/OCR extraction from page image] **Visual/OCR-derived:** **Table 9: Multivariate Cox regression analyses** | Outcomes | 28-day mortality, HR (95% CI) | P value | |------------------------------|-------------------------------|----------| | Noted | 1.15 (1.00 to 1.32) | 0.0481 | | Model 1 | 0.94 (0.79 to 1.14) | 0.5065 | | Model 2 | 0.71 (0.54 to 0.93) | 0.0141 | | Model 3 | 0.98 (0.78 to 1.10) | 0.7104 | | Non-mortality | 1.11 (0.99 to 1.25) | 0.0751 | | Model 1 | 1.13 (1.01 to 1.27) | 0.0262 | **Footnotes:** - HR: Hazard Ratio; CI: Confidence Interval; ICU: Intensive Care Unit. 3 Chen Y, et al. BMJ Open 2021;11:e0"", ""method"": ""However, after adjusted by the Model2, the associations were no statistical significant. The detailed results are shown in table 3. As shown in table 4, at the different ICU departments, the multivariable Cox regression analyses showed that the estimates of the association between serum phosphate and 28 or 90-­day ICU mortality were broadly consistent."", ""effect_size"": ""Besides, we found that the G4 had a beneficial effect on the 28-­day ICU mortality (HR=0.87, 95% CI 0.77 to 0.98, p=0.0243, adjusted by model 2). 0.5064 0.74 (0.50 to 1.09) 0.1303 0.80 (0.57 to 1.13) 0.2051 0.84 (0.60 to 1.19) 0.3367 0.73 (0.51 to 1.04) 0.0780 Continued Protected by copyright, including for uses related to text and data mining, AI training, and similar technologies. . by guest on May 3, 2026 http://bmjopen.bmj.com/ Downloaded from 6 September 2021. 10.1136/bmjopen-2020-044473 on BMJ Open: first published as [OpenRouter vision/OCR extraction from page image] **Visual/OCR-derived:** **Table 4: Multivariate Cox regression analyses stratified by different ICU departments** - **9""}",partial,Review fields: timing.,"What predictors, biomarkers, severity scores, statistical methods, effect sizes, and model performance metrics are reported for mortality estimation in sepsis?",23.0
Gai_2022,Patients with sepsis admitted to the ICU,72,Peak Systolic Velocity (PSV),Mortality,Within the first 24 hours of ICU admission,SMA ultrasound,Adjusted odds ratio = 0.295 (95% CI: 0.094–0.925),AUC = 0.99; sensitivity = 0.99; specificity = 0.96,Low PSV was found to be an independent risk factor and good predictor for mortality.,Gai_2022.pdf,5,Gai_2022:p5:c1,file:///Users/mikitabianko/dev/sandbox/SepsisAtlasHackathon/articles/Gai_2022.pdf#page=5,"the PSV (AUC = 0.99; sensitivity and specificity were 0.99 and 0.96, respectively) had good predictive value for mortality in sepsis.","{""population"": ""Although effective therapy is still lacking, the therapeutic approach that is selected considerably influences mortality risk. Therefore, in the present study we hypothesized that SMA ultrasound is an effective technique to predict mortality in patients with sepsis. Methods Study design and patients This case-control study involved patients with sepsis admitted to the ICU of Qinhuangdao Jungong Hospital from January 2020 to November 2020."", ""sample_size"": ""Ultrasound and clinical data were analyzed and compared between non-survivors and survivors. The ROC curve analysis was also performed to determine the best indicator for predicting mortality. Results A total of 72 patients with sepsis in ICU were included for analysis."", ""predictor"": ""The ROC curve analysis was also performed to determine the best indicator for predicting mortality. Results A total of 72 patients with sepsis in ICU were included for analysis. The basic characteristics between the survivals and non-survivals were similar, except for acute physiology and chronic health evaluation (APACHE) II score, sepsis-related organ failure assessment (SOFA) score, lactate level, ultrasound parameters from superior mesenteric artery (SMA) such as peak systolic velocity (PSV), end-diastolic velocity (EDV) and resistive index (RI)."", ""outcome"": ""In the fasting state, approximately 25% of the cardiac output depends on the splanchnic vascular area. Postprandially, blood flow into SMA is doubled or even tripled [20]. Although effective therapy is still lacking, the therapeutic approach that is selected considerably influences mortality risk."", ""timing"": ""Therefore, in the present study we hypothesized that SMA ultrasound is an effective technique to predict mortality in patients with sepsis. Methods Study design and patients This case-control study involved patients with sepsis admitted to the ICU of Qinhuangdao Jungong Hospital from January 2020 to November 2020. The inclusion criteria were as follows: 1) patients meeting the diagnostic Sepsis 3.0 Criteria, with or without the presence of septic shock (within 1 hour of ICU admission); and 2) available SMA ultrasound within the first 24 hours of ICU admission."", ""method"": ""Postprandially, blood flow into SMA is doubled or even tripled [20]. Although effective therapy is still lacking, the therapeutic approach that is selected considerably influences mortality risk. Therefore, in the present study we hypothesized that SMA ultrasound is an effective technique to predict mortality in patients with sepsis."", ""effect_size"": ""Results A total of 72 patients with sepsis in ICU were included for analysis. The basic characteristics between the survivals and non-survivals were similar, except for acute physiology and chronic health evaluation (APACHE) II score, sepsis-related organ failure assessment (SOFA) score, lactate level, ultrasound parameters from superior mesenteric artery (SMA) such as peak systolic velocity (PSV), end-diastolic velocity (EDV) and resistive index (RI). Univariate analysis revealed that the APACHE II score, SOFA score, lactate, low PSV, EDV, and RI were potential risk factors for mortality in sepsis, while multivariate analysis suggested that low PSV was an independent risk factor for mortali"", ""performance"": ""The basic characteristics between the survivals and non-survivals were similar, except for acute physiology and chronic health evaluation (APACHE) II score, sepsis-related organ failure assessment (SOFA) score, lactate level, ultrasound parameters from superior mesenteric artery (SMA) such as peak systolic velocity (PSV), end-diastolic velocity (EDV) and resistive index (RI). Univariate analysis revealed that the APACHE II score, SOFA score, lactate, low PSV, EDV, and RI were potential risk factors for mortality in sepsis, while multivariate analysis suggested that low PSV was an independent risk factor for mortality, and the adjusted odds ratio was 0.295 (95% CI: 0.094–0.925). The ROC analy""}",partial,"Review fields: effect_size, performance.","What predictors, biomarkers, severity scores, statistical methods, effect sizes, and model performance metrics are reported for mortality estimation in sepsis?",25.25
Holanda_2020,Obstetric patients with sepsis,155,Lactate levels >2mmol/L at the time of diagnosis,Mortality,At diagnosis,Bivariate analysis,RR=4.60; 95% CI: 1.05–20.07,Not reported,Lactate levels >2mmol/L were associated with a greater risk of death.,Holanda_2020.pdf,4,Holanda_2020:p4:c2,file:///Users/mikitabianko/dev/sandbox/SepsisAtlasHackathon/articles/Holanda_2020.pdf#page=4,Lactate levels >2 at the time of diagnosis (RR=4.60; 95% CI: 1.05–20.07),"{""population"": ""The risk factors for death were septic shock at the time of hospitalization (relative risk [RR]=3.45; 95% conﬁdence interval [CI]: 1.64–7.25), need for vasopressors during hospitalization (RR= 17.32; 95% CI: 4.20–71.36), lactate levels >2mmol/L at the time of diagnosis (RR=4.60; 95% CI: 1.05–20.07), and sequential organ failure assessment score >2 at the time of diagnosis (RR=5.97; 95% CI: 1.82–19.94). Following multiple logistic regression analysis, only the need for vasopressors during hospitalization remained as a risk factor associated with death (odds ratio [OR]=26.38; 95% CI: 5.87–118.51). The need for vasopressors during hospitalization is associated with death in obstetric patients w"", ""sample_size"": ""A signiﬁcance level of 5% was adopted. Risk factors for death in patients with sepsis were evaluated in a multivariate analysis. During the period analyzed, 155 patients with sepsis were identiﬁed and included in the study, representing 5.2% of all obstetric intensive care unit (ICU) admissions."", ""predictor"": ""During the period analyzed, 155 patients with sepsis were identiﬁed and included in the study, representing 5.2% of all obstetric intensive care unit (ICU) admissions. Of these, 14.2% (n=22) died. The risk factors for death were septic shock at the time of hospitalization (relative risk [RR]=3.45; 95% conﬁdence interval [CI]: 1.64–7.25), need for vasopressors during hospitalization (RR= 17.32; 95% CI: 4.20–71.36), lactate levels >2mmol/L at the time of diagnosis (RR=4.60; 95% CI: 1.05–20.07), and sequential organ failure assessment score >2 at the time of diagnosis (RR=5.97; 95% CI: 1.82–19.94)."", ""outcome"": ""Even when analyzed together, the presence of comorbidities was not associated with death. This ﬁnding contradicts the results of some other studies that have reported an association, particularly in cases of immunosuppression, malignancy, and chronic liver disease.[7,9] In the present study, some comorbidities (such as HIV infection, lupus erythematosus, and chronic kidney disease) were rare or absent, and the small sample size may have been responsible for this ﬁnding. The main source of infection was urinary tract infection (37.4%), unlike other studies in which genital and respiratory infections were those most commonly reported.[3,8,14,23] In spite of the high rate of infection, mortalit"", ""timing"": ""Antibiotic therapy was initiated within an hour of the diagnosis of sepsis in 45.6% of the cases, although 48% were already receiving antibiotics even before the diagnosis of sepsis (data not shown in table). Of the patients who died, there was a delay in the initiation of antibiotic therapy (begun over an hour after diagnosis) in 59.1% of cases (Table 3). The mean lactate level at diagnosis in the patients who survived was 2.5mmol/L (SD= 2.1) compared with 6.2mmol/L (SD=5.2) in those who died, a difference that was statistically signiﬁcant (P=.05) (Table 3)."", ""method"": "".9% received vasopressor drugs during hospitalization. Both situations were signiﬁcantly associated with death in the bivariate analysis; however, only the need for vasopressors in hospital remained associated with death in the multivariate analysis."", ""effect_size"": ""During the period analyzed, 155 patients with sepsis were identiﬁed and included in the study, representing 5.2% of all obstetric intensive care unit (ICU) admissions. Of these, 14.2% (n=22) died. The risk factors for death were septic shock at the time of hospitalization (relative risk [RR]=3.45; 95% conﬁdence interval [CI]: 1.64–7.25), need for vasopressors during hospitalization (RR= 17.32; 95% CI: 4.20–71.36), lactate levels >2mmol/L at the time of diagnosis (RR=4.60; 95% CI: 1.05–20.07), and sequential organ failure assessment score >2 at the time of diagnosis (RR=5.97; 95% CI: 1.82–19.94).""}",partial,Review fields: outcome.,"What predictors, biomarkers, severity scores, statistical methods, effect sizes, and model performance metrics are reported for mortality estimation in sepsis?",31.75
Holanda_2020,Obstetric patients with sepsis,155,Need for vasopressors during hospitalization,Mortality,During hospitalization,Logistic regression analysis,OR=26.38; 95% CI: 5.87–118.51,Not reported,Only the need for vasopressors remained associated with death after multivariate analysis.,Holanda_2020.pdf,5,Holanda_2020:p4:c1,file:///Users/mikitabianko/dev/sandbox/SepsisAtlasHackathon/articles/Holanda_2020.pdf#page=5,"Following multiple logistic regression analysis, only the need for vasopressors during hospitalization remained as a risk factor associated with death (odds ratio [OR]=26.38; 95% CI: 5.87–118.51).","{""population"": ""The risk factors for death were septic shock at the time of hospitalization (relative risk [RR]=3.45; 95% conﬁdence interval [CI]: 1.64–7.25), need for vasopressors during hospitalization (RR= 17.32; 95% CI: 4.20–71.36), lactate levels >2mmol/L at the time of diagnosis (RR=4.60; 95% CI: 1.05–20.07), and sequential organ failure assessment score >2 at the time of diagnosis (RR=5.97; 95% CI: 1.82–19.94). Following multiple logistic regression analysis, only the need for vasopressors during hospitalization remained as a risk factor associated with death (odds ratio [OR]=26.38; 95% CI: 5.87–118.51). The need for vasopressors during hospitalization is associated with death in obstetric patients w"", ""sample_size"": ""A signiﬁcance level of 5% was adopted. Risk factors for death in patients with sepsis were evaluated in a multivariate analysis. During the period analyzed, 155 patients with sepsis were identiﬁed and included in the study, representing 5.2% of all obstetric intensive care unit (ICU) admissions."", ""predictor"": ""Although no association was found between the initiation of antibiotic treatment and death, this is a cause for concern, since protocols for the treatment of sepsis stress the need to initiate antibiotic therapy within the ﬁrst hour. differences in pre-hospital management and the characteristics of the patients may also explain this difference. However, the study design (a retrospective analysis of medical records) prevented a more in-depth analysis of these variables from being conducted. Following logistic regression analysis, the only factor that remained associated with death was the need for vasopressors during hospitalization."", ""outcome"": ""Even when analyzed together, the presence of comorbidities was not associated with death. This ﬁnding contradicts the results of some other studies that have reported an association, particularly in cases of immunosuppression, malignancy, and chronic liver disease.[7,9] In the present study, some comorbidities (such as HIV infection, lupus erythematosus, and chronic kidney disease) were rare or absent, and the small sample size may have been responsible for this ﬁnding. The main source of infection was urinary tract infection (37.4%), unlike other studies in which genital and respiratory infections were those most commonly reported.[3,8,14,23] In spite of the high rate of infection, mortalit"", ""timing"": "".9% received vasopressor drugs during hospitalization. Both situations were signiﬁcantly associated with death in the bivariate analysis; however, only the need for vasopressors in hospital remained associated with death in the multivariate analysis."", ""method"": ""Although no association was found between the initiation of antibiotic treatment and death, this is a cause for concern, since protocols for the treatment of sepsis stress the need to initiate antibiotic therapy within the ﬁrst hour. differences in pre-hospital management and the characteristics of the patients may also explain this difference. However, the study design (a retrospective analysis of medical records) prevented a more in-depth analysis of these variables from being conducted. Following logistic regression analysis, the only factor that remained associated with death was the need for vasopressors during hospitalization."", ""effect_size"": ""Of these, 14.2% (n=22) died. The risk factors for death were septic shock at the time of hospitalization (relative risk [RR]=3.45; 95% conﬁdence interval [CI]: 1.64–7.25), need for vasopressors during hospitalization (RR= 17.32; 95% CI: 4.20–71.36), lactate levels >2mmol/L at the time of diagnosis (RR=4.60; 95% CI: 1.05–20.07), and sequential organ failure assessment score >2 at the time of diagnosis (RR=5.97; 95% CI: 1.82–19.94). Following multiple logistic regression analysis, only the need for vasopressors during hospitalization remained as a risk factor associated with death (odds ratio [OR]=26.38; 95% CI: 5.87–118.51).""}",partial,Review fields: outcome.,"What predictors, biomarkers, severity scores, statistical methods, effect sizes, and model performance metrics are reported for mortality estimation in sepsis?",31.75
Holanda_2020,Obstetric patients with sepsis,155,SOFA score >2 at the time of diagnosis,Mortality,At diagnosis,Bivariate analysis,RR=5.97; 95% CI: 1.82–19.94,Not reported,SOFA score >2 was associated with a greater risk of death.,Holanda_2020.pdf,4,Holanda_2020:p4:c2,file:///Users/mikitabianko/dev/sandbox/SepsisAtlasHackathon/articles/Holanda_2020.pdf#page=4,SOFA >2 at admission (RR=5.97; 95% CI: 1.82–19.94),"{""population"": ""The risk factors for death were septic shock at the time of hospitalization (relative risk [RR]=3.45; 95% conﬁdence interval [CI]: 1.64–7.25), need for vasopressors during hospitalization (RR= 17.32; 95% CI: 4.20–71.36), lactate levels >2mmol/L at the time of diagnosis (RR=4.60; 95% CI: 1.05–20.07), and sequential organ failure assessment score >2 at the time of diagnosis (RR=5.97; 95% CI: 1.82–19.94). Following multiple logistic regression analysis, only the need for vasopressors during hospitalization remained as a risk factor associated with death (odds ratio [OR]=26.38; 95% CI: 5.87–118.51). The need for vasopressors during hospitalization is associated with death in obstetric patients w"", ""sample_size"": ""A signiﬁcance level of 5% was adopted. Risk factors for death in patients with sepsis were evaluated in a multivariate analysis. During the period analyzed, 155 patients with sepsis were identiﬁed and included in the study, representing 5.2% of all obstetric intensive care unit (ICU) admissions."", ""predictor"": ""Of the patients who died, there was a delay in the initiation of antibiotic therapy (begun over an hour after diagnosis) in 59.1% of cases (Table 3). The mean lactate level at diagnosis in the patients who survived was 2.5mmol/L (SD= 2.1) compared with 6.2mmol/L (SD=5.2) in those who died, a difference that was statistically signiﬁcant (P=.05) (Table 3). The median SOFA score at the time of diagnosis was 6 (interquartile range [IQR] 4–9.5) in the patients who died and 2 (IQR 0–5) in those who survived, a difference that was also statistically signiﬁcant (P<.01)."", ""outcome"": ""Even when analyzed together, the presence of comorbidities was not associated with death. This ﬁnding contradicts the results of some other studies that have reported an association, particularly in cases of immunosuppression, malignancy, and chronic liver disease.[7,9] In the present study, some comorbidities (such as HIV infection, lupus erythematosus, and chronic kidney disease) were rare or absent, and the small sample size may have been responsible for this ﬁnding. The main source of infection was urinary tract infection (37.4%), unlike other studies in which genital and respiratory infections were those most commonly reported.[3,8,14,23] In spite of the high rate of infection, mortalit"", ""timing"": ""Antibiotic therapy was initiated within an hour of the diagnosis of sepsis in 45.6% of the cases, although 48% were already receiving antibiotics even before the diagnosis of sepsis (data not shown in table). Of the patients who died, there was a delay in the initiation of antibiotic therapy (begun over an hour after diagnosis) in 59.1% of cases (Table 3). The mean lactate level at diagnosis in the patients who survived was 2.5mmol/L (SD= 2.1) compared with 6.2mmol/L (SD=5.2) in those who died, a difference that was statistically signiﬁcant (P=.05) (Table 3)."", ""method"": "".9% received vasopressor drugs during hospitalization. Both situations were signiﬁcantly associated with death in the bivariate analysis; however, only the need for vasopressors in hospital remained associated with death in the multivariate analysis."", ""effect_size"": ""During the period analyzed, 155 patients with sepsis were identiﬁed and included in the study, representing 5.2% of all obstetric intensive care unit (ICU) admissions. Of these, 14.2% (n=22) died. The risk factors for death were septic shock at the time of hospitalization (relative risk [RR]=3.45; 95% conﬁdence interval [CI]: 1.64–7.25), need for vasopressors during hospitalization (RR= 17.32; 95% CI: 4.20–71.36), lactate levels >2mmol/L at the time of diagnosis (RR=4.60; 95% CI: 1.05–20.07), and sequential organ failure assessment score >2 at the time of diagnosis (RR=5.97; 95% CI: 1.82–19.94).""}",partial,Review fields: outcome.,"What predictors, biomarkers, severity scores, statistical methods, effect sizes, and model performance metrics are reported for mortality estimation in sepsis?",31.75
Holanda_2020,Obstetric patients with sepsis,155,Septic shock at admission,Mortality,At admission,Bivariate analysis,RR=3.45; 95% CI: 1.64–7.25,Not reported,Septic shock at admission was associated with a higher risk of death.,Holanda_2020.pdf,4,Holanda_2020:p4:c2,file:///Users/mikitabianko/dev/sandbox/SepsisAtlasHackathon/articles/Holanda_2020.pdf#page=4,Septic shock at admission (RR=3.45; 95% CI: 1.64–7.25),"{""population"": ""The risk factors for death were septic shock at the time of hospitalization (relative risk [RR]=3.45; 95% conﬁdence interval [CI]: 1.64–7.25), need for vasopressors during hospitalization (RR= 17.32; 95% CI: 4.20–71.36), lactate levels >2mmol/L at the time of diagnosis (RR=4.60; 95% CI: 1.05–20.07), and sequential organ failure assessment score >2 at the time of diagnosis (RR=5.97; 95% CI: 1.82–19.94). Following multiple logistic regression analysis, only the need for vasopressors during hospitalization remained as a risk factor associated with death (odds ratio [OR]=26.38; 95% CI: 5.87–118.51). The need for vasopressors during hospitalization is associated with death in obstetric patients w"", ""sample_size"": ""A signiﬁcance level of 5% was adopted. Risk factors for death in patients with sepsis were evaluated in a multivariate analysis. During the period analyzed, 155 patients with sepsis were identiﬁed and included in the study, representing 5.2% of all obstetric intensive care unit (ICU) admissions."", ""predictor"": ""Following logistic regression analysis, the only factor that remained associated with death was the need for vasopressors during hospitalization. Lactate level and the SOFA score, which in the bivariate analysis were factors associated with a risk of death, did not remain associated with death following logistic regression analysis. These factors, in addition to septic shock at admission, may have been confounded by the need for vasopressors and there is probably collinearity with the need for these drugs during hospitalization, thus resulting in the elimination of other associated factors."", ""outcome"": ""Even when analyzed together, the presence of comorbidities was not associated with death. This ﬁnding contradicts the results of some other studies that have reported an association, particularly in cases of immunosuppression, malignancy, and chronic liver disease.[7,9] In the present study, some comorbidities (such as HIV infection, lupus erythematosus, and chronic kidney disease) were rare or absent, and the small sample size may have been responsible for this ﬁnding. The main source of infection was urinary tract infection (37.4%), unlike other studies in which genital and respiratory infections were those most commonly reported.[3,8,14,23] In spite of the high rate of infection, mortalit"", ""timing"": ""Following logistic regression analysis, the only factor that remained associated with death was the need for vasopressors during hospitalization. Lactate level and the SOFA score, which in the bivariate analysis were factors associated with a risk of death, did not remain associated with death following logistic regression analysis. These factors, in addition to septic shock at admission, may have been confounded by the need for vasopressors and there is probably collinearity with the need for these drugs during hospitalization, thus resulting in the elimination of other associated factors."", ""method"": "".9% received vasopressor drugs during hospitalization. Both situations were signiﬁcantly associated with death in the bivariate analysis; however, only the need for vasopressors in hospital remained associated with death in the multivariate analysis."", ""effect_size"": ""During the period analyzed, 155 patients with sepsis were identiﬁed and included in the study, representing 5.2% of all obstetric intensive care unit (ICU) admissions. Of these, 14.2% (n=22) died. The risk factors for death were septic shock at the time of hospitalization (relative risk [RR]=3.45; 95% conﬁdence interval [CI]: 1.64–7.25), need for vasopressors during hospitalization (RR= 17.32; 95% CI: 4.20–71.36), lactate levels >2mmol/L at the time of diagnosis (RR=4.60; 95% CI: 1.05–20.07), and sequential organ failure assessment score >2 at the time of diagnosis (RR=5.97; 95% CI: 1.82–19.94).""}",partial,Review fields: outcome.,"What predictors, biomarkers, severity scores, statistical methods, effect sizes, and model performance metrics are reported for mortality estimation in sepsis?",31.75
Kochkin_2021,Patients with refractory septic shock,79,Norepinephrine dose,Lethal outcomes,Measured within 24 hours after diagnosis of septic shock,ROC analysis,"AUC 0.989 [95% CI 0.934; 1.000], p < 0.001",Not reported,Norepinephrine dose is also a significant predictor of mortality.,Kochkin_2021.pdf,1,Kochkin_2021:p1:c3,file:///Users/mikitabianko/dev/sandbox/SepsisAtlasHackathon/articles/Kochkin_2021.pdf#page=1,"По результатам ROC-анализа, наряду с SOFA, значимым предиктором является и доза норадреналина (AUC 0,989 [95%-ный ДИ 0,934; 1,000], p < 0,001).","{""population"": ""y words: septic shock, predictors of lethality in septic shock, refractory shock For citations: Kochkin А.А., Yadgarov M.Ya., Berikashvili L.B., Perekhodov S.N., Likhvantsev V.V. Predictors of lethal outcomes in patients with refractory septic shock."", ""sample_size"": ""3, P. 30-35. (In Russ.) DOI: 10.21292/2078-5658-2021-18-330-35 РЕЗЮМЕ ABSTRACT Для корреспонденции: Кочкин Александр Александрович E-mail: favor2991@mail.ru Correspondence: Aleksandr A. Kochkin Email: favor2991@mail.ru Летальность от сепсиса и септического шока, несмотря на внедрение новых методик диагностики и лечения, и по сей день остается достаточно высокой, достигая 40% и более [5]. Данный аспект делает проблему улучшения результатов терапии сепсиса и септического шока одной из наиболее актуальных задач современной реаниматологии. С каждым годом увеличивается число публикаций, посвященных этой проблеме: на роль предполагаемых маркеров предлагаются среднее артериальное давление [9], вели"", ""predictor"": ""3, P. 30-35. (In Russ.) DOI: 10.21292/2078-5658-2021-18-330-35 РЕЗЮМЕ ABSTRACT Для корреспонденции: Кочкин Александр Александрович E-mail: favor2991@mail.ru Correspondence: Aleksandr A. Kochkin Email: favor2991@mail.ru Летальность от сепсиса и септического шока, несмотря на внедрение новых методик диагностики и лечения, и по сей день остается достаточно высокой, достигая 40% и более [5]. Данный аспект делает проблему улучшения результатов терапии сепсиса и септического шока одной из наиболее актуальных задач современной реаниматологии. С каждым годом увеличивается число публикаций, посвященных этой проблеме: на роль предполагаемых маркеров предлагаются среднее артериальное давление [9], вели"", ""outcome"": ""y words: septic shock, predictors of lethality in septic shock, refractory shock For citations: Kochkin А.А., Yadgarov M.Ya., Berikashvili L.B., Perekhodov S.N., Likhvantsev V.V. Predictors of lethal outcomes in patients with refractory septic shock."", ""timing"": ""Score of 11 predicts non-lethal outcome with sensitivity 94.3% and specificity 93.2%. **Figure 2: ROC curve - assessment of the significance of oxygenation index as a predictor of lethal outcomes** - SOFA: AUC = 0.984 [95% CI 0.964; 1.000], p < 0.001. - OR for SOFA: 1.626 [95% CI 1.313; 2.041], p < 0.001. **Table 1:** - 28-day mortality in patients with diabetes: 33.3%. **Table 3:** - Additional analysis of the severity of the disease: required norepinephrine dose, necessary for maintaining target arterial pressure. Not all details are visible; some values may be inferred from context. 3, 2021 степень органной дисфункции, оцениваемая по шкале SOFA [3, 12]. Наиболее тяжелым вариантом течения"", ""method"": ""Conclusion: The SOFA score is an independent predictor of lethality in adult patients with refractory septic shock (аdj. OR: 1.26 [95% CI: 1.313; 2.014], p < 0.001). According to the results of the ROC analysis, along with SOFA, norepinephrine dose was also a significant predictor (AUC 0.989 [95% CI 0.934; 1.000], p < 0.001)."", ""effect_size"": ""Conclusion: The SOFA score is an independent predictor of lethality in adult patients with refractory septic shock (аdj. OR: 1.26 [95% CI: 1.313; 2.014], p < 0.001). According to the results of the ROC analysis, along with SOFA, norepinephrine dose was also a significant predictor (AUC 0.989 [95% CI 0.934; 1.000], p < 0.001).""}",partial,"Review fields: sample_size, predictor, timing.","What predictors, biomarkers, severity scores, statistical methods, effect sizes, and model performance metrics are reported for mortality estimation in sepsis?",38.5
Kochkin_2021,Patients with refractory septic shock,79,SOFA score,Lethal outcomes,Measured within 24 hours after diagnosis of septic shock,Multivariate analysis,"adj. OR 1.626 [95% CI 1.313; 2.014], p < 0.001","AUC 0.989 [95% CI 0.934; 1.000], p < 0.001",SOFA score is an independent predictor of lethality.,Kochkin_2021.pdf,1,Kochkin_2021:p1:c3,file:///Users/mikitabianko/dev/sandbox/SepsisAtlasHackathon/articles/Kochkin_2021.pdf#page=1,"Оценка по шкале SOFA является независимым предиктором летальности у взрослых пациентов с рефрактерным септическим шоком (adj. OR: 1.626 [95% CI: 1.313; 2.014], p < 0.001).","{""population"": ""y words: septic shock, predictors of lethality in septic shock, refractory shock For citations: Kochkin А.А., Yadgarov M.Ya., Berikashvili L.B., Perekhodov S.N., Likhvantsev V.V. Predictors of lethal outcomes in patients with refractory septic shock."", ""sample_size"": ""3, P. 30-35. (In Russ.) DOI: 10.21292/2078-5658-2021-18-330-35 РЕЗЮМЕ ABSTRACT Для корреспонденции: Кочкин Александр Александрович E-mail: favor2991@mail.ru Correspondence: Aleksandr A. Kochkin Email: favor2991@mail.ru Летальность от сепсиса и септического шока, несмотря на внедрение новых методик диагностики и лечения, и по сей день остается достаточно высокой, достигая 40% и более [5]. Данный аспект делает проблему улучшения результатов терапии сепсиса и септического шока одной из наиболее актуальных задач современной реаниматологии. С каждым годом увеличивается число публикаций, посвященных этой проблеме: на роль предполагаемых маркеров предлагаются среднее артериальное давление [9], вели"", ""predictor"": ""3, P. 30-35. (In Russ.) DOI: 10.21292/2078-5658-2021-18-330-35 РЕЗЮМЕ ABSTRACT Для корреспонденции: Кочкин Александр Александрович E-mail: favor2991@mail.ru Correspondence: Aleksandr A. Kochkin Email: favor2991@mail.ru Летальность от сепсиса и септического шока, несмотря на внедрение новых методик диагностики и лечения, и по сей день остается достаточно высокой, достигая 40% и более [5]. Данный аспект делает проблему улучшения результатов терапии сепсиса и септического шока одной из наиболее актуальных задач современной реаниматологии. С каждым годом увеличивается число публикаций, посвященных этой проблеме: на роль предполагаемых маркеров предлагаются среднее артериальное давление [9], вели"", ""outcome"": ""y words: septic shock, predictors of lethality in septic shock, refractory shock For citations: Kochkin А.А., Yadgarov M.Ya., Berikashvili L.B., Perekhodov S.N., Likhvantsev V.V. Predictors of lethal outcomes in patients with refractory septic shock."", ""timing"": ""Score of 11 predicts non-lethal outcome with sensitivity 94.3% and specificity 93.2%. **Figure 2: ROC curve - assessment of the significance of oxygenation index as a predictor of lethal outcomes** - SOFA: AUC = 0.984 [95% CI 0.964; 1.000], p < 0.001. - OR for SOFA: 1.626 [95% CI 1.313; 2.041], p < 0.001. **Table 1:** - 28-day mortality in patients with diabetes: 33.3%. **Table 3:** - Additional analysis of the severity of the disease: required norepinephrine dose, necessary for maintaining target arterial pressure. Not all details are visible; some values may be inferred from context. 3, 2021 степень органной дисфункции, оцениваемая по шкале SOFA [3, 12]. Наиболее тяжелым вариантом течения"", ""method"": ""The predictive value of indicators was assessed using univariate and multivariate analyses. Results. In multivariate analysis, the only significant predictor of an unfavorable outcome was the SOFA score (adj."", ""effect_size"": ""Results. In multivariate analysis, the only significant predictor of an unfavorable outcome was the SOFA score (adj. OR: 1.626 [95% CI: 1.313; 2.014], p < 0.001)."", ""performance"": ""Conclusion: The SOFA score is an independent predictor of lethality in adult patients with refractory septic shock (аdj. OR: 1.26 [95% CI: 1.313; 2.014], p < 0.001). According to the results of the ROC analysis, along with SOFA, norepinephrine dose was also a significant predictor (AUC 0.989 [95% CI 0.934; 1.000], p < 0.001).""}",partial,"Review fields: sample_size, predictor, timing.","What predictors, biomarkers, severity scores, statistical methods, effect sizes, and model performance metrics are reported for mortality estimation in sepsis?",38.5
Koozi_2023,Adult patients fulfilling the Sepsis-3 criteria admitted to four general ICUs,1984,"Age, Immunosuppression, Glasgow Coma Scale, Body Temperature, C-reactive Protein, Bilirubin",30-day mortality,Upon ICU admission,Backward stepwise multivariate logistic regression,AUC 0.72 (95% CI 0.69–0.75),"Non-inferior to SAPS-3 (AUC 0.75, 95% CI 0.72–0.77) (p = 0.071)",SOFA had an AUC of 0.67 (95% CI 0.64–0.70) and was inferior to both SAPS-3 and the simple model.,Koozi_2023.pdf,1,Koozi_2023:p1:c2,file:///Users/mikitabianko/dev/sandbox/SepsisAtlasHackathon/articles/Koozi_2023.pdf#page=1,"A simple six-parameter model consisting of age, immunosuppression, Glasgow Coma Scale, body temperature, C-reactive protein and bilirubin had an AUC of 0.72 (95% confidence interval (CI) 0.69–0.75) for 30-day mortality, which was non-inferior to SAPS-3 (AUC 0.75, 95% CI 0.72–0.77) (p = 0.071). SOFA had an AUC of 0.67 (95% CI 0.64–0.70) and was inferior to SAPS-3 (p < 0.001) and our simple model (p = 0.0019).","{""population"": ""Two of the ICU’s most widely used mortality prediction models are the Simplified Acute Physiology Score 3 (SAPS-3) and the Sequential Organ Failure Assessment (SOFA) score. We aimed to assess the mortality prediction performance of SAPS-3 and SOFA upon ICU admission for sepsis and find a simpler mortality prediction model for these patients to be used in clinical practice and when conducting studies. Methods: A retrospective study of adult patients fulfilling the Sepsis-3 criteria admitted to four general ICUs was performed."", ""sample_size"": ""si1,3 Abstract Background: Sepsis is common in the intensive care unit (ICU). Two of the ICU’s most widely used mortality prediction models are the Simplified Acute Physiology Score 3 (SAPS-3) and the Sequential Organ Failure Assessment (SOFA) score."", ""predictor"": ""The area under the curve (AUC) of SAPS-3, SOFA and the simple model was assessed. Results: One thousand nine hundred eighty four admissions were included. A simple six-parameter model consisting of age, immunosuppression, Glasgow Coma Scale, body temperature, C-reactive protein and bilirubin had an AUC of 0.72 (95% confidence interval (CI) 0.69–0.75) for 30-day mortality, which was non-inferior to SAPS-3 (AUC 0.75, 95% CI 0.72–0.77) (p = 0.071)."", ""outcome"": ""The area under the curve (AUC) of SAPS-3, SOFA and the simple model was assessed. Results: One thousand nine hundred eighty four admissions were included. A simple six-parameter model consisting of age, immunosuppression, Glasgow Coma Scale, body temperature, C-reactive protein and bilirubin had an AUC of 0.72 (95% confidence interval (CI) 0.69–0.75) for 30-day mortality, which was non-inferior to SAPS-3 (AUC 0.75, 95% CI 0.72–0.77) (p = 0.071)."", ""timing"": ""si1,3 Abstract Background: Sepsis is common in the intensive care unit (ICU). Two of the ICU’s most widely used mortality prediction models are the Simplified Acute Physiology Score 3 (SAPS-3) and the Sequential Organ Failure Assessment (SOFA) score. We aimed to assess the mortality prediction performance of SAPS-3 and SOFA upon ICU admission for sepsis and find a simpler mortality prediction model for these patients to be used in clinical practice and when conducting studies."", ""method"": ""We aimed to assess the mortality prediction performance of SAPS-3 and SOFA upon ICU admission for sepsis and find a simpler mortality prediction model for these patients to be used in clinical practice and when conducting studies. Methods: A retrospective study of adult patients fulfilling the Sepsis-3 criteria admitted to four general ICUs was performed. A simple prognostic model was created using backward stepwise multivariate logistic regression."", ""effect_size"": ""The area under the curve (AUC) of SAPS-3, SOFA and the simple model was assessed. Results: One thousand nine hundred eighty four admissions were included. A simple six-parameter model consisting of age, immunosuppression, Glasgow Coma Scale, body temperature, C-reactive protein and bilirubin had an AUC of 0.72 (95% confidence interval (CI) 0.69–0.75) for 30-day mortality, which was non-inferior to SAPS-3 (AUC 0.75, 95% CI 0.72–0.77) (p = 0.071)."", ""performance"": ""The area under the curve (AUC) of SAPS-3, SOFA and the simple model was assessed. Results: One thousand nine hundred eighty four admissions were included. A simple six-parameter model consisting of age, immunosuppression, Glasgow Coma Scale, body temperature, C-reactive protein and bilirubin had an AUC of 0.72 (95% confidence interval (CI) 0.69–0.75) for 30-day mortality, which was non-inferior to SAPS-3 (AUC 0.75, 95% CI 0.72–0.77) (p = 0.071).""}",partial,Review fields: sample_size.,"What predictors, biomarkers, severity scores, statistical methods, effect sizes, and model performance metrics are reported for mortality estimation in sepsis?",28.5
Koozi_2023,Adult patients fulfilling the Sepsis-3 criteria admitted to four general ICUs,1984,C-reactive Protein,30-day mortality,Not reported,Univariate logistic regression,Not reported,Not reported,Elevated CRP levels were found to be prognostic.,Koozi_2023.pdf,5,Koozi_2023:p5:c2,file:///Users/mikitabianko/dev/sandbox/SepsisAtlasHackathon/articles/Koozi_2023.pdf#page=5,We found elevated CRP levels to be prognostic and thus included it in our simplified model.,"{""population"": ""Two of the ICU’s most widely used mortality prediction models are the Simplified Acute Physiology Score 3 (SAPS-3) and the Sequential Organ Failure Assessment (SOFA) score. We aimed to assess the mortality prediction performance of SAPS-3 and SOFA upon ICU admission for sepsis and find a simpler mortality prediction model for these patients to be used in clinical practice and when conducting studies. Methods: A retrospective study of adult patients fulfilling the Sepsis-3 criteria admitted to four general ICUs was performed."", ""sample_size"": ""si1,3 Abstract Background: Sepsis is common in the intensive care unit (ICU). Two of the ICU’s most widely used mortality prediction models are the Simplified Acute Physiology Score 3 (SAPS-3) and the Sequential Organ Failure Assessment (SOFA) score."", ""predictor"": ""The area under the curve (AUC) of SAPS-3, SOFA and the simple model was assessed. Results: One thousand nine hundred eighty four admissions were included. A simple six-parameter model consisting of age, immunosuppression, Glasgow Coma Scale, body temperature, C-reactive protein and bilirubin had an AUC of 0.72 (95% confidence interval (CI) 0.69–0.75) for 30-day mortality, which was non-inferior to SAPS-3 (AUC 0.75, 95% CI 0.72–0.77) (p = 0.071)."", ""outcome"": ""The area under the curve (AUC) of SAPS-3, SOFA and the simple model was assessed. Results: One thousand nine hundred eighty four admissions were included. A simple six-parameter model consisting of age, immunosuppression, Glasgow Coma Scale, body temperature, C-reactive protein and bilirubin had an AUC of 0.72 (95% confidence interval (CI) 0.69–0.75) for 30-day mortality, which was non-inferior to SAPS-3 (AUC 0.75, 95% CI 0.72–0.77) (p = 0.071)."", ""method"": ""Both CRP and lactate are variables that are routinely analysed but not included in any standard mortality prediction model in the ICU. We found elevated CRP levels to be prognostic and thus included it in our simplified model. In a separate publication, our research group previously explored the finding that CRP is a strong independent prognostic marker for 30-day mortality.27 Elevated lactate levels were strongly correlated with 30-day mortality in this study’s univariate logistic regression results, and similar results can be seen in previous studies.28,29 Though, lactate levels did not add enough independent predictive power to be included in our simple model.""}",partial,Review fields: sample_size.,"What predictors, biomarkers, severity scores, statistical methods, effect sizes, and model performance metrics are reported for mortality estimation in sepsis?",28.5
Koozi_2023,Adult patients fulfilling the Sepsis-3 criteria admitted to four general ICUs,1984,Lactate,30-day mortality,Not reported,Univariate logistic regression,AUC 0.66,Not reported,Lactate levels were strongly correlated with 30-day mortality but did not add enough independent predictive power to be included in the simple model.,Koozi_2023.pdf,5,Koozi_2023:p5:c2,file:///Users/mikitabianko/dev/sandbox/SepsisAtlasHackathon/articles/Koozi_2023.pdf#page=5,"Lactate levels have been reported to be a good predictor of mortality in sepsis and have good discriminative power, with an AUC of 0.66.","{""population"": ""Two of the ICU’s most widely used mortality prediction models are the Simplified Acute Physiology Score 3 (SAPS-3) and the Sequential Organ Failure Assessment (SOFA) score. We aimed to assess the mortality prediction performance of SAPS-3 and SOFA upon ICU admission for sepsis and find a simpler mortality prediction model for these patients to be used in clinical practice and when conducting studies. Methods: A retrospective study of adult patients fulfilling the Sepsis-3 criteria admitted to four general ICUs was performed."", ""sample_size"": ""si1,3 Abstract Background: Sepsis is common in the intensive care unit (ICU). Two of the ICU’s most widely used mortality prediction models are the Simplified Acute Physiology Score 3 (SAPS-3) and the Sequential Organ Failure Assessment (SOFA) score."", ""predictor"": ""ROC curves and AUC for SAPS-3, SOFA score, and a simple six-parameter model consisting of age, immunosuppression, Glasgow Coma Scale, body temperature, C-reactive protein and bilirubin in predicting 30-day mortality in sepsis patients admitted to the ICU. ROC: receiver operating characteristic; AUC: area under curve; SAPS: Simplified Acute Physiology Score; SOFA: Sequential Organ Failure Assessment; ICU: intensive care unit. [OpenRouter vision/OCR extraction from page image] **Visual/OCR-derived Content:** **Figure 1.** Multivariate logistic regression of a simple six-parameter model consisting of age, immunosuppression, Glasgow Coma Scale, body temperature, C-reactive protein, and bilirubin"", ""outcome"": ""The area under the curve (AUC) of SAPS-3, SOFA and the simple model was assessed. Results: One thousand nine hundred eighty four admissions were included. A simple six-parameter model consisting of age, immunosuppression, Glasgow Coma Scale, body temperature, C-reactive protein and bilirubin had an AUC of 0.72 (95% confidence interval (CI) 0.69–0.75) for 30-day mortality, which was non-inferior to SAPS-3 (AUC 0.75, 95% CI 0.72–0.77) (p = 0.071)."", ""method"": ""Both CRP and lactate are variables that are routinely analysed but not included in any standard mortality prediction model in the ICU. We found elevated CRP levels to be prognostic and thus included it in our simplified model. In a separate publication, our research group previously explored the finding that CRP is a strong independent prognostic marker for 30-day mortality.27 Elevated lactate levels were strongly correlated with 30-day mortality in this study’s univariate logistic regression results, and similar results can be seen in previous studies.28,29 Though, lactate levels did not add enough independent predictive power to be included in our simple model."", ""effect_size"": ""We found elevated CRP levels to be prognostic and thus included it in our simplified model. In a separate publication, our research group previously explored the finding that CRP is a strong independent prognostic marker for 30-day mortality.27 Elevated lactate levels were strongly correlated with 30-day mortality in this study’s univariate logistic regression results, and similar results can be seen in previous studies.28,29 Though, lactate levels did not add enough independent predictive power to be included in our simple model. Lactate levels have been reported to be a good predictor of mortality in sepsis and have good discriminative power, with an AUC of 0.66.30 Although lactate was not""}",partial,"Review fields: sample_size, predictor.","What predictors, biomarkers, severity scores, statistical methods, effect sizes, and model performance metrics are reported for mortality estimation in sepsis?",28.5
Kozlov_2022,Patients with abdominal sepsis,134,Lactateemia > 1.8 mmol/L,Mortality,First 24 hours in ICU,Logistic regression,Odds Ratio (OR): 3.5293; 95% CI [1.7421-7.1500]; p = 0.0001,"AUC: 0.799; sensitivity 63%, specificity 79%",Significant predictor of lethal outcome,Kozlov_2022.pdf,2,Kozlov_2022:p2:c3,file:///Users/mikitabianko/dev/sandbox/SepsisAtlasHackathon/articles/Kozlov_2022.pdf#page=2,Significant predictors of lethal outcome in the ICU include SOFA score > 8 and lactate > 2.5 mmol/L.,"{""population"": ""DOI: 10.1097/CCM.0000000000002851 [16] Nizamuddin J., Mahmood F., Tung A., et al. Interval Changes in Myocardial Performance Index Predict Outcome in Severe Sepsis. J Cardiothorac Vasc Anesth. utcome of abdominal sepsis as indications for the start of invasive monitoring of central hemodynamics: a retrospective observational study."", ""sample_size"": ""Hemodynamic Analysis of Pediatric Septic Shock and Cardiogenic Shock Using Transpulmonary Thermodilution. Biomed Res Int. 2017; 2017: 3613475."", ""predictor"": ""Descriptive statistics (data are presented as median, 25 and 75 % quartiles), logistic re­ gression and ROC analysis were used. RESULTS. Independent predictors of death were SOFA score > 8 (OR 1.5712; 95 % CI 1.1934–2.0686; p = 0.0001; AUC 0.813; sensitivity 74 %, specificity 81 %) and lactateemia > 1.8 mmol/l (OR 3.5293; 95 % CI 1.7421–7.1500; p = 0.0001; AUC 0.799; sensitivi­ ty 63 %, specificity 79 %)."", ""outcome"": ""A., Damiani L. P., et al. Effect of a Re­ suscitation Strategy Targeting Peripheral Perfusion Status vs Serum Lactate Levels on 28-Day Mortality Among Patients With Septic Shock: The ANDROMEDA-SHOCK Randomized Clinical Trial."", ""timing"": ""V. Skripkin 1 1 \u0007Moscow Regional Research and Clinical Institute, Moscow, Russia 2 \u0007Bujanov Moscow City Clinical Hospital, Moscow, Russia 3 \u0007City Clinical Hospital No 40, Moscow, Russia 4 \u0007Pirogov Russian National Research Medical University (RNRMU), Moscow, Russia Abstract OBJECTIVES. To analyze the predictive significance of clini­ cal and laboratory parameters in relation to the risk of mortal­ ity, the assessment of which is available in the first 24 hours of the stay of patients with sepsis in the intensive care unit (ICU), and to assess the feasibility of starting invasive mon­ itoring of central hemodynamics in patients with predictors of poor outcome."", ""method"": ""APACHE II score was 13 (11–17) points, SOFA score was 6 (4–8) points; l lethali­ ty in ICU — ​47 %. Central hemodynamics was studied using transpulmonary thermodilution. Descriptive statistics (data are presented as median, 25 and 75 % quartiles), logistic re­ gression and ROC analysis were used."", ""effect_size"": ""Descriptive statistics (data are presented as median, 25 and 75 % quartiles), logistic re­ gression and ROC analysis were used. RESULTS. Independent predictors of death were SOFA score > 8 (OR 1.5712; 95 % CI 1.1934–2.0686; p = 0.0001; AUC 0.813; sensitivity 74 %, specificity 81 %) and lactateemia > 1.8 mmol/l (OR 3.5293; 95 % CI 1.7421–7.1500; p = 0.0001; AUC 0.799; sensitivi­ ty 63 %, specificity 79 %)."", ""performance"": ""J Cardiothorac Vasc Anesth. utcome of abdominal sepsis as indications for the start of invasive monitoring of central hemodynamics: a retrospective observational study. Annals of Critical Care. 2022;2:70–79. https://doi.org/10.21320/1818-474X-2022-2-70-79 o Received: 19.01.2022 K Accepted: 11.03.2022 DOI: 10.21320/1818-474X-2022-2-70-79 Введение В настоящее время при лечении сепсиса принято широко применять неинвазивные методы мониторин­ га кровообращения [1]. Лишь в последних междуна­ родных рекомендациях по лечению сепсиса появилось указание на необходимость максимально рано начинать инвазивный контроль артериального давления (АД) при септическом шоке [2, 3]. Остается общепринятым алго­ ри""}",partial,Review fields: method.,"What predictors, biomarkers, severity scores, statistical methods, effect sizes, and model performance metrics are reported for mortality estimation in sepsis?",25.5
Kozlov_2022,Patients with abdominal sepsis,134,SOFA score > 8,Mortality,First 24 hours in ICU,Logistic regression,Odds Ratio (OR): 1.5712; 95% CI [1.1934-2.0686]; p = 0.0001,"AUC: 0.813; sensitivity 74%, specificity 81%",Significant predictor of lethal outcome,Kozlov_2022.pdf,2,Kozlov_2022:p2:c3,file:///Users/mikitabianko/dev/sandbox/SepsisAtlasHackathon/articles/Kozlov_2022.pdf#page=2,Significant predictors of lethal outcome in the ICU include SOFA score > 8 and lactate > 2.5 mmol/L.,"{""population"": ""DOI: 10.1097/CCM.0000000000002851 [16] Nizamuddin J., Mahmood F., Tung A., et al. Interval Changes in Myocardial Performance Index Predict Outcome in Severe Sepsis. J Cardiothorac Vasc Anesth. utcome of abdominal sepsis as indications for the start of invasive monitoring of central hemodynamics: a retrospective observational study."", ""sample_size"": ""Hemodynamic Analysis of Pediatric Septic Shock and Cardiogenic Shock Using Transpulmonary Thermodilution. Biomed Res Int. 2017; 2017: 3613475."", ""predictor"": ""J Cardiothorac Vasc Anesth. utcome of abdominal sepsis as indications for the start of invasive monitoring of central hemodynamics: a retrospective observational study. Annals of Critical Care. 2022;2:70–79. https://doi.org/10.21320/1818-474X-2022-2-70-79 o Received: 19.01.2022 K Accepted: 11.03.2022 DOI: 10.21320/1818-474X-2022-2-70-79 Введение В настоящее время при лечении сепсиса принято широко применять неинвазивные методы мониторин­ га кровообращения [1]. Лишь в последних междуна­ родных рекомендациях по лечению сепсиса появилось указание на необходимость максимально рано начинать инвазивный контроль артериального давления (АД) при септическом шоке [2, 3]. Остается общепринятым алго­ ри"", ""outcome"": ""A., Damiani L. P., et al. Effect of a Re­ suscitation Strategy Targeting Peripheral Perfusion Status vs Serum Lactate Levels on 28-Day Mortality Among Patients With Septic Shock: The ANDROMEDA-SHOCK Randomized Clinical Trial."", ""timing"": ""V. Skripkin 1 1 \u0007Moscow Regional Research and Clinical Institute, Moscow, Russia 2 \u0007Bujanov Moscow City Clinical Hospital, Moscow, Russia 3 \u0007City Clinical Hospital No 40, Moscow, Russia 4 \u0007Pirogov Russian National Research Medical University (RNRMU), Moscow, Russia Abstract OBJECTIVES. To analyze the predictive significance of clini­ cal and laboratory parameters in relation to the risk of mortal­ ity, the assessment of which is available in the first 24 hours of the stay of patients with sepsis in the intensive care unit (ICU), and to assess the feasibility of starting invasive mon­ itoring of central hemodynamics in patients with predictors of poor outcome."", ""method"": ""APACHE II score was 13 (11–17) points, SOFA score was 6 (4–8) points; l lethali­ ty in ICU — ​47 %. Central hemodynamics was studied using transpulmonary thermodilution. Descriptive statistics (data are presented as median, 25 and 75 % quartiles), logistic re­ gression and ROC analysis were used."", ""effect_size"": ""Descriptive statistics (data are presented as median, 25 and 75 % quartiles), logistic re­ gression and ROC analysis were used. RESULTS. Independent predictors of death were SOFA score > 8 (OR 1.5712; 95 % CI 1.1934–2.0686; p = 0.0001; AUC 0.813; sensitivity 74 %, specificity 81 %) and lactateemia > 1.8 mmol/l (OR 3.5293; 95 % CI 1.7421–7.1500; p = 0.0001; AUC 0.799; sensitivi­ ty 63 %, specificity 79 %)."", ""performance"": ""Descriptive statistics (data are presented as median, 25 and 75 % quartiles), logistic re­ gression and ROC analysis were used. RESULTS. Independent predictors of death were SOFA score > 8 (OR 1.5712; 95 % CI 1.1934–2.0686; p = 0.0001; AUC 0.813; sensitivity 74 %, specificity 81 %) and lactateemia > 1.8 mmol/l (OR 3.5293; 95 % CI 1.7421–7.1500; p = 0.0001; AUC 0.799; sensitivi­ ty 63 %, specificity 79 %).""}",partial,Review fields: method.,"What predictors, biomarkers, severity scores, statistical methods, effect sizes, and model performance metrics are reported for mortality estimation in sepsis?",25.5
Li_2024,Patients with sepsis admitted to the emergency department,209,APACHE II score,28-day mortality,Not reported,Cox proportional hazards analysis,HR = 1.069; 95% CI: 1.039–1.101,Not reported,APACHE II score was an independent predictor of 28-day mortality.,Li_2024.pdf,6,Li_2024:p6:c1,file:///Users/mikitabianko/dev/sandbox/SepsisAtlasHackathon/articles/Li_2024.pdf#page=6,"Multivariate Cox proportional hazards analysis showed that age, albumin levels, APACHE II score, and SIC on day 4 were independent predictors of 28-day mortality.","{""population"": ""SPSS (version 26.0; IBM, Armonk, NY, USA), MedCalc (version 19.3; MedCalc Software Ltd, Ostend, Belgium) and GraphPad Prism (version 9.4; GraphPad Software, San Diego, CA, USA) were used to perform the analyses and draw the figures. SOFA scores and their association with outcomes in patients with sepsis. Methods This prospective study enrolled 209 patients with sepsis admitted to the emergency department."", ""sample_size"": ""SPSS (version 26.0; IBM, Armonk, NY, USA), MedCalc (version 19.3; MedCalc Software Ltd, Ostend, Belgium) and GraphPad Prism (version 9.4; GraphPad Software, San Diego, CA, USA) were used to perform the analyses and draw the figures. SOFA scores and their association with outcomes in patients with sepsis. Methods This prospective study enrolled 209 patients with sepsis admitted to the emergency department."", ""predictor"": ""Although many studies have focused on the perfor­ mance of SIC and SOFA scores in evaluating the progno­ ses of patients with sepsis, few have examined how they changed over time. ssociated with mor­ tality. Furthermore, in the present study, the SIC scores demonstrated comparable predictive accuracy for 28-day mortality as the SOFA scores on days 2 and 4, although the SOFA scores performed better than the SIC scores on day 1. It has been found that the SOFA score exhibited robust predictive capability in the assessment of mortal­ ity in patients with sepsis [23–25], and our study further Table 3 Accuracy of SIC and SOFA scores to predict 28-day mortality in patients with sepsis Variable Cut"", ""outcome"": ""Although the SIC criteria are relatively simple compared to the JAAM DIC criteria, they are comparable concerning mortality prediction [15]. The prognostic power of the SIC scoring system for patients with sepsis has been evaluated recently; how­ ever, the results have been inconsistent. Lu et al. [16] found that the SIC score could predict both 7-day and 28-day mortality in patients with sepsis in the ICU."", ""method"": ""Although many studies have focused on the perfor­ mance of SIC and SOFA scores in evaluating the progno­ ses of patients with sepsis, few have examined how they changed over time. ssociated with mor­ tality. Furthermore, in the present study, the SIC scores demonstrated comparable predictive accuracy for 28-day mortality as the SOFA scores on days 2 and 4, although the SOFA scores performed better than the SIC scores on day 1. It has been found that the SOFA score exhibited robust predictive capability in the assessment of mortal­ ity in patients with sepsis [23–25], and our study further Table 3 Accuracy of SIC and SOFA scores to predict 28-day mortality in patients with sepsis Variable Cut"", ""effect_size"": ""Although many studies have focused on the perfor­ mance of SIC and SOFA scores in evaluating the progno­ ses of patients with sepsis, few have examined how they changed over time. ssociated with mor­ tality. Furthermore, in the present study, the SIC scores demonstrated comparable predictive accuracy for 28-day mortality as the SOFA scores on days 2 and 4, although the SOFA scores performed better than the SIC scores on day 1. It has been found that the SOFA score exhibited robust predictive capability in the assessment of mortal­ ity in patients with sepsis [23–25], and our study further Table 3 Accuracy of SIC and SOFA scores to predict 28-day mortality in patients with sepsis Variable Cut""}",partial,"Review fields: predictor, method, effect_size.","What predictors, biomarkers, severity scores, statistical methods, effect sizes, and model performance metrics are reported for mortality estimation in sepsis?",34.0
Li_2024,Patients with sepsis admitted to the emergency department,209,Age,28-day mortality,Not reported,Cox proportional hazards analysis,HR = 1.044; 95% CI: 1.016–1.072,Not reported,Age was an independent predictor of 28-day mortality.,Li_2024.pdf,6,Li_2024:p6:c1,file:///Users/mikitabianko/dev/sandbox/SepsisAtlasHackathon/articles/Li_2024.pdf#page=6,"Multivariate Cox proportional hazards analysis showed that age, albumin levels, APACHE II score, and SIC on day 4 were independent predictors of 28-day mortality.","{""population"": ""SPSS (version 26.0; IBM, Armonk, NY, USA), MedCalc (version 19.3; MedCalc Software Ltd, Ostend, Belgium) and GraphPad Prism (version 9.4; GraphPad Software, San Diego, CA, USA) were used to perform the analyses and draw the figures. SOFA scores and their association with outcomes in patients with sepsis. Methods This prospective study enrolled 209 patients with sepsis admitted to the emergency department."", ""sample_size"": ""SPSS (version 26.0; IBM, Armonk, NY, USA), MedCalc (version 19.3; MedCalc Software Ltd, Ostend, Belgium) and GraphPad Prism (version 9.4; GraphPad Software, San Diego, CA, USA) were used to perform the analyses and draw the figures. SOFA scores and their association with outcomes in patients with sepsis. Methods This prospective study enrolled 209 patients with sepsis admitted to the emergency department."", ""predictor"": ""Although many studies have focused on the perfor­ mance of SIC and SOFA scores in evaluating the progno­ ses of patients with sepsis, few have examined how they changed over time. ssociated with mor­ tality. Furthermore, in the present study, the SIC scores demonstrated comparable predictive accuracy for 28-day mortality as the SOFA scores on days 2 and 4, although the SOFA scores performed better than the SIC scores on day 1. It has been found that the SOFA score exhibited robust predictive capability in the assessment of mortal­ ity in patients with sepsis [23–25], and our study further Table 3 Accuracy of SIC and SOFA scores to predict 28-day mortality in patients with sepsis Variable Cut"", ""outcome"": ""Although the SIC criteria are relatively simple compared to the JAAM DIC criteria, they are comparable concerning mortality prediction [15]. The prognostic power of the SIC scoring system for patients with sepsis has been evaluated recently; how­ ever, the results have been inconsistent. Lu et al. [16] found that the SIC score could predict both 7-day and 28-day mortality in patients with sepsis in the ICU."", ""method"": ""Although many studies have focused on the perfor­ mance of SIC and SOFA scores in evaluating the progno­ ses of patients with sepsis, few have examined how they changed over time. ssociated with mor­ tality. Furthermore, in the present study, the SIC scores demonstrated comparable predictive accuracy for 28-day mortality as the SOFA scores on days 2 and 4, although the SOFA scores performed better than the SIC scores on day 1. It has been found that the SOFA score exhibited robust predictive capability in the assessment of mortal­ ity in patients with sepsis [23–25], and our study further Table 3 Accuracy of SIC and SOFA scores to predict 28-day mortality in patients with sepsis Variable Cut"", ""effect_size"": ""Although many studies have focused on the perfor­ mance of SIC and SOFA scores in evaluating the progno­ ses of patients with sepsis, few have examined how they changed over time. ssociated with mor­ tality. Furthermore, in the present study, the SIC scores demonstrated comparable predictive accuracy for 28-day mortality as the SOFA scores on days 2 and 4, although the SOFA scores performed better than the SIC scores on day 1. It has been found that the SOFA score exhibited robust predictive capability in the assessment of mortal­ ity in patients with sepsis [23–25], and our study further Table 3 Accuracy of SIC and SOFA scores to predict 28-day mortality in patients with sepsis Variable Cut""}",partial,"Review fields: predictor, method, effect_size.","What predictors, biomarkers, severity scores, statistical methods, effect sizes, and model performance metrics are reported for mortality estimation in sepsis?",34.0
Li_2024,Patients with sepsis admitted to the emergency department,209,Albumin levels,28-day mortality,Not reported,Cox proportional hazards analysis,HR = 0.950; 95% CI: 0.918–0.985,Not reported,Albumin levels were an independent predictor of 28-day mortality.,Li_2024.pdf,6,Li_2024:p6:c1,file:///Users/mikitabianko/dev/sandbox/SepsisAtlasHackathon/articles/Li_2024.pdf#page=6,"Multivariate Cox proportional hazards analysis showed that age, albumin levels, APACHE II score, and SIC on day 4 were independent predictors of 28-day mortality.","{""population"": ""SPSS (version 26.0; IBM, Armonk, NY, USA), MedCalc (version 19.3; MedCalc Software Ltd, Ostend, Belgium) and GraphPad Prism (version 9.4; GraphPad Software, San Diego, CA, USA) were used to perform the analyses and draw the figures. SOFA scores and their association with outcomes in patients with sepsis. Methods This prospective study enrolled 209 patients with sepsis admitted to the emergency department."", ""sample_size"": ""SPSS (version 26.0; IBM, Armonk, NY, USA), MedCalc (version 19.3; MedCalc Software Ltd, Ostend, Belgium) and GraphPad Prism (version 9.4; GraphPad Software, San Diego, CA, USA) were used to perform the analyses and draw the figures. SOFA scores and their association with outcomes in patients with sepsis. Methods This prospective study enrolled 209 patients with sepsis admitted to the emergency department."", ""predictor"": ""Furthermore, in the present study, the SIC scores demonstrated comparable predictive accuracy for 28-day mortality as the SOFA scores on days 2 and 4, although the SOFA scores performed better than the SIC scores on day 1. Page 6 of 9 Li et al. BMC Infectious Diseases (2024) 24:282 Multivariate Cox proportional hazards analysis showed that age, albumin levels, APACHE II score, and SIC on day 4 were independent predictors of 28-day mortality in patients with sepsis."", ""outcome"": ""Although the SIC criteria are relatively simple compared to the JAAM DIC criteria, they are comparable concerning mortality prediction [15]. The prognostic power of the SIC scoring system for patients with sepsis has been evaluated recently; how­ ever, the results have been inconsistent. Lu et al. [16] found that the SIC score could predict both 7-day and 28-day mortality in patients with sepsis in the ICU."", ""method"": ""Although many studies have focused on the perfor­ mance of SIC and SOFA scores in evaluating the progno­ ses of patients with sepsis, few have examined how they changed over time. ssociated with mor­ tality. Furthermore, in the present study, the SIC scores demonstrated comparable predictive accuracy for 28-day mortality as the SOFA scores on days 2 and 4, although the SOFA scores performed better than the SIC scores on day 1. It has been found that the SOFA score exhibited robust predictive capability in the assessment of mortal­ ity in patients with sepsis [23–25], and our study further Table 3 Accuracy of SIC and SOFA scores to predict 28-day mortality in patients with sepsis Variable Cut"", ""effect_size"": ""Although many studies have focused on the perfor­ mance of SIC and SOFA scores in evaluating the progno­ ses of patients with sepsis, few have examined how they changed over time. ssociated with mor­ tality. Furthermore, in the present study, the SIC scores demonstrated comparable predictive accuracy for 28-day mortality as the SOFA scores on days 2 and 4, although the SOFA scores performed better than the SIC scores on day 1. It has been found that the SOFA score exhibited robust predictive capability in the assessment of mortal­ ity in patients with sepsis [23–25], and our study further Table 3 Accuracy of SIC and SOFA scores to predict 28-day mortality in patients with sepsis Variable Cut""}",partial,"Review fields: method, effect_size.","What predictors, biomarkers, severity scores, statistical methods, effect sizes, and model performance metrics are reported for mortality estimation in sepsis?",34.0
Li_2024,Patients with sepsis admitted to the emergency department,209,SIC score on day 2,28-day mortality,Day 2,Cox proportional hazards analysis,Not reported,AUC = 0.601 (95% CI: 0.524–0.679),SIC on day 2 was not independently associated with mortality.,Li_2024.pdf,6,Li_2024:p6:c1,file:///Users/mikitabianko/dev/sandbox/SepsisAtlasHackathon/articles/Li_2024.pdf#page=6,SIC on day 2 was not independently associated with mortality.,"{""population"": ""SPSS (version 26.0; IBM, Armonk, NY, USA), MedCalc (version 19.3; MedCalc Software Ltd, Ostend, Belgium) and GraphPad Prism (version 9.4; GraphPad Software, San Diego, CA, USA) were used to perform the analyses and draw the figures. SOFA scores and their association with outcomes in patients with sepsis. Methods This prospective study enrolled 209 patients with sepsis admitted to the emergency department."", ""sample_size"": ""SPSS (version 26.0; IBM, Armonk, NY, USA), MedCalc (version 19.3; MedCalc Software Ltd, Ostend, Belgium) and GraphPad Prism (version 9.4; GraphPad Software, San Diego, CA, USA) were used to perform the analyses and draw the figures. SOFA scores and their association with outcomes in patients with sepsis. Methods This prospective study enrolled 209 patients with sepsis admitted to the emergency department."", ""predictor"": ""2. The AUC of the SIC score on day 1 was 0.545 (95% CI: 0.465–0.625; P = 0.277), with no statistical significance. However, the AUCs of the SIC score on day 2, ΔSIC score-d2 (the dif­ ference between the SIC scores on days 1 and 2), the SIC score on day 4, and ΔSIC score-d4 were 0.601 (95% CI: 0.524–0.679; P < 0.05), 0.583 (95% CI: 0.504–0.662; P < 0.05), 0.749 (95% CI: 0.674–0.823; P < 0.001), and 0.758 (95% CI: 0.682–0.834; P < 0.001), respectively."", ""outcome"": ""Although the SIC criteria are relatively simple compared to the JAAM DIC criteria, they are comparable concerning mortality prediction [15]. The prognostic power of the SIC scoring system for patients with sepsis has been evaluated recently; how­ ever, the results have been inconsistent. Lu et al. [16] found that the SIC score could predict both 7-day and 28-day mortality in patients with sepsis in the ICU."", ""timing"": ""Introducing those variables related to 28-day mortality in the univari­ able analysis, forward stepwise multivariate Cox propor­ tional hazards analyses were performed to determine the factors independently associated with the 28-day survival of patients with sepsis. Therefore, patients were determined to have SIC based on the SIC scores on days 2 and 4. The variables that were introduced in Model 1 were age, D-dimer, albumin, and lactate levels, SOFA score, APACHE II score, septic shock, and SIC on day 2."", ""method"": ""Although many studies have focused on the perfor­ mance of SIC and SOFA scores in evaluating the progno­ ses of patients with sepsis, few have examined how they changed over time. ssociated with mor­ tality. Furthermore, in the present study, the SIC scores demonstrated comparable predictive accuracy for 28-day mortality as the SOFA scores on days 2 and 4, although the SOFA scores performed better than the SIC scores on day 1. It has been found that the SOFA score exhibited robust predictive capability in the assessment of mortal­ ity in patients with sepsis [23–25], and our study further Table 3 Accuracy of SIC and SOFA scores to predict 28-day mortality in patients with sepsis Variable Cut"", ""performance"": ""Although many studies have focused on the perfor­ mance of SIC and SOFA scores in evaluating the progno­ ses of patients with sepsis, few have examined how they changed over time. ssociated with mor­ tality. Furthermore, in the present study, the SIC scores demonstrated comparable predictive accuracy for 28-day mortality as the SOFA scores on days 2 and 4, although the SOFA scores performed better than the SIC scores on day 1. It has been found that the SOFA score exhibited robust predictive capability in the assessment of mortal­ ity in patients with sepsis [23–25], and our study further Table 3 Accuracy of SIC and SOFA scores to predict 28-day mortality in patients with sepsis Variable Cut""}",partial,"Review fields: method, performance.","What predictors, biomarkers, severity scores, statistical methods, effect sizes, and model performance metrics are reported for mortality estimation in sepsis?",34.0
Li_2024,Patients with sepsis admitted to the emergency department,209,SIC score on day 4,28-day mortality,Day 4,Cox proportional hazards analysis,HR = 3.736; 95% CI: 2.025–6.891,AUC = 0.749 (95% CI: 0.674–0.823),SIC on day 4 was an independent risk factor for 28-day mortality.,Li_2024.pdf,6,Li_2024:p6:c1,file:///Users/mikitabianko/dev/sandbox/SepsisAtlasHackathon/articles/Li_2024.pdf#page=6,Cox proportional hazards models indicated that SIC on day 4 (hazard ratio [HR] = 3.736; 95% CI: 2.025–6.891) was an independent risk factor for 28-day mortality.,"{""population"": ""SPSS (version 26.0; IBM, Armonk, NY, USA), MedCalc (version 19.3; MedCalc Software Ltd, Ostend, Belgium) and GraphPad Prism (version 9.4; GraphPad Software, San Diego, CA, USA) were used to perform the analyses and draw the figures. SOFA scores and their association with outcomes in patients with sepsis. Methods This prospective study enrolled 209 patients with sepsis admitted to the emergency department."", ""sample_size"": ""SPSS (version 26.0; IBM, Armonk, NY, USA), MedCalc (version 19.3; MedCalc Software Ltd, Ostend, Belgium) and GraphPad Prism (version 9.4; GraphPad Software, San Diego, CA, USA) were used to perform the analyses and draw the figures. SOFA scores and their association with outcomes in patients with sepsis. Methods This prospective study enrolled 209 patients with sepsis admitted to the emergency department."", ""predictor"": ""Notably, our study enrolled emergency rather than ICU patients, leading to a rela­ tively early assessment of SIC scores, which may partially explain the poor performance of initial SIC scores that we found. Another recent study has reported that, while no significant difference is found in 28-day mortality between SIC-positive and SIC-negative patients on day 1, those with SIC have significantly higher mortality on day 2 than those without SIC, corroborating our observations [15]. Additionally, we found that the performance of the SIC score on day 4 for predicting mortality was better than that on day 2, with AUCs of 0.749 (95% CI: 0.674– 0.823) and 0.601 (95% CI: 0.524–0.679), respectively"", ""outcome"": ""Although the SIC criteria are relatively simple compared to the JAAM DIC criteria, they are comparable concerning mortality prediction [15]. The prognostic power of the SIC scoring system for patients with sepsis has been evaluated recently; how­ ever, the results have been inconsistent. Lu et al. [16] found that the SIC score could predict both 7-day and 28-day mortality in patients with sepsis in the ICU."", ""timing"": ""Therefore, patients were determined to have SIC based on the SIC scores on days 2 and 4. The variables that were introduced in Model 1 were age, D-dimer, albumin, and lactate levels, SOFA score, APACHE II score, septic shock, and SIC on day 2. The variables that were introduced in Model 2 were age, D-dimer, albumin, and lactate levels, SOFA score, APACHE II score, septic shock, and SIC on day 4."", ""method"": ""Although many studies have focused on the perfor­ mance of SIC and SOFA scores in evaluating the progno­ ses of patients with sepsis, few have examined how they changed over time. ssociated with mor­ tality. Furthermore, in the present study, the SIC scores demonstrated comparable predictive accuracy for 28-day mortality as the SOFA scores on days 2 and 4, although the SOFA scores performed better than the SIC scores on day 1. It has been found that the SOFA score exhibited robust predictive capability in the assessment of mortal­ ity in patients with sepsis [23–25], and our study further Table 3 Accuracy of SIC and SOFA scores to predict 28-day mortality in patients with sepsis Variable Cut"", ""effect_size"": ""Although many studies have focused on the perfor­ mance of SIC and SOFA scores in evaluating the progno­ ses of patients with sepsis, few have examined how they changed over time. ssociated with mor­ tality. Furthermore, in the present study, the SIC scores demonstrated comparable predictive accuracy for 28-day mortality as the SOFA scores on days 2 and 4, although the SOFA scores performed better than the SIC scores on day 1. It has been found that the SOFA score exhibited robust predictive capability in the assessment of mortal­ ity in patients with sepsis [23–25], and our study further Table 3 Accuracy of SIC and SOFA scores to predict 28-day mortality in patients with sepsis Variable Cut"", ""performance"": ""Although many studies have focused on the perfor­ mance of SIC and SOFA scores in evaluating the progno­ ses of patients with sepsis, few have examined how they changed over time. ssociated with mor­ tality. Furthermore, in the present study, the SIC scores demonstrated comparable predictive accuracy for 28-day mortality as the SOFA scores on days 2 and 4, although the SOFA scores performed better than the SIC scores on day 1. It has been found that the SOFA score exhibited robust predictive capability in the assessment of mortal­ ity in patients with sepsis [23–25], and our study further Table 3 Accuracy of SIC and SOFA scores to predict 28-day mortality in patients with sepsis Variable Cut""}",partial,"Review fields: method, effect_size, performance.","What predictors, biomarkers, severity scores, statistical methods, effect sizes, and model performance metrics are reported for mortality estimation in sepsis?",34.0
Li_2024,Patients with sepsis admitted to the emergency department,209,SOFA score on day 4,28-day mortality,Day 4,Cox proportional hazards analysis,Not reported,Comparable to SIC scores on days 2 and 4,SOFA scores performed better than SIC scores on day 1.,Li_2024.pdf,6,Li_2024:p6:c1,file:///Users/mikitabianko/dev/sandbox/SepsisAtlasHackathon/articles/Li_2024.pdf#page=6,"the performance of the SIC and ΔSIC scores for predicting 28-day mortality was comparable to the SOFA scores on days 2 and 4; however, the SOFA scores performed better than the SIC scores on day 1.","{""population"": ""SPSS (version 26.0; IBM, Armonk, NY, USA), MedCalc (version 19.3; MedCalc Software Ltd, Ostend, Belgium) and GraphPad Prism (version 9.4; GraphPad Software, San Diego, CA, USA) were used to perform the analyses and draw the figures. SOFA scores and their association with outcomes in patients with sepsis. Methods This prospective study enrolled 209 patients with sepsis admitted to the emergency department."", ""sample_size"": ""SPSS (version 26.0; IBM, Armonk, NY, USA), MedCalc (version 19.3; MedCalc Software Ltd, Ostend, Belgium) and GraphPad Prism (version 9.4; GraphPad Software, San Diego, CA, USA) were used to perform the analyses and draw the figures. SOFA scores and their association with outcomes in patients with sepsis. Methods This prospective study enrolled 209 patients with sepsis admitted to the emergency department."", ""predictor"": ""Park et al. [20] found that among septic patients, the mean ISTH-DIC scores on day 1 and day 3 were 4.0 ± 1.2 and 4.0 ± 1.3, respec­ tively; however, after grouping patients according to hos­ pital mortality, the mean DIC scores on day 1 and day 3 were 3.8 ± 1.1 and 3.6 ± 1.1 respectively in survivors, and 4.3 ± 1.3 and 4.8 ± 1.5 respectively in non-survivors. Simi­ larly, the trend of platelet changes varies among patients with different prognoses [21]. SOFA score was proposed to assess the severity of organ dysfunction in critically ill patients [22]."", ""outcome"": ""Although the SIC criteria are relatively simple compared to the JAAM DIC criteria, they are comparable concerning mortality prediction [15]. The prognostic power of the SIC scoring system for patients with sepsis has been evaluated recently; how­ ever, the results have been inconsistent. Lu et al. [16] found that the SIC score could predict both 7-day and 28-day mortality in patients with sepsis in the ICU."", ""timing"": ""Therefore, patients were determined to have SIC based on the SIC scores on days 2 and 4. The variables that were introduced in Model 1 were age, D-dimer, albumin, and lactate levels, SOFA score, APACHE II score, septic shock, and SIC on day 2. The variables that were introduced in Model 2 were age, D-dimer, albumin, and lactate levels, SOFA score, APACHE II score, septic shock, and SIC on day 4."", ""method"": ""Although many studies have focused on the perfor­ mance of SIC and SOFA scores in evaluating the progno­ ses of patients with sepsis, few have examined how they changed over time. ssociated with mor­ tality. Furthermore, in the present study, the SIC scores demonstrated comparable predictive accuracy for 28-day mortality as the SOFA scores on days 2 and 4, although the SOFA scores performed better than the SIC scores on day 1. It has been found that the SOFA score exhibited robust predictive capability in the assessment of mortal­ ity in patients with sepsis [23–25], and our study further Table 3 Accuracy of SIC and SOFA scores to predict 28-day mortality in patients with sepsis Variable Cut"", ""performance"": ""Extensive studies have been conducted on the importance of SOFA scores in predicting the progno­ ses of patients with sepsis, and the findings revealed that SOFA scores demonstrated strong predictive power in assessing mortality [23–25]. Although many studies have focused on the perfor­ mance of SIC and SOFA scores in evaluating the progno­ ses of patients with sepsis, few have examined how they changed over time. ssociated with mor­ tality. Furthermore, in the present study, the SIC scores demonstrated comparable predictive accuracy for 28-day mortality as the SOFA scores on days 2 and 4, although the SOFA scores performed better than the SIC scores on day 1.""}",partial,Review fields: method.,"What predictors, biomarkers, severity scores, statistical methods, effect sizes, and model performance metrics are reported for mortality estimation in sepsis?",34.0
Luo_2022,Patients with sepsis,2057,Hematocrit (HCT) level,30-day mortality,Measured within 24 hours after entering the ICU,Cox proportional hazards regression model,"Hazard ratio = 1.589, 95% CI = 1.009–2.979, p < 0.05",Not reported,Low HCT level is an independent risk factor for increased 30-day mortality in patients with sepsis.,Luo_2022.pdf,1,Luo_2022:p1:c1,file:///Users/mikitabianko/dev/sandbox/SepsisAtlasHackathon/articles/Luo_2022.pdf#page=1,The low HCT level is an independent risk factor for the increase of the 30-day mortality in patients with sepsis and can be used as a significant predictor of the clinical outcome of sepsis.,"{""population"": ""hat HCT might be an independent risk factor for the prognosis of patients with sepsis, which is the same as the previous group of sepsis anemia patients and Western countries. The results of a small-scale clinical trial are concordant [7, 17]."", ""sample_size"": ""The results of a small-scale clinical trial are concordant [7, 17]. Fig 1. Survival curves showing the association between the hct level and 30-day mortality. https://doi.org/10.1371/journal.pone.0265758.g001 PLOS ONE Association between hematocrit and the 30-day mortality of patients with sepsis PLOS ONE | https://doi.org/10.1371/journal.pone.0265758 March 24, 2022 6 / 9 [OpenRouter vision/OCR extraction from page image] **Visual/OCR-derived:** **Figure 1.** Survival curves showing the association between the hct level and 30-day mortality. - **Survival Days:** 0 to 80 - **30-day Mortality:** Ranges from 0.00 to 1.00 - **Hct Levels:** - Low hct level - Regular hct level - High hct level **S"", ""predictor"": ""The results of a small-scale clinical trial are concordant [7, 17]. Fig 1. Survival curves showing the association between the hct level and 30-day mortality. https://doi.org/10.1371/journal.pone.0265758.g001 PLOS ONE Association between hematocrit and the 30-day mortality of patients with sepsis PLOS ONE | https://doi.org/10.1371/journal.pone.0265758 March 24, 2022 6 / 9 [OpenRouter vision/OCR extraction from page image] **Visual/OCR-derived:** **Figure 1.** Survival curves showing the association between the hct level and 30-day mortality. - **Survival Days:** 0 to 80 - **30-day Mortality:** Ranges from 0.00 to 1.00 - **Hct Levels:** - Low hct level - Regular hct level - High hct level **S"", ""outcome"": ""The results of a small-scale clinical trial are concordant [7, 17]. Fig 1. Survival curves showing the association between the hct level and 30-day mortality. https://doi.org/10.1371/journal.pone.0265758.g001 PLOS ONE Association between hematocrit and the 30-day mortality of patients with sepsis PLOS ONE | https://doi.org/10.1371/journal.pone.0265758 March 24, 2022 6 / 9 [OpenRouter vision/OCR extraction from page image] **Visual/OCR-derived:** **Figure 1.** Survival curves showing the association between the hct level and 30-day mortality. - **Survival Days:** 0 to 80 - **30-day Mortality:** Ranges from 0.00 to 1.00 - **Hct Levels:** - Low hct level - Regular hct level - High hct level **S"", ""timing"": ""The results of a small-scale clinical trial are concordant [7, 17]. Fig 1. Survival curves showing the association between the hct level and 30-day mortality. https://doi.org/10.1371/journal.pone.0265758.g001 PLOS ONE Association between hematocrit and the 30-day mortality of patients with sepsis PLOS ONE | https://doi.org/10.1371/journal.pone.0265758 March 24, 2022 6 / 9 [OpenRouter vision/OCR extraction from page image] **Visual/OCR-derived:** **Figure 1.** Survival curves showing the association between the hct level and 30-day mortality. - **Survival Days:** 0 to 80 - **30-day Mortality:** Ranges from 0.00 to 1.00 - **Hct Levels:** - Low hct level - Regular hct level - High hct level **S"", ""method"": ""RESEARCH ARTICLE Association between hematocrit and the 30day mortality of patients with sepsis: A retrospective analysis based on the largescale clinical database MIMIC-IV Mengdi LuoID1, Yang Chen1, Yuan Cheng1, Na Li2, He Qing1* 1 ICU, Affiliated Hospital of Southwest Jiaotong University, The Third People’s Hospital of Chengdu, Chengdu, Sichuan, China, 2 Southwest Jiaotong University, Chengdu, Sichuan, China * kk555888@126.com Abstract This research sought to ascertain the relationship between hematocrit (HCT) and mortality in patients with sepsis. Methods: A retrospective analysis was conducted on the clinical data of septic patients who were hospitalized between 2008 and 2019 in an advan"", ""effect_size"": ""According to the HCT level, it was classified into the low HCT level, the regular HCT level, and the high HCT level. The 30-day mortality rate was 62.6%, 27.5%, and 9.9% for patients with the low HCT level, the regular HCT level, and the high HCT level, respectively (p < 0.05). The multivariate Cox proportional hazard regression model analysis displayed that compared with patients with the regular HCT level, the 30-day mortality of patients with the low HCT level increased by 58.9% (hazard ratio = 1.589, 95% confidence interval (CI) = 1.009–2.979, p < 0.05).""}",partial,"Review fields: sample_size, method.","What predictors, biomarkers, severity scores, statistical methods, effect sizes, and model performance metrics are reported for mortality estimation in sepsis?",28.75
Luo_2022,Patients with sepsis,2057,Hematocrit (HCT) level,30-day mortality,Measured within 24 hours after entering the ICU,Multivariate Cox proportional hazard regression model,"HR = 1.589, 95% CI = 1.099–2.297, P<0.05",Not reported,The low HCT level remained an independent prognostic factor for sepsis.,Luo_2022.pdf,3,Luo_2022:p3:c2,file:///Users/mikitabianko/dev/sandbox/SepsisAtlasHackathon/articles/Luo_2022.pdf#page=3,"According to the results, the low hct level remained an independent prognostic factor for sepsis (P<0,05).","{""population"": ""hat HCT might be an independent risk factor for the prognosis of patients with sepsis, which is the same as the previous group of sepsis anemia patients and Western countries. The results of a small-scale clinical trial are concordant [7, 17]."", ""sample_size"": ""The results of a small-scale clinical trial are concordant [7, 17]. Fig 1. Survival curves showing the association between the hct level and 30-day mortality. https://doi.org/10.1371/journal.pone.0265758.g001 PLOS ONE Association between hematocrit and the 30-day mortality of patients with sepsis PLOS ONE | https://doi.org/10.1371/journal.pone.0265758 March 24, 2022 6 / 9 [OpenRouter vision/OCR extraction from page image] **Visual/OCR-derived:** **Figure 1.** Survival curves showing the association between the hct level and 30-day mortality. - **Survival Days:** 0 to 80 - **30-day Mortality:** Ranges from 0.00 to 1.00 - **Hct Levels:** - Low hct level - Regular hct level - High hct level **S"", ""predictor"": ""The results of a small-scale clinical trial are concordant [7, 17]. Fig 1. Survival curves showing the association between the hct level and 30-day mortality. https://doi.org/10.1371/journal.pone.0265758.g001 PLOS ONE Association between hematocrit and the 30-day mortality of patients with sepsis PLOS ONE | https://doi.org/10.1371/journal.pone.0265758 March 24, 2022 6 / 9 [OpenRouter vision/OCR extraction from page image] **Visual/OCR-derived:** **Figure 1.** Survival curves showing the association between the hct level and 30-day mortality. - **Survival Days:** 0 to 80 - **30-day Mortality:** Ranges from 0.00 to 1.00 - **Hct Levels:** - Low hct level - Regular hct level - High hct level **S"", ""outcome"": ""The results of a small-scale clinical trial are concordant [7, 17]. Fig 1. Survival curves showing the association between the hct level and 30-day mortality. https://doi.org/10.1371/journal.pone.0265758.g001 PLOS ONE Association between hematocrit and the 30-day mortality of patients with sepsis PLOS ONE | https://doi.org/10.1371/journal.pone.0265758 March 24, 2022 6 / 9 [OpenRouter vision/OCR extraction from page image] **Visual/OCR-derived:** **Figure 1.** Survival curves showing the association between the hct level and 30-day mortality. - **Survival Days:** 0 to 80 - **30-day Mortality:** Ranges from 0.00 to 1.00 - **Hct Levels:** - Low hct level - Regular hct level - High hct level **S"", ""timing"": ""The results of a small-scale clinical trial are concordant [7, 17]. Fig 1. Survival curves showing the association between the hct level and 30-day mortality. https://doi.org/10.1371/journal.pone.0265758.g001 PLOS ONE Association between hematocrit and the 30-day mortality of patients with sepsis PLOS ONE | https://doi.org/10.1371/journal.pone.0265758 March 24, 2022 6 / 9 [OpenRouter vision/OCR extraction from page image] **Visual/OCR-derived:** **Figure 1.** Survival curves showing the association between the hct level and 30-day mortality. - **Survival Days:** 0 to 80 - **30-day Mortality:** Ranges from 0.00 to 1.00 - **Hct Levels:** - Low hct level - Regular hct level - High hct level **S"", ""method"": ""According to the HCT level, it was classified into the low HCT level, the regular HCT level, and the high HCT level. The 30-day mortality rate was 62.6%, 27.5%, and 9.9% for patients with the low HCT level, the regular HCT level, and the high HCT level, respectively (p < 0.05). The multivariate Cox proportional hazard regression model analysis displayed that compared with patients with the regular HCT level, the 30-day mortality of patients with the low HCT level increased by 58.9% (hazard ratio = 1.589, 95% confidence interval (CI) = 1.009–2.979, p < 0.05)."", ""effect_size"": ""Adjust the univariate analysis for the potential confounding factors associated with 30-day mortality in patients with sepsis, And then, the 30-day mortality was assessed with a multivariable Cox proportional regression model. According to the results, the low hct level remained an independent prognostic factor for sepsis (P<0,05). Compared with the regular hct level, the 30-day mortality risk of the low hct level is increased, and the difference is statistically significant [HR = 1.589 .95%CI1.099–2.297, P<0.05], although the risk of PLOS ONE Association between hematocrit and the 30-day mortality of patients with sepsis PLOS ONE | https://doi.org/10.1371/journal.pone.0265758 March 24, 2022""}",partial,Review fields: sample_size.,"What predictors, biomarkers, severity scores, statistical methods, effect sizes, and model performance metrics are reported for mortality estimation in sepsis?",28.75
Luo_2022,Patients with sepsis,2057,Hematocrit (HCT) level,30-day mortality,Not reported,Statistical analysis using Stata 16,Not reported,P<0.05 indicates that the difference is statistically significant.,Survival analysis was conducted to explore the impact of HCT level on 30-day mortality.,Luo_2022.pdf,3,Luo_2022:p3:c1,file:///Users/mikitabianko/dev/sandbox/SepsisAtlasHackathon/articles/Luo_2022.pdf#page=3,Survival analysis was conducted to explore the impact of hct level on 30d mortality.,"{""population"": ""hat HCT might be an independent risk factor for the prognosis of patients with sepsis, which is the same as the previous group of sepsis anemia patients and Western countries. The results of a small-scale clinical trial are concordant [7, 17]."", ""sample_size"": ""The results of a small-scale clinical trial are concordant [7, 17]. Fig 1. Survival curves showing the association between the hct level and 30-day mortality. https://doi.org/10.1371/journal.pone.0265758.g001 PLOS ONE Association between hematocrit and the 30-day mortality of patients with sepsis PLOS ONE | https://doi.org/10.1371/journal.pone.0265758 March 24, 2022 6 / 9 [OpenRouter vision/OCR extraction from page image] **Visual/OCR-derived:** **Figure 1.** Survival curves showing the association between the hct level and 30-day mortality. - **Survival Days:** 0 to 80 - **30-day Mortality:** Ranges from 0.00 to 1.00 - **Hct Levels:** - Low hct level - Regular hct level - High hct level **S"", ""predictor"": ""The results of a small-scale clinical trial are concordant [7, 17]. Fig 1. Survival curves showing the association between the hct level and 30-day mortality. https://doi.org/10.1371/journal.pone.0265758.g001 PLOS ONE Association between hematocrit and the 30-day mortality of patients with sepsis PLOS ONE | https://doi.org/10.1371/journal.pone.0265758 March 24, 2022 6 / 9 [OpenRouter vision/OCR extraction from page image] **Visual/OCR-derived:** **Figure 1.** Survival curves showing the association between the hct level and 30-day mortality. - **Survival Days:** 0 to 80 - **30-day Mortality:** Ranges from 0.00 to 1.00 - **Hct Levels:** - Low hct level - Regular hct level - High hct level **S"", ""outcome"": ""The results of a small-scale clinical trial are concordant [7, 17]. Fig 1. Survival curves showing the association between the hct level and 30-day mortality. https://doi.org/10.1371/journal.pone.0265758.g001 PLOS ONE Association between hematocrit and the 30-day mortality of patients with sepsis PLOS ONE | https://doi.org/10.1371/journal.pone.0265758 March 24, 2022 6 / 9 [OpenRouter vision/OCR extraction from page image] **Visual/OCR-derived:** **Figure 1.** Survival curves showing the association between the hct level and 30-day mortality. - **Survival Days:** 0 to 80 - **30-day Mortality:** Ranges from 0.00 to 1.00 - **Hct Levels:** - Low hct level - Regular hct level - High hct level **S"", ""method"": ""The results of a small-scale clinical trial are concordant [7, 17]. Fig 1. Statistical analysis Analyses were performed using Stata 16."", ""performance"": ""We compared the survival rates using log-rank tests and presented the results as Kaplan-Meier curves. A Kaplan-Meier survival curve was constructed to compare the 30-day mortality of the three groups of hct levels. P<0.05 indicates that the difference is statistically significant.""}",partial,Review fields: sample_size.,"What predictors, biomarkers, severity scores, statistical methods, effect sizes, and model performance metrics are reported for mortality estimation in sepsis?",28.75
Park_2022,Patients with sepsis caused by intra-abdominal infection,219,Charlson Comorbidity Index (CCI),28-day mortality,Not reported,Univariate and multivariate logistic regression,Not reported,Not reported,CCI was found to be an independent risk factor affecting 28-day mortality.,Park_2022.pdf,9,p9:c1,file:///Users/mikitabianko/dev/sandbox/SepsisAtlasHackathon/articles/Park_2022.pdf#page=9,"CCI, septic shock, initial lactate level, initial SOFA score, SAPS 3 score, CRRT, source control, and the number of dysfunctional organs were found to be independent risk factors affecting 28-day mortality.","{""population"": ""Among the organ dysfunctions in sepsis caused by IAI, coagulopathy was found to be an independent risk factor for 28-day mortality. Therefore, more intensive care may be needed because the prognosis could be worse in patients with coagulopathy than in those with other organ dysfunctions due to IAI. Abbreviations IAI: Intra-abdominal infection; ICUs: Intensive care units; KSA: Korean Sepsis Alliance; KDCA: Korea Disease Control and Prevention Agency; SOFA: Sequen‑ tial Organ Failure Assessment; BMI: Body mass index; CCI: Charlson Comor‑ bidity Index; SAP 3: Simplified acute physiology score III; MDR: Multidrug resistance; ORs: Odds ratios; CRRT​: Continuous renal replacement therapy; CNS: Cen"", ""sample_size"": ""We investigated the clinical outcomes and factors influencing mortality of patients with sepsis due to IAI. Methods: This post-hoc analysis of a prospective cohort study included 2126 patients with sepsis who visited 16 tertiary care hospitals in Korea (September 2019–February 2020). The analysis included 219 patients aged > 19 years who were admitted to intensive care units owing to sepsis caused by IAI."", ""predictor"": ""The microbiological data were described by total numbers and proportions, which showed the Fig. 1 Flow chart of patients’ enrollment. ICU intensive care unit, IAI intra-abdominal infection [OpenRouter vision/OCR extraction from page image] **Visual/OCR-derived:** **Figure 1: Flow chart of patients' enrollment.** - Patients with sepsis: **n = 2126** - Not admitted to the ICUs: **n = 1225** - Admission to the ICUs: **n = 901** - Sepsis due to IAI: **n = 219** - Survivors: **n = 156** - Non-survivors: **n = 63** - Sepsis due to other causes: **n = 682** **Data collection:** - Patient characteristics: age, sex, body mass index (BMI), Charlson Comorbidity Index (CCI), physiological status, medica"", ""outcome"": ""years who were admitted to intensive care units owing to sepsis caused by IAI. Results: The incidence of septic shock was 47% and was significantly higher in the non-survivor group (58.7% vs 42.3%, p = 0.028). The overall 28-day mortality was 28.8%."", ""method"": ""The microbiological data were described by total numbers and proportions, which showed the Fig. 1 Flow chart of patients’ enrollment. ICU intensive care unit, IAI intra-abdominal infection [OpenRouter vision/OCR extraction from page image] **Visual/OCR-derived:** **Figure 1: Flow chart of patients' enrollment.** - Patients with sepsis: **n = 2126** - Not admitted to the ICUs: **n = 1225** - Admission to the ICUs: **n = 901** - Sepsis due to IAI: **n = 219** - Survivors: **n = 156** - Non-survivors: **n = 63** - Sepsis due to other causes: **n = 682** **Data collection:** - Patient characteristics: age, sex, body mass index (BMI), Charlson Comorbidity Index (CCI), physiological status, medica""}",partial,Review fields: method.,"What predictors, biomarkers, severity scores, statistical methods, effect sizes, and model performance metrics are reported for mortality estimation in sepsis?",28.0
Park_2022,Patients with sepsis caused by intra-abdominal infection,219,Initial SOFA score,28-day mortality,Not reported,Univariate and multivariate logistic regression,Not reported,Not reported,Initial SOFA score was found to be an independent risk factor affecting 28-day mortality.,Park_2022.pdf,9,p9:c1,file:///Users/mikitabianko/dev/sandbox/SepsisAtlasHackathon/articles/Park_2022.pdf#page=9,"CCI, septic shock, initial lactate level, initial SOFA score, SAPS 3 score, CRRT, source control, and the number of dysfunctional organs were found to be independent risk factors affecting 28-day mortality.","{""population"": ""Among the organ dysfunctions in sepsis caused by IAI, coagulopathy was found to be an independent risk factor for 28-day mortality. Therefore, more intensive care may be needed because the prognosis could be worse in patients with coagulopathy than in those with other organ dysfunctions due to IAI. Abbreviations IAI: Intra-abdominal infection; ICUs: Intensive care units; KSA: Korean Sepsis Alliance; KDCA: Korea Disease Control and Prevention Agency; SOFA: Sequen‑ tial Organ Failure Assessment; BMI: Body mass index; CCI: Charlson Comor‑ bidity Index; SAP 3: Simplified acute physiology score III; MDR: Multidrug resistance; ORs: Odds ratios; CRRT​: Continuous renal replacement therapy; CNS: Cen"", ""sample_size"": ""We investigated the clinical outcomes and factors influencing mortality of patients with sepsis due to IAI. Methods: This post-hoc analysis of a prospective cohort study included 2126 patients with sepsis who visited 16 tertiary care hospitals in Korea (September 2019–February 2020). The analysis included 219 patients aged > 19 years who were admitted to intensive care units owing to sepsis caused by IAI."", ""predictor"": ""As this study did not only focus on sepsis caused by IAI, the data may also be inadequate. To overcome these limitations, a prospective study of patients with sepsis caused by IAIs may be needed. Conclusions In our study, CCI, septic shock, initial lactate level, initial SOFA score, SAPS 3 score, acute kidney injury with CRRT, source control, and the number of dysfunctional organs were found to be independent risk factors affecting 28-day mortality."", ""outcome"": ""years who were admitted to intensive care units owing to sepsis caused by IAI. Results: The incidence of septic shock was 47% and was significantly higher in the non-survivor group (58.7% vs 42.3%, p = 0.028). The overall 28-day mortality was 28.8%."", ""method"": ""The microbiological data were described by total numbers and proportions, which showed the Fig. 1 Flow chart of patients’ enrollment. ICU intensive care unit, IAI intra-abdominal infection [OpenRouter vision/OCR extraction from page image] **Visual/OCR-derived:** **Figure 1: Flow chart of patients' enrollment.** - Patients with sepsis: **n = 2126** - Not admitted to the ICUs: **n = 1225** - Admission to the ICUs: **n = 901** - Sepsis due to IAI: **n = 219** - Survivors: **n = 156** - Non-survivors: **n = 63** - Sepsis due to other causes: **n = 682** **Data collection:** - Patient characteristics: age, sex, body mass index (BMI), Charlson Comorbidity Index (CCI), physiological status, medica""}",partial,Review fields: method.,"What predictors, biomarkers, severity scores, statistical methods, effect sizes, and model performance metrics are reported for mortality estimation in sepsis?",28.0
Park_2022,Patients with sepsis caused by intra-abdominal infection,219,Initial lactate level,28-day mortality,Not reported,Univariate and multivariate logistic regression,Not reported,Not reported,Initial lactate level was found to be an independent risk factor affecting 28-day mortality.,Park_2022.pdf,9,p9:c1,file:///Users/mikitabianko/dev/sandbox/SepsisAtlasHackathon/articles/Park_2022.pdf#page=9,"CCI, septic shock, initial lactate level, initial SOFA score, SAPS 3 score, CRRT, source control, and the number of dysfunctional organs were found to be independent risk factors affecting 28-day mortality.","{""population"": ""Among the organ dysfunctions in sepsis caused by IAI, coagulopathy was found to be an independent risk factor for 28-day mortality. Therefore, more intensive care may be needed because the prognosis could be worse in patients with coagulopathy than in those with other organ dysfunctions due to IAI. Abbreviations IAI: Intra-abdominal infection; ICUs: Intensive care units; KSA: Korean Sepsis Alliance; KDCA: Korea Disease Control and Prevention Agency; SOFA: Sequen‑ tial Organ Failure Assessment; BMI: Body mass index; CCI: Charlson Comor‑ bidity Index; SAP 3: Simplified acute physiology score III; MDR: Multidrug resistance; ORs: Odds ratios; CRRT​: Continuous renal replacement therapy; CNS: Cen"", ""sample_size"": ""We investigated the clinical outcomes and factors influencing mortality of patients with sepsis due to IAI. Methods: This post-hoc analysis of a prospective cohort study included 2126 patients with sepsis who visited 16 tertiary care hospitals in Korea (September 2019–February 2020). The analysis included 219 patients aged > 19 years who were admitted to intensive care units owing to sepsis caused by IAI."", ""predictor"": ""As this study did not only focus on sepsis caused by IAI, the data may also be inadequate. To overcome these limitations, a prospective study of patients with sepsis caused by IAIs may be needed. Conclusions In our study, CCI, septic shock, initial lactate level, initial SOFA score, SAPS 3 score, acute kidney injury with CRRT, source control, and the number of dysfunctional organs were found to be independent risk factors affecting 28-day mortality."", ""outcome"": ""years who were admitted to intensive care units owing to sepsis caused by IAI. Results: The incidence of septic shock was 47% and was significantly higher in the non-survivor group (58.7% vs 42.3%, p = 0.028). The overall 28-day mortality was 28.8%."", ""method"": ""The microbiological data were described by total numbers and proportions, which showed the Fig. 1 Flow chart of patients’ enrollment. ICU intensive care unit, IAI intra-abdominal infection [OpenRouter vision/OCR extraction from page image] **Visual/OCR-derived:** **Figure 1: Flow chart of patients' enrollment.** - Patients with sepsis: **n = 2126** - Not admitted to the ICUs: **n = 1225** - Admission to the ICUs: **n = 901** - Sepsis due to IAI: **n = 219** - Survivors: **n = 156** - Non-survivors: **n = 63** - Sepsis due to other causes: **n = 682** **Data collection:** - Patient characteristics: age, sex, body mass index (BMI), Charlson Comorbidity Index (CCI), physiological status, medica""}",partial,Review fields: method.,"What predictors, biomarkers, severity scores, statistical methods, effect sizes, and model performance metrics are reported for mortality estimation in sepsis?",28.0
Park_2022,Patients with sepsis caused by intra-abdominal infection,219,Number of dysfunctional organs,28-day mortality,Not reported,Univariate and multivariate logistic regression,Not reported,Not reported,The number of dysfunctional organs was found to be an independent risk factor affecting 28-day mortality.,Park_2022.pdf,9,p9:c1,file:///Users/mikitabianko/dev/sandbox/SepsisAtlasHackathon/articles/Park_2022.pdf#page=9,"CCI, septic shock, initial lactate level, initial SOFA score, SAPS 3 score, CRRT, source control, and the number of dysfunctional organs were found to be independent risk factors affecting 28-day mortality.","{""population"": ""Among the organ dysfunctions in sepsis caused by IAI, coagulopathy was found to be an independent risk factor for 28-day mortality. Therefore, more intensive care may be needed because the prognosis could be worse in patients with coagulopathy than in those with other organ dysfunctions due to IAI. Abbreviations IAI: Intra-abdominal infection; ICUs: Intensive care units; KSA: Korean Sepsis Alliance; KDCA: Korea Disease Control and Prevention Agency; SOFA: Sequen‑ tial Organ Failure Assessment; BMI: Body mass index; CCI: Charlson Comor‑ bidity Index; SAP 3: Simplified acute physiology score III; MDR: Multidrug resistance; ORs: Odds ratios; CRRT​: Continuous renal replacement therapy; CNS: Cen"", ""sample_size"": ""We investigated the clinical outcomes and factors influencing mortality of patients with sepsis due to IAI. Methods: This post-hoc analysis of a prospective cohort study included 2126 patients with sepsis who visited 16 tertiary care hospitals in Korea (September 2019–February 2020). The analysis included 219 patients aged > 19 years who were admitted to intensive care units owing to sepsis caused by IAI."", ""predictor"": ""As this study did not only focus on sepsis caused by IAI, the data may also be inadequate. To overcome these limitations, a prospective study of patients with sepsis caused by IAIs may be needed. Conclusions In our study, CCI, septic shock, initial lactate level, initial SOFA score, SAPS 3 score, acute kidney injury with CRRT, source control, and the number of dysfunctional organs were found to be independent risk factors affecting 28-day mortality."", ""outcome"": ""years who were admitted to intensive care units owing to sepsis caused by IAI. Results: The incidence of septic shock was 47% and was significantly higher in the non-survivor group (58.7% vs 42.3%, p = 0.028). The overall 28-day mortality was 28.8%."", ""method"": ""The microbiological data were described by total numbers and proportions, which showed the Fig. 1 Flow chart of patients’ enrollment. ICU intensive care unit, IAI intra-abdominal infection [OpenRouter vision/OCR extraction from page image] **Visual/OCR-derived:** **Figure 1: Flow chart of patients' enrollment.** - Patients with sepsis: **n = 2126** - Not admitted to the ICUs: **n = 1225** - Admission to the ICUs: **n = 901** - Sepsis due to IAI: **n = 219** - Survivors: **n = 156** - Non-survivors: **n = 63** - Sepsis due to other causes: **n = 682** **Data collection:** - Patient characteristics: age, sex, body mass index (BMI), Charlson Comorbidity Index (CCI), physiological status, medica""}",partial,Review fields: method.,"What predictors, biomarkers, severity scores, statistical methods, effect sizes, and model performance metrics are reported for mortality estimation in sepsis?",28.0
Park_2022,Patients with sepsis caused by intra-abdominal infection,219,Source control,28-day mortality,Not reported,Univariate and multivariate logistic regression,Not reported,Not reported,Source control was found to be an independent risk factor affecting 28-day mortality.,Park_2022.pdf,9,p9:c1,file:///Users/mikitabianko/dev/sandbox/SepsisAtlasHackathon/articles/Park_2022.pdf#page=9,"CCI, septic shock, initial lactate level, initial SOFA score, SAPS 3 score, CRRT, source control, and the number of dysfunctional organs were found to be independent risk factors affecting 28-day mortality.","{""population"": ""Among the organ dysfunctions in sepsis caused by IAI, coagulopathy was found to be an independent risk factor for 28-day mortality. Therefore, more intensive care may be needed because the prognosis could be worse in patients with coagulopathy than in those with other organ dysfunctions due to IAI. Abbreviations IAI: Intra-abdominal infection; ICUs: Intensive care units; KSA: Korean Sepsis Alliance; KDCA: Korea Disease Control and Prevention Agency; SOFA: Sequen‑ tial Organ Failure Assessment; BMI: Body mass index; CCI: Charlson Comor‑ bidity Index; SAP 3: Simplified acute physiology score III; MDR: Multidrug resistance; ORs: Odds ratios; CRRT​: Continuous renal replacement therapy; CNS: Cen"", ""sample_size"": ""We investigated the clinical outcomes and factors influencing mortality of patients with sepsis due to IAI. Methods: This post-hoc analysis of a prospective cohort study included 2126 patients with sepsis who visited 16 tertiary care hospitals in Korea (September 2019–February 2020). The analysis included 219 patients aged > 19 years who were admitted to intensive care units owing to sepsis caused by IAI."", ""predictor"": ""Conclusions: The SAPS 3 score and acute kidney injury with CRRT were independently associated with increased 28-day mortality. Additional support may be needed in patients with coagulopathy than in those with other organ dysfunctions due to IAI because patients with coagulopathy had worse prognosis. Keywords: Intensive care unit, Intra-abdominal infection, Mortality rate, Organ dysfunction, Sepsis, Source control Introduction Sepsis is an uncontrolled reaction of the host to infection, which can be potentially life-threatening."", ""outcome"": ""years who were admitted to intensive care units owing to sepsis caused by IAI. Results: The incidence of septic shock was 47% and was significantly higher in the non-survivor group (58.7% vs 42.3%, p = 0.028). The overall 28-day mortality was 28.8%."", ""method"": ""The microbiological data were described by total numbers and proportions, which showed the Fig. 1 Flow chart of patients’ enrollment. ICU intensive care unit, IAI intra-abdominal infection [OpenRouter vision/OCR extraction from page image] **Visual/OCR-derived:** **Figure 1: Flow chart of patients' enrollment.** - Patients with sepsis: **n = 2126** - Not admitted to the ICUs: **n = 1225** - Admission to the ICUs: **n = 901** - Sepsis due to IAI: **n = 219** - Survivors: **n = 156** - Non-survivors: **n = 63** - Sepsis due to other causes: **n = 682** **Data collection:** - Patient characteristics: age, sex, body mass index (BMI), Charlson Comorbidity Index (CCI), physiological status, medica""}",partial,Review fields: method.,"What predictors, biomarkers, severity scores, statistical methods, effect sizes, and model performance metrics are reported for mortality estimation in sepsis?",28.0
Ren_2022,ICU patients with sepsis and lung infection,1676,SOFA score,in-hospital mortality,Not reported,logistic regression,Not reported,Not reported,SOFA score is included as a risk factor in the nomogram for predicting in-hospital mortality.,Ren_2022.pdf,5,Ren_2022:p5:c1,file:///Users/mikitabianko/dev/sandbox/SepsisAtlasHackathon/articles/Ren_2022.pdf#page=5,"The risk factors of age, lactate, temperature, oxygenation index, BUN, lactate, GCS score, liver disease, cancer, organ transplantation, Troponin T(TnT), neutrophil-to-lymphocyte ratio (NLR), and CRRT, MV, and vasopressor use were included in the nomogram.","{""population"": ""5 The DCA curve of medical intervention in patients with the nomogram, SOFA, and SAPSII in the training et (a) and validation set (b) [OpenRouter vision/OCR extraction from page image] **Visual/OCR-derived Content from Ren_2022.pdf, Page 9:** **Figure 4: Calibration Curves** - **Panel a:** - **Metrics:** - DCA: 0.448 - R^2: 0.217 - C-index: 0.712 - Brier: 0.078 - Emax: 0.051 - Emean: 0.012 - Intercept: 0.003 - Slope: 0.999 - **Panel b:** - Similar metrics as panel a. **Figure 5: DCA Curve of Medical Intervention** - **Panel a:** - **Threshold Probability:** - None: Net benefit curve - All: Net benefit curve - SOFA: Net benefit curve - Nomogram: Net benefit curve - SAPSII: Net benefit curve -"", ""sample_size"": ""To amend incomplete data, the multiple imputation method was applied during the statistical analysis process. The statistically significant threshold was a twosided p value of < 0.05. TRIPOD (transparent reporting of a multivariate prediction model for individual prognosis According to sepsis 3.0 definition 7851 cases were enrolled 1948 cases with sepsis and lung infection were enrolled 1676 suitable cases entered the study 5903 cases without lung infection were excluded Exclude 87 cases admitted to the ICU more than once."", ""predictor"": ""However, those authors did not validate their predictive model, and so we extracted the clinical data of patients with sepsis and lung infection from the MIMIC-III database, applied logistic regression to determine the risk factors of inhospital mortality, confirmed the prediction model and constructed a nomogram, and performed validity and calibration evaluations of the clinical model. Some studies have demonstrated the benefits of the latest method of DCA and recommend its use [29, 30], DCA is a method to evaluate prediction models by calculating the clinical net benefit. The results of our study showed that in both the training and validation sets, interventions based on the nomogram coul"", ""outcome"": ""The results of our study showed that in both the training and validation sets, interventions based on the nomogram could provide better prognoses than the SOFA score and SAPSII when the probability threshold was between 0.1 and 0.6. We adopt Hosmer–Lemeshow test and calibration plots to evaluate the calibration of the prediction model [14, 16], the results of both test demonstrated our model’s calibration ability is satisfied. Liver disease had the largest weighting factor in our model, indicating that it is the most significant predictor for the in-hospital mortality of patients with sepsis and lung infection."", ""method"": ""Seo et al. [28]. constructed a clinical predictive model for the 28-day mortality of sepsis and septic shock patients, with approximately 62% of the sepsis patients in the sample having lung infections. The variables in the model were hypoalbuminemia, low base excess values, and respiratory rate, and the model exhibited effective discrimination and calibration. However, those authors did not validate their predictive model, and so we extracted the clinical data of patients with sepsis and lung infection from the MIMIC-III database, applied logistic regression to determine the risk factors of inhospital mortality, confirmed the prediction model and constructed a nomogram, and performed validi""}",partial,Review fields: predictor.,"What predictors, biomarkers, severity scores, statistical methods, effect sizes, and model performance metrics are reported for mortality estimation in sepsis?",32.5
Roh_2019,Patients with sepsis and septic shock,446,Age ≥65 years,180-day mortality,At ICU admission,Multivariate analysis,+1 point,"AUC 0.713 (95% CI, 0.668–0.756; P<.001)",Significant prognostic indicator for mortality,Roh_2019.pdf,3,Roh_2019:p3:c1,file:///Users/mikitabianko/dev/sandbox/SepsisAtlasHackathon/articles/Roh_2019.pdf#page=3,"In the multivariate analyses, 4 factors (age ≥65 years, BMI 18.5kg/m2, hemato-oncologic diseases as comorbidities, and ventilator care during ICU stay) were significant prognostic indicators on 180- and 365-day mortality, respectively.","{""population"": ""In further analysis, we could not ﬁnd any signiﬁcant association between the 3-hour bundle and long-term prognoses (180- and 365-day mortality, data not shown). 4. Discussion The present study identiﬁed 4 factors (older age, being underweight, hemato-oncologic diseases as comorbidities, and ventilator care during ICU stay) as prognostic of 6-month and 1year mortality rates in patients with sepsis and septic shock."", ""sample_size"": ""3.4. Impact of surviving sepsis campaign bundle on longterm prognoses Because the sepsis bundle was central to implementation of SSC guideline,[1,23,24] we investigated whether the sepsis bundle would be an important long-term prognostic factor in our patient Table 1 Baseline characteristics and outcomes of all enrolled patients. Variables N=446 Age, y 71 (18–95) Male 271 (60.8) Body mass index, kg/m2 22.1 (11.5–42.6) Comorbidities Diabetes mellitus 154 (34.5) Chronic heart diseases (ischemic heart diseases, arrhythmia, valvular heart diseases) 112 (25.1) Neurologic diseases (cerebrovascular diseases, neuromuscular diseases) 94 (21.1) Hemato-oncologic diseases 75 (16.8) Chronic lung diseases"", ""predictor"": ""Variables N=446 Age, y 71 (18–95) Male 271 (60.8) Body mass index, kg/m2 22.1 (11.5–42.6) Comorbidities Diabetes mellitus 154 (34.5) Chronic heart diseases (ischemic heart diseases, arrhythmia, valvular heart diseases) 112 (25.1) Neurologic diseases (cerebrovascular diseases, neuromuscular diseases) 94 (21.1) Hemato-oncologic diseases 75 (16.8) Chronic lung diseases 61 (13.7) Chronic kidney diseases 43 (9.6) Chronic liver diseases 36 (8.1) Alimentary diseases 19 (4.3) Biliary diseases 16 (3.6) Source of infection Respiratory 253 (56.7) Intra-abdominal 71 (15.9) Urinary tract 51 (11.4) Musculoskeletal 27 (6.1) Infective endocarditis 10 (2.2) Neutropenic 6 (1.3) Neurologic (brain abscess, meni"", ""outcome"": ""ore for each of these models for predicting mortality based on the maximum Youden index was ≥1, with the 180-day model having a sensitivity of 73% and a speciﬁcity of 63% and the 365-day model having a sensitivity of 75% and a speciﬁcity of 59%. 3.3."", ""timing"": ""ore for each of these models for predicting mortality based on the maximum Youden index was ≥1, with the 180-day model having a sensitivity of 73% and a speciﬁcity of 63% and the 365-day model having a sensitivity of 75% and a speciﬁcity of 59%. 3.3. Comparison with severity of illness scores When comparing the AUCs of both the 180-day and 365-day models with 2 severity of illness scores (APACHE II and SOFA scores obtained on the day of ICU admission), we found that the AUCs of the 180- and 365-day models did not differ signiﬁcantly from the AUCs of the APACHE II scores (Fig."", ""method"": ""Long-term prognosis scores for the 180- and 365-day models were calculated by assigning points to variables according to their b coefﬁcients. The 180- and 365-day mortality rates were 40.6% and 47.8%, respectively. Multivariate analysis identiﬁed the following factors for inclusion in the 180- and 365-day models: age ≥65 years, body mass index \u000118.5kg/m2, hemato-oncologic diseases as comorbidities, and ventilator care."", ""effect_size"": ""Long-term prognoses at 180 and 365 days Table 3 shows the results of univariate and multivariate analyses of risk factors predicting 180- and 365-day mortality. In the multivariate analyses, 4 factors (age ≥65 years, BMI \u000118.5kg/ m2, hemato-oncologic diseases as comorbidities, and ventilator care during ICU stay) were signiﬁcant prognostic indicators on 180- and 365-day mortality, respectively. Based on the b coefﬁcients observed in multivariate analyses, 4 factors were associated with mortality at both time points (Table 2): age ≥65 years (+ 1 point); BMI \u000118.5kg/m2 (+1 point); hemato-oncologic diseases as comorbidities (+1 point); and ventilator care during ICU stay (+1 point)."", ""performance"": ""2A and B, respectively. The 180-day survival rates among patients with scores of 0 to ≥3 were 83.8%, 70.8%, 42.3%, and 25.0%, respectively, and the 365-day survival rates among patients with scores of 0 to ≥3 were 72.1%, 64.6%, 36.2%, and 15.9%, respectively (P<.001 for all; log-rank test). The AUCs of the 180day and 365-day models were 0.713 (95% CI, 0.668–0.756; P<.001) and 0.697 (95% CI, 0.650–0.740; P<.001), respectively.""}",partial,Review fields: predictor.,"What predictors, biomarkers, severity scores, statistical methods, effect sizes, and model performance metrics are reported for mortality estimation in sepsis?",31.0
Roh_2019,Patients with sepsis and septic shock,446,Age ≥65 years,365-day mortality,At ICU admission,Multivariate analysis,+1 point,"AUC 0.697 (95% CI, 0.650–0.740; P<.001)",Significant prognostic indicator for mortality,Roh_2019.pdf,3,Roh_2019:p3:c1,file:///Users/mikitabianko/dev/sandbox/SepsisAtlasHackathon/articles/Roh_2019.pdf#page=3,"In the multivariate analyses, 4 factors (age ≥65 years, BMI 18.5kg/m2, hemato-oncologic diseases as comorbidities, and ventilator care during ICU stay) were significant prognostic indicators on 180- and 365-day mortality, respectively.","{""population"": ""In further analysis, we could not ﬁnd any signiﬁcant association between the 3-hour bundle and long-term prognoses (180- and 365-day mortality, data not shown). 4. Discussion The present study identiﬁed 4 factors (older age, being underweight, hemato-oncologic diseases as comorbidities, and ventilator care during ICU stay) as prognostic of 6-month and 1year mortality rates in patients with sepsis and septic shock."", ""sample_size"": ""3.4. Impact of surviving sepsis campaign bundle on longterm prognoses Because the sepsis bundle was central to implementation of SSC guideline,[1,23,24] we investigated whether the sepsis bundle would be an important long-term prognostic factor in our patient Table 1 Baseline characteristics and outcomes of all enrolled patients. Variables N=446 Age, y 71 (18–95) Male 271 (60.8) Body mass index, kg/m2 22.1 (11.5–42.6) Comorbidities Diabetes mellitus 154 (34.5) Chronic heart diseases (ischemic heart diseases, arrhythmia, valvular heart diseases) 112 (25.1) Neurologic diseases (cerebrovascular diseases, neuromuscular diseases) 94 (21.1) Hemato-oncologic diseases 75 (16.8) Chronic lung diseases"", ""predictor"": ""Variables N=446 Age, y 71 (18–95) Male 271 (60.8) Body mass index, kg/m2 22.1 (11.5–42.6) Comorbidities Diabetes mellitus 154 (34.5) Chronic heart diseases (ischemic heart diseases, arrhythmia, valvular heart diseases) 112 (25.1) Neurologic diseases (cerebrovascular diseases, neuromuscular diseases) 94 (21.1) Hemato-oncologic diseases 75 (16.8) Chronic lung diseases 61 (13.7) Chronic kidney diseases 43 (9.6) Chronic liver diseases 36 (8.1) Alimentary diseases 19 (4.3) Biliary diseases 16 (3.6) Source of infection Respiratory 253 (56.7) Intra-abdominal 71 (15.9) Urinary tract 51 (11.4) Musculoskeletal 27 (6.1) Infective endocarditis 10 (2.2) Neutropenic 6 (1.3) Neurologic (brain abscess, meni"", ""outcome"": ""Impact of surviving sepsis campaign bundle on longterm prognoses Because the sepsis bundle was central to implementation of SSC guideline,[1,23,24] we investigated whether the sepsis bundle would be an important long-term prognostic factor in our patient Table 1 Baseline characteristics and outcomes of all enrolled patients. Variables N=446 Age, y 71 (18–95) Male 271 (60.8) Body mass index, kg/m2 22.1 (11.5–42.6) Comorbidities Diabetes mellitus 154 (34.5) Chronic heart diseases (ischemic heart diseases, arrhythmia, valvular heart diseases) 112 (25.1) Neurologic diseases (cerebrovascular diseases, neuromuscular diseases) 94 (21.1) Hemato-oncologic diseases 75 (16.8) Chronic lung diseases 61 ("", ""timing"": ""ore for each of these models for predicting mortality based on the maximum Youden index was ≥1, with the 180-day model having a sensitivity of 73% and a speciﬁcity of 63% and the 365-day model having a sensitivity of 75% and a speciﬁcity of 59%. 3.3. Comparison with severity of illness scores When comparing the AUCs of both the 180-day and 365-day models with 2 severity of illness scores (APACHE II and SOFA scores obtained on the day of ICU admission), we found that the AUCs of the 180- and 365-day models did not differ signiﬁcantly from the AUCs of the APACHE II scores (Fig."", ""method"": ""Long-term prognosis scores for the 180- and 365-day models were calculated by assigning points to variables according to their b coefﬁcients. The 180- and 365-day mortality rates were 40.6% and 47.8%, respectively. Multivariate analysis identiﬁed the following factors for inclusion in the 180- and 365-day models: age ≥65 years, body mass index \u000118.5kg/m2, hemato-oncologic diseases as comorbidities, and ventilator care."", ""effect_size"": ""Long-term prognoses at 180 and 365 days Table 3 shows the results of univariate and multivariate analyses of risk factors predicting 180- and 365-day mortality. In the multivariate analyses, 4 factors (age ≥65 years, BMI \u000118.5kg/ m2, hemato-oncologic diseases as comorbidities, and ventilator care during ICU stay) were signiﬁcant prognostic indicators on 180- and 365-day mortality, respectively. Based on the b coefﬁcients observed in multivariate analyses, 4 factors were associated with mortality at both time points (Table 2): age ≥65 years (+ 1 point); BMI \u000118.5kg/m2 (+1 point); hemato-oncologic diseases as comorbidities (+1 point); and ventilator care during ICU stay (+1 point)."", ""performance"": ""2A and B, respectively. The 180-day survival rates among patients with scores of 0 to ≥3 were 83.8%, 70.8%, 42.3%, and 25.0%, respectively, and the 365-day survival rates among patients with scores of 0 to ≥3 were 72.1%, 64.6%, 36.2%, and 15.9%, respectively (P<.001 for all; log-rank test). The AUCs of the 180day and 365-day models were 0.713 (95% CI, 0.668–0.756; P<.001) and 0.697 (95% CI, 0.650–0.740; P<.001), respectively.""}",partial,"Review fields: predictor, outcome.","What predictors, biomarkers, severity scores, statistical methods, effect sizes, and model performance metrics are reported for mortality estimation in sepsis?",31.0
Roh_2019,Patients with sepsis and septic shock,446,BMI ≤18.5 kg/m2,365-day mortality,At ICU admission,Multivariate analysis,+1 point,"AUC 0.697 (95% CI, 0.650–0.740; P<.001)",Significant prognostic indicator for mortality,Roh_2019.pdf,3,Roh_2019:p3:c1,file:///Users/mikitabianko/dev/sandbox/SepsisAtlasHackathon/articles/Roh_2019.pdf#page=3,"In the multivariate analyses, 4 factors (age ≥65 years, BMI 18.5kg/m2, hemato-oncologic diseases as comorbidities, and ventilator care during ICU stay) were significant prognostic indicators on 180- and 365-day mortality, respectively.","{""population"": ""In further analysis, we could not ﬁnd any signiﬁcant association between the 3-hour bundle and long-term prognoses (180- and 365-day mortality, data not shown). 4. Discussion The present study identiﬁed 4 factors (older age, being underweight, hemato-oncologic diseases as comorbidities, and ventilator care during ICU stay) as prognostic of 6-month and 1year mortality rates in patients with sepsis and septic shock."", ""sample_size"": ""3.4. Impact of surviving sepsis campaign bundle on longterm prognoses Because the sepsis bundle was central to implementation of SSC guideline,[1,23,24] we investigated whether the sepsis bundle would be an important long-term prognostic factor in our patient Table 1 Baseline characteristics and outcomes of all enrolled patients. Variables N=446 Age, y 71 (18–95) Male 271 (60.8) Body mass index, kg/m2 22.1 (11.5–42.6) Comorbidities Diabetes mellitus 154 (34.5) Chronic heart diseases (ischemic heart diseases, arrhythmia, valvular heart diseases) 112 (25.1) Neurologic diseases (cerebrovascular diseases, neuromuscular diseases) 94 (21.1) Hemato-oncologic diseases 75 (16.8) Chronic lung diseases"", ""predictor"": ""Variables N=446 Age, y 71 (18–95) Male 271 (60.8) Body mass index, kg/m2 22.1 (11.5–42.6) Comorbidities Diabetes mellitus 154 (34.5) Chronic heart diseases (ischemic heart diseases, arrhythmia, valvular heart diseases) 112 (25.1) Neurologic diseases (cerebrovascular diseases, neuromuscular diseases) 94 (21.1) Hemato-oncologic diseases 75 (16.8) Chronic lung diseases 61 (13.7) Chronic kidney diseases 43 (9.6) Chronic liver diseases 36 (8.1) Alimentary diseases 19 (4.3) Biliary diseases 16 (3.6) Source of infection Respiratory 253 (56.7) Intra-abdominal 71 (15.9) Urinary tract 51 (11.4) Musculoskeletal 27 (6.1) Infective endocarditis 10 (2.2) Neutropenic 6 (1.3) Neurologic (brain abscess, meni"", ""outcome"": ""Impact of surviving sepsis campaign bundle on longterm prognoses Because the sepsis bundle was central to implementation of SSC guideline,[1,23,24] we investigated whether the sepsis bundle would be an important long-term prognostic factor in our patient Table 1 Baseline characteristics and outcomes of all enrolled patients. Variables N=446 Age, y 71 (18–95) Male 271 (60.8) Body mass index, kg/m2 22.1 (11.5–42.6) Comorbidities Diabetes mellitus 154 (34.5) Chronic heart diseases (ischemic heart diseases, arrhythmia, valvular heart diseases) 112 (25.1) Neurologic diseases (cerebrovascular diseases, neuromuscular diseases) 94 (21.1) Hemato-oncologic diseases 75 (16.8) Chronic lung diseases 61 ("", ""timing"": ""ore for each of these models for predicting mortality based on the maximum Youden index was ≥1, with the 180-day model having a sensitivity of 73% and a speciﬁcity of 63% and the 365-day model having a sensitivity of 75% and a speciﬁcity of 59%. 3.3. Comparison with severity of illness scores When comparing the AUCs of both the 180-day and 365-day models with 2 severity of illness scores (APACHE II and SOFA scores obtained on the day of ICU admission), we found that the AUCs of the 180- and 365-day models did not differ signiﬁcantly from the AUCs of the APACHE II scores (Fig."", ""method"": ""Long-term prognosis scores for the 180- and 365-day models were calculated by assigning points to variables according to their b coefﬁcients. The 180- and 365-day mortality rates were 40.6% and 47.8%, respectively. Multivariate analysis identiﬁed the following factors for inclusion in the 180- and 365-day models: age ≥65 years, body mass index \u000118.5kg/m2, hemato-oncologic diseases as comorbidities, and ventilator care."", ""effect_size"": ""Long-term prognoses at 180 and 365 days Table 3 shows the results of univariate and multivariate analyses of risk factors predicting 180- and 365-day mortality. In the multivariate analyses, 4 factors (age ≥65 years, BMI \u000118.5kg/ m2, hemato-oncologic diseases as comorbidities, and ventilator care during ICU stay) were signiﬁcant prognostic indicators on 180- and 365-day mortality, respectively. Based on the b coefﬁcients observed in multivariate analyses, 4 factors were associated with mortality at both time points (Table 2): age ≥65 years (+ 1 point); BMI \u000118.5kg/m2 (+1 point); hemato-oncologic diseases as comorbidities (+1 point); and ventilator care during ICU stay (+1 point)."", ""performance"": ""2A and B, respectively. The 180-day survival rates among patients with scores of 0 to ≥3 were 83.8%, 70.8%, 42.3%, and 25.0%, respectively, and the 365-day survival rates among patients with scores of 0 to ≥3 were 72.1%, 64.6%, 36.2%, and 15.9%, respectively (P<.001 for all; log-rank test). The AUCs of the 180day and 365-day models were 0.713 (95% CI, 0.668–0.756; P<.001) and 0.697 (95% CI, 0.650–0.740; P<.001), respectively.""}",partial,Review fields: outcome.,"What predictors, biomarkers, severity scores, statistical methods, effect sizes, and model performance metrics are reported for mortality estimation in sepsis?",31.0
Roh_2019,Patients with sepsis and septic shock,446,Hemato-oncologic diseases as comorbidities,365-day mortality,At ICU admission,Multivariate analysis,+1 point,"AUC 0.697 (95% CI, 0.650–0.740; P<.001)",Significant prognostic indicator for mortality,Roh_2019.pdf,3,Roh_2019:p3:c1,file:///Users/mikitabianko/dev/sandbox/SepsisAtlasHackathon/articles/Roh_2019.pdf#page=3,"In the multivariate analyses, 4 factors (age ≥65 years, BMI 18.5kg/m2, hemato-oncologic diseases as comorbidities, and ventilator care during ICU stay) were significant prognostic indicators on 180- and 365-day mortality, respectively.","{""population"": ""In further analysis, we could not ﬁnd any signiﬁcant association between the 3-hour bundle and long-term prognoses (180- and 365-day mortality, data not shown). 4. Discussion The present study identiﬁed 4 factors (older age, being underweight, hemato-oncologic diseases as comorbidities, and ventilator care during ICU stay) as prognostic of 6-month and 1year mortality rates in patients with sepsis and septic shock."", ""sample_size"": ""3.4. Impact of surviving sepsis campaign bundle on longterm prognoses Because the sepsis bundle was central to implementation of SSC guideline,[1,23,24] we investigated whether the sepsis bundle would be an important long-term prognostic factor in our patient Table 1 Baseline characteristics and outcomes of all enrolled patients. Variables N=446 Age, y 71 (18–95) Male 271 (60.8) Body mass index, kg/m2 22.1 (11.5–42.6) Comorbidities Diabetes mellitus 154 (34.5) Chronic heart diseases (ischemic heart diseases, arrhythmia, valvular heart diseases) 112 (25.1) Neurologic diseases (cerebrovascular diseases, neuromuscular diseases) 94 (21.1) Hemato-oncologic diseases 75 (16.8) Chronic lung diseases"", ""predictor"": ""Variables N=446 Age, y 71 (18–95) Male 271 (60.8) Body mass index, kg/m2 22.1 (11.5–42.6) Comorbidities Diabetes mellitus 154 (34.5) Chronic heart diseases (ischemic heart diseases, arrhythmia, valvular heart diseases) 112 (25.1) Neurologic diseases (cerebrovascular diseases, neuromuscular diseases) 94 (21.1) Hemato-oncologic diseases 75 (16.8) Chronic lung diseases 61 (13.7) Chronic kidney diseases 43 (9.6) Chronic liver diseases 36 (8.1) Alimentary diseases 19 (4.3) Biliary diseases 16 (3.6) Source of infection Respiratory 253 (56.7) Intra-abdominal 71 (15.9) Urinary tract 51 (11.4) Musculoskeletal 27 (6.1) Infective endocarditis 10 (2.2) Neutropenic 6 (1.3) Neurologic (brain abscess, meni"", ""outcome"": ""Impact of surviving sepsis campaign bundle on longterm prognoses Because the sepsis bundle was central to implementation of SSC guideline,[1,23,24] we investigated whether the sepsis bundle would be an important long-term prognostic factor in our patient Table 1 Baseline characteristics and outcomes of all enrolled patients. Variables N=446 Age, y 71 (18–95) Male 271 (60.8) Body mass index, kg/m2 22.1 (11.5–42.6) Comorbidities Diabetes mellitus 154 (34.5) Chronic heart diseases (ischemic heart diseases, arrhythmia, valvular heart diseases) 112 (25.1) Neurologic diseases (cerebrovascular diseases, neuromuscular diseases) 94 (21.1) Hemato-oncologic diseases 75 (16.8) Chronic lung diseases 61 ("", ""timing"": ""ore for each of these models for predicting mortality based on the maximum Youden index was ≥1, with the 180-day model having a sensitivity of 73% and a speciﬁcity of 63% and the 365-day model having a sensitivity of 75% and a speciﬁcity of 59%. 3.3. Comparison with severity of illness scores When comparing the AUCs of both the 180-day and 365-day models with 2 severity of illness scores (APACHE II and SOFA scores obtained on the day of ICU admission), we found that the AUCs of the 180- and 365-day models did not differ signiﬁcantly from the AUCs of the APACHE II scores (Fig."", ""method"": ""Long-term prognosis scores for the 180- and 365-day models were calculated by assigning points to variables according to their b coefﬁcients. The 180- and 365-day mortality rates were 40.6% and 47.8%, respectively. Multivariate analysis identiﬁed the following factors for inclusion in the 180- and 365-day models: age ≥65 years, body mass index \u000118.5kg/m2, hemato-oncologic diseases as comorbidities, and ventilator care."", ""effect_size"": ""Long-term prognoses at 180 and 365 days Table 3 shows the results of univariate and multivariate analyses of risk factors predicting 180- and 365-day mortality. In the multivariate analyses, 4 factors (age ≥65 years, BMI \u000118.5kg/ m2, hemato-oncologic diseases as comorbidities, and ventilator care during ICU stay) were signiﬁcant prognostic indicators on 180- and 365-day mortality, respectively. Based on the b coefﬁcients observed in multivariate analyses, 4 factors were associated with mortality at both time points (Table 2): age ≥65 years (+ 1 point); BMI \u000118.5kg/m2 (+1 point); hemato-oncologic diseases as comorbidities (+1 point); and ventilator care during ICU stay (+1 point)."", ""performance"": ""2A and B, respectively. The 180-day survival rates among patients with scores of 0 to ≥3 were 83.8%, 70.8%, 42.3%, and 25.0%, respectively, and the 365-day survival rates among patients with scores of 0 to ≥3 were 72.1%, 64.6%, 36.2%, and 15.9%, respectively (P<.001 for all; log-rank test). The AUCs of the 180day and 365-day models were 0.713 (95% CI, 0.668–0.756; P<.001) and 0.697 (95% CI, 0.650–0.740; P<.001), respectively.""}",partial,Review fields: outcome.,"What predictors, biomarkers, severity scores, statistical methods, effect sizes, and model performance metrics are reported for mortality estimation in sepsis?",31.0
Roh_2019,Patients with sepsis and septic shock,446,Ventilator care during ICU stay,180-day mortality,At ICU admission,Multivariate analysis,+1 point,"AUC 0.713 (95% CI, 0.668–0.756; P<.001)",Significant prognostic indicator for mortality,Roh_2019.pdf,3,Roh_2019:p3:c1,file:///Users/mikitabianko/dev/sandbox/SepsisAtlasHackathon/articles/Roh_2019.pdf#page=3,"In the multivariate analyses, 4 factors (age ≥65 years, BMI 18.5kg/m2, hemato-oncologic diseases as comorbidities, and ventilator care during ICU stay) were significant prognostic indicators on 180- and 365-day mortality, respectively.","{""population"": ""In further analysis, we could not ﬁnd any signiﬁcant association between the 3-hour bundle and long-term prognoses (180- and 365-day mortality, data not shown). 4. Discussion The present study identiﬁed 4 factors (older age, being underweight, hemato-oncologic diseases as comorbidities, and ventilator care during ICU stay) as prognostic of 6-month and 1year mortality rates in patients with sepsis and septic shock."", ""sample_size"": ""3.4. Impact of surviving sepsis campaign bundle on longterm prognoses Because the sepsis bundle was central to implementation of SSC guideline,[1,23,24] we investigated whether the sepsis bundle would be an important long-term prognostic factor in our patient Table 1 Baseline characteristics and outcomes of all enrolled patients. Variables N=446 Age, y 71 (18–95) Male 271 (60.8) Body mass index, kg/m2 22.1 (11.5–42.6) Comorbidities Diabetes mellitus 154 (34.5) Chronic heart diseases (ischemic heart diseases, arrhythmia, valvular heart diseases) 112 (25.1) Neurologic diseases (cerebrovascular diseases, neuromuscular diseases) 94 (21.1) Hemato-oncologic diseases 75 (16.8) Chronic lung diseases"", ""predictor"": ""Variables N=446 Age, y 71 (18–95) Male 271 (60.8) Body mass index, kg/m2 22.1 (11.5–42.6) Comorbidities Diabetes mellitus 154 (34.5) Chronic heart diseases (ischemic heart diseases, arrhythmia, valvular heart diseases) 112 (25.1) Neurologic diseases (cerebrovascular diseases, neuromuscular diseases) 94 (21.1) Hemato-oncologic diseases 75 (16.8) Chronic lung diseases 61 (13.7) Chronic kidney diseases 43 (9.6) Chronic liver diseases 36 (8.1) Alimentary diseases 19 (4.3) Biliary diseases 16 (3.6) Source of infection Respiratory 253 (56.7) Intra-abdominal 71 (15.9) Urinary tract 51 (11.4) Musculoskeletal 27 (6.1) Infective endocarditis 10 (2.2) Neutropenic 6 (1.3) Neurologic (brain abscess, meni"", ""outcome"": ""ore for each of these models for predicting mortality based on the maximum Youden index was ≥1, with the 180-day model having a sensitivity of 73% and a speciﬁcity of 63% and the 365-day model having a sensitivity of 75% and a speciﬁcity of 59%. 3.3."", ""timing"": ""ore for each of these models for predicting mortality based on the maximum Youden index was ≥1, with the 180-day model having a sensitivity of 73% and a speciﬁcity of 63% and the 365-day model having a sensitivity of 75% and a speciﬁcity of 59%. 3.3. Comparison with severity of illness scores When comparing the AUCs of both the 180-day and 365-day models with 2 severity of illness scores (APACHE II and SOFA scores obtained on the day of ICU admission), we found that the AUCs of the 180- and 365-day models did not differ signiﬁcantly from the AUCs of the APACHE II scores (Fig."", ""method"": ""Long-term prognosis scores for the 180- and 365-day models were calculated by assigning points to variables according to their b coefﬁcients. The 180- and 365-day mortality rates were 40.6% and 47.8%, respectively. Multivariate analysis identiﬁed the following factors for inclusion in the 180- and 365-day models: age ≥65 years, body mass index \u000118.5kg/m2, hemato-oncologic diseases as comorbidities, and ventilator care."", ""effect_size"": ""Long-term prognoses at 180 and 365 days Table 3 shows the results of univariate and multivariate analyses of risk factors predicting 180- and 365-day mortality. In the multivariate analyses, 4 factors (age ≥65 years, BMI \u000118.5kg/ m2, hemato-oncologic diseases as comorbidities, and ventilator care during ICU stay) were signiﬁcant prognostic indicators on 180- and 365-day mortality, respectively. Based on the b coefﬁcients observed in multivariate analyses, 4 factors were associated with mortality at both time points (Table 2): age ≥65 years (+ 1 point); BMI \u000118.5kg/m2 (+1 point); hemato-oncologic diseases as comorbidities (+1 point); and ventilator care during ICU stay (+1 point)."", ""performance"": ""2A and B, respectively. The 180-day survival rates among patients with scores of 0 to ≥3 were 83.8%, 70.8%, 42.3%, and 25.0%, respectively, and the 365-day survival rates among patients with scores of 0 to ≥3 were 72.1%, 64.6%, 36.2%, and 15.9%, respectively (P<.001 for all; log-rank test). The AUCs of the 180day and 365-day models were 0.713 (95% CI, 0.668–0.756; P<.001) and 0.697 (95% CI, 0.650–0.740; P<.001), respectively.""}",partial,Review fields: predictor.,"What predictors, biomarkers, severity scores, statistical methods, effect sizes, and model performance metrics are reported for mortality estimation in sepsis?",31.0
Roh_2019,Patients with sepsis and septic shock,446,Ventilator care during ICU stay,365-day mortality,At ICU admission,Multivariate analysis,+1 point,"AUC 0.697 (95% CI, 0.650–0.740; P<.001)",Significant prognostic indicator for mortality,Roh_2019.pdf,3,Roh_2019:p3:c1,file:///Users/mikitabianko/dev/sandbox/SepsisAtlasHackathon/articles/Roh_2019.pdf#page=3,"In the multivariate analyses, 4 factors (age ≥65 years, BMI 18.5kg/m2, hemato-oncologic diseases as comorbidities, and ventilator care during ICU stay) were significant prognostic indicators on 180- and 365-day mortality, respectively.","{""population"": ""In further analysis, we could not ﬁnd any signiﬁcant association between the 3-hour bundle and long-term prognoses (180- and 365-day mortality, data not shown). 4. Discussion The present study identiﬁed 4 factors (older age, being underweight, hemato-oncologic diseases as comorbidities, and ventilator care during ICU stay) as prognostic of 6-month and 1year mortality rates in patients with sepsis and septic shock."", ""sample_size"": ""3.4. Impact of surviving sepsis campaign bundle on longterm prognoses Because the sepsis bundle was central to implementation of SSC guideline,[1,23,24] we investigated whether the sepsis bundle would be an important long-term prognostic factor in our patient Table 1 Baseline characteristics and outcomes of all enrolled patients. Variables N=446 Age, y 71 (18–95) Male 271 (60.8) Body mass index, kg/m2 22.1 (11.5–42.6) Comorbidities Diabetes mellitus 154 (34.5) Chronic heart diseases (ischemic heart diseases, arrhythmia, valvular heart diseases) 112 (25.1) Neurologic diseases (cerebrovascular diseases, neuromuscular diseases) 94 (21.1) Hemato-oncologic diseases 75 (16.8) Chronic lung diseases"", ""predictor"": ""Variables N=446 Age, y 71 (18–95) Male 271 (60.8) Body mass index, kg/m2 22.1 (11.5–42.6) Comorbidities Diabetes mellitus 154 (34.5) Chronic heart diseases (ischemic heart diseases, arrhythmia, valvular heart diseases) 112 (25.1) Neurologic diseases (cerebrovascular diseases, neuromuscular diseases) 94 (21.1) Hemato-oncologic diseases 75 (16.8) Chronic lung diseases 61 (13.7) Chronic kidney diseases 43 (9.6) Chronic liver diseases 36 (8.1) Alimentary diseases 19 (4.3) Biliary diseases 16 (3.6) Source of infection Respiratory 253 (56.7) Intra-abdominal 71 (15.9) Urinary tract 51 (11.4) Musculoskeletal 27 (6.1) Infective endocarditis 10 (2.2) Neutropenic 6 (1.3) Neurologic (brain abscess, meni"", ""outcome"": ""Impact of surviving sepsis campaign bundle on longterm prognoses Because the sepsis bundle was central to implementation of SSC guideline,[1,23,24] we investigated whether the sepsis bundle would be an important long-term prognostic factor in our patient Table 1 Baseline characteristics and outcomes of all enrolled patients. Variables N=446 Age, y 71 (18–95) Male 271 (60.8) Body mass index, kg/m2 22.1 (11.5–42.6) Comorbidities Diabetes mellitus 154 (34.5) Chronic heart diseases (ischemic heart diseases, arrhythmia, valvular heart diseases) 112 (25.1) Neurologic diseases (cerebrovascular diseases, neuromuscular diseases) 94 (21.1) Hemato-oncologic diseases 75 (16.8) Chronic lung diseases 61 ("", ""timing"": ""ore for each of these models for predicting mortality based on the maximum Youden index was ≥1, with the 180-day model having a sensitivity of 73% and a speciﬁcity of 63% and the 365-day model having a sensitivity of 75% and a speciﬁcity of 59%. 3.3. Comparison with severity of illness scores When comparing the AUCs of both the 180-day and 365-day models with 2 severity of illness scores (APACHE II and SOFA scores obtained on the day of ICU admission), we found that the AUCs of the 180- and 365-day models did not differ signiﬁcantly from the AUCs of the APACHE II scores (Fig."", ""method"": ""Long-term prognosis scores for the 180- and 365-day models were calculated by assigning points to variables according to their b coefﬁcients. The 180- and 365-day mortality rates were 40.6% and 47.8%, respectively. Multivariate analysis identiﬁed the following factors for inclusion in the 180- and 365-day models: age ≥65 years, body mass index \u000118.5kg/m2, hemato-oncologic diseases as comorbidities, and ventilator care."", ""effect_size"": ""Long-term prognoses at 180 and 365 days Table 3 shows the results of univariate and multivariate analyses of risk factors predicting 180- and 365-day mortality. In the multivariate analyses, 4 factors (age ≥65 years, BMI \u000118.5kg/ m2, hemato-oncologic diseases as comorbidities, and ventilator care during ICU stay) were signiﬁcant prognostic indicators on 180- and 365-day mortality, respectively. Based on the b coefﬁcients observed in multivariate analyses, 4 factors were associated with mortality at both time points (Table 2): age ≥65 years (+ 1 point); BMI \u000118.5kg/m2 (+1 point); hemato-oncologic diseases as comorbidities (+1 point); and ventilator care during ICU stay (+1 point)."", ""performance"": ""2A and B, respectively. The 180-day survival rates among patients with scores of 0 to ≥3 were 83.8%, 70.8%, 42.3%, and 25.0%, respectively, and the 365-day survival rates among patients with scores of 0 to ≥3 were 72.1%, 64.6%, 36.2%, and 15.9%, respectively (P<.001 for all; log-rank test). The AUCs of the 180day and 365-day models were 0.713 (95% CI, 0.668–0.756; P<.001) and 0.697 (95% CI, 0.650–0.740; P<.001), respectively.""}",partial,"Review fields: predictor, outcome.","What predictors, biomarkers, severity scores, statistical methods, effect sizes, and model performance metrics are reported for mortality estimation in sepsis?",31.0
Schlapbach_2018,children < 18 years with suspected infection admitted to ICUs,2594,qSOFA,ICU mortality,first 24 h of ICU admission,AUROC analysis,crude mortality increase from 3.9 to 8.1%,AUROC 0.739; 0.695–0.784,Performance of qSOFA to identify patients with organ dysfunction at risk for worse outcomes was poor.,Schlapbach_2018.pdf,1,Schlapbach_2018:p1:c1,file:///Users/mikitabianko/dev/sandbox/SepsisAtlasHackathon/articles/Schlapbach_2018.pdf#page=1,Performance of qSOFA to identify patients with organ dysfunction at risk for worse outcomes was poor.,"{""population"": ""However, the clinical criteria for this definition were neither designed for nor validated in children. We validated the performance of SIRS, age-adapted SOFA, quick SOFA and PELOD-2 scores as predictors of outcome in children. Methods: We performed a multicentre binational cohort study of patients < 18 years admitted with infection to ICUs in Australia and New Zealand."", ""sample_size"": ""The primary outcome was ICU mortality. SIRS, age-adapted SOFA, quick SOFA and PELOD-2 scores were compared using crude and adjusted area under the receiver operating characteristic curve (AUROC) analysis. Results: Of 2594 paediatric ICU admissions due to infection, 151 (5.8%) children died, and 949/2594 (36.6%) patients died or experienced an ICU length of stay ≥ 3 days."", ""predictor"": ""Leclerc and colleagues assessed PELOD-2 in 862 children with infection recruited in the original PELOD cohort and reported a high in-sample performance [23]. Our findings are further supported by a recent single centre PICU study including patients up to 21 years which tested a paediatric SOFA adaptation [26] based on the same PELOD-2 cut-offs for arterial hypotension and renal dysfunction but applying a more granular score increase, resulting in excellent performance. In contrast to the paper by Matics et al. [26] which did not report on SIRS or severe sepsis, we analyzed multicentre data of patients < 18 years, using mortality as the primary and mortality and/or PICU length of stay ≥ 3 day"", ""outcome"": ""We validated the performance of SIRS, age-adapted SOFA, quick SOFA and PELOD-2 scores as predictors of outcome in children. Methods: We performed a multicentre binational cohort study of patients < 18 years admitted with infection to ICUs in Australia and New Zealand. The primary outcome was ICU mortality."", ""timing"": ""Due to the high centralization of PICU services in Australia and New Zealand, it is common for critically ill children outside large metropolitan areas to be admitted to mixed ICUs. In the present study, 149 (5.8%) children required secondary interhospital transfer to a PICU, all of which were tracked to capture the primary and secondary outcome. Second, capturing the worst parameters within the first 24 h of ICU admission may not capture peak disease severity, resulting in lower performance of the scores [26]."", ""method"": ""Methods: We performed a multicentre binational cohort study of patients < 18 years admitted with infection to ICUs in Australia and New Zealand. The primary outcome was ICU mortality. SIRS, age-adapted SOFA, quick SOFA and PELOD-2 scores were compared using crude and adjusted area under the receiver operating characteristic curve (AUROC) analysis."", ""effect_size"": ""SIRS, age-adapted SOFA, quick SOFA and PELOD-2 scores were compared using crude and adjusted area under the receiver operating characteristic curve (AUROC) analysis. Results: Of 2594 paediatric ICU admissions due to infection, 151 (5.8%) children died, and 949/2594 (36.6%) patients died or experienced an ICU length of stay ≥ 3 days. A ≥ 2-point increase in the individual score was associated with a crude mortality increase from 3.1 to 6.8% for SIRS, from 1.9 to 7.6% for age-adapted SOFA, from 1.7 to 7.3% for PELOD-2, and from 3.9 to 8.1% for qSOFA (p < 0.001)."", ""performance"": ""Results: Of 2594 paediatric ICU admissions due to infection, 151 (5.8%) children died, and 949/2594 (36.6%) patients died or experienced an ICU length of stay ≥ 3 days. A ≥ 2-point increase in the individual score was associated with a crude mortality increase from 3.1 to 6.8% for SIRS, from 1.9 to 7.6% for age-adapted SOFA, from 1.7 to 7.3% for PELOD-2, and from 3.9 to 8.1% for qSOFA (p < 0.001). The discrimination of outcomes was significantly higher for SOFA (adjusted AUROC 0.829; 0.791–0.868) and PELOD-2 (0.816; 0.777–0.854) than for qSOFA (0.739; 0.695–0.784) and SIRS (0.710; 0.664–0.756).""}",partial,Review fields: predictor.,"What predictors, biomarkers, severity scores, statistical methods, effect sizes, and model performance metrics are reported for mortality estimation in sepsis?",32.25
Seymour_2016,non-ICU encounters with suspected infection,66522,qSOFA,in-hospital mortality,Not reported,AUROC,"0.81 (95% CI, 0.80-0.82)",Not reported,Predictive validity for in-hospital mortality was statistically greater than SOFA and SIRS.,Seymour_2016.pdf,1,p1:c2,file:///Users/mikitabianko/dev/sandbox/SepsisAtlasHackathon/articles/Seymour_2016.pdf#page=1,the predictive validity for in-hospital mortality of qSOFA was statistically greater than SOFA and SIRS,"{""population"": ""RESULTS In the primary cohort, 148 907 encounters had suspected infection (n = 74 453 derivation; n = 74 454 validation), of whom 6347 (4%) died. Among ICU encounters in the validation cohort (n = 7932 with suspected infection, of whom 1289 [16%] died), the predictive validity for in-hospital mortality was lower for SIRS (AUROC = 0.64; 95% CI, 0.62-0.66) and qSOFA (AUROC = 0.66; 95% CI, 0.64-0.68) vs SOFA (AUROC = 0.74; 95% CI, 0.73-0.76; P < .001 for both) or LODS (AUROC = 0.75; 95% CI, 0.73-0.76; P < .001 for both). Among non-ICU encounters in the validation cohort (n = 66 522 with suspected infection, of whom 1886 [3%] died), qSOFA had predictive validity (AUROC = 0.81; 95% CI, 0.80-0.82)"", ""sample_size"": ""length of stay \u00033 days) more common in sepsis than uncomplicated infection was determined. Results were expressed as the fold change in outcome over deciles of baseline risk of death and area under the receiver operating characteristic curve (AUROC)."", ""predictor"": ""Results were expressed as the fold change in outcome over deciles of baseline risk of death and area under the receiver operating characteristic curve (AUROC). RESULTS In the primary cohort, 148 907 encounters had suspected infection (n = 74 453 derivation; n = 74 454 validation), of whom 6347 (4%) died. Among ICU encounters in the validation cohort (n = 7932 with suspected infection, of whom 1289 [16%] died), the predictive validity for in-hospital mortality was lower for SIRS (AUROC = 0.64; 95% CI, 0.62-0.66) and qSOFA (AUROC = 0.66; 95% CI, 0.64-0.68) vs SOFA (AUROC = 0.74; 95% CI, 0.73-0.76; P < .001 for both) or LODS (AUROC = 0.75; 95% CI, 0.73-0.76; P < .001 for both)."", ""outcome"": ""Results were expressed as the fold change in outcome over deciles of baseline risk of death and area under the receiver operating characteristic curve (AUROC). RESULTS In the primary cohort, 148 907 encounters had suspected infection (n = 74 453 derivation; n = 74 454 validation), of whom 6347 (4%) died. Among ICU encounters in the validation cohort (n = 7932 with suspected infection, of whom 1289 [16%] died), the predictive validity for in-hospital mortality was lower for SIRS (AUROC = 0.64; 95% CI, 0.62-0.66) and qSOFA (AUROC = 0.66; 95% CI, 0.64-0.68) vs SOFA (AUROC = 0.74; 95% CI, 0.73-0.76; P < .001 for both) or LODS (AUROC = 0.75; 95% CI, 0.73-0.76; P < .001 for both)."", ""method"": ""length of stay \u00033 days) more common in sepsis than uncomplicated infection was determined. Results were expressed as the fold change in outcome over deciles of baseline risk of death and area under the receiver operating characteristic curve (AUROC)."", ""effect_size"": ""RESULTS In the primary cohort, 148 907 encounters had suspected infection (n = 74 453 derivation; n = 74 454 validation), of whom 6347 (4%) died. Among ICU encounters in the validation cohort (n = 7932 with suspected infection, of whom 1289 [16%] died), the predictive validity for in-hospital mortality was lower for SIRS (AUROC = 0.64; 95% CI, 0.62-0.66) and qSOFA (AUROC = 0.66; 95% CI, 0.64-0.68) vs SOFA (AUROC = 0.74; 95% CI, 0.73-0.76; P < .001 for both) or LODS (AUROC = 0.75; 95% CI, 0.73-0.76; P < .001 for both). Among non-ICU encounters in the validation cohort (n = 66 522 with suspected infection, of whom 1886 [3%] died), qSOFA had predictive validity (AUROC = 0.81; 95% CI, 0.80-0.82)""}",partial,Review fields: sample_size.,"What predictors, biomarkers, severity scores, statistical methods, effect sizes, and model performance metrics are reported for mortality estimation in sepsis?",29.0
Suttapanit_2022,Adult patients with sepsis in the triage area of the ED,550,National Early Warning Score (NEWS),28-day mortality,Not reported,AUROC,0.770; 95% CI: 0.705-0.835,Not reported,NEWS outperformed other scores in predicting 28-day mortality.,Suttapanit_2022.pdf,4,c2,file:///Users/mikitabianko/dev/sandbox/SepsisAtlasHackathon/articles/Suttapanit_2022.pdf#page=4,The 28-day mortality rate was best detected by the National Early Warning Score (NEWS) (AUROC = 0.770; 95% confidence interval [CI]: 0.705-0.835),"{""population"": ""Mahidol University, Faculty of Medicine Ramathibodi Hospital, Department of Emergency Medicine, Bangkok, Thailand Introduction: Sepsis has a mortality rate of 10-40% worldwide. Many screening tools for sepsis prediction and for emergency department (ED) triage are controversial. This study compared the accuracy of the scores for predicting 28-day mortality in adult patients with sepsis in the triage area of the ED."", ""sample_size"": ""DISCUSSION Our study demonstrates that NEWS has the best predictive performance for the 28-day mortality of sepsis patients at the triage area of the ED. In the same way, Omar et al reported that NEWS outperformed both SIRS (AUROC 0.95 vs 0.89; P 0.001) and qSOFA (AUROC 0.95 vs 0.87; P 0.001) in predicting death in only the severe sepsis and septic shock groups in the ED.7 Anniek et al determined that NEWS performed substantially better than qSOFA and SIRS in predicting both 10-day mortality (AUROC = 0.837, 0.744, and 0.646, respectively) and 30-day mortality (AUROC = 0.779, 0.697, and 0.631, respectively).8 Furthermore, NEWS showed a high performance in predicting 28-day mechanical ventilat"", ""predictor"": ""Results: We analyzed a total of 550 patients. The 28-day mortality rate was 12.4% (n = 68). The 28-day mortality rate was best detected by the National Early Warning Score (NEWS) (AUROC = 0.770; 95% confidence interval [CI]: 0.705-0.835), followed by the quick Sequential Organ Failure Assessment (qSOFA) score (AUROC = 0.7473; 95% CI: 0.688-0.806), Search Out Severity (SOS) score (AUROC = 0.749; 95% CI: 0.685-0.815), Emergency Severity Index (ESI) triage (AUROC = 0.599; 95% CI: 0.542-0.656, and the Systemic Inflammatory Response System (SIRS) criteria (AUROC = 0.588; 95% CI: 0.522-0.654])."", ""outcome"": ""ty rates of all predictive scores at different threshold are presented in Table 3. For the secondary outcomes, 28-day mechanical ventilator usage and vasopressor usage, NEWS provided a high AUROC and outperformed as shown in Table 2 and Figures 3, 4. 0.00 0.25 0.50 0.75 1.00 Sensitivity 0.00 0.25 0.50 0.75 1.00 1-Specificity NEWS (ROC area: 0.7701) SOS (ROC area: 0.7499) qSOFA (ROC area: 0.7473) SIRs (ROC area: 0.5884) ESI triage (ROC area: 0.5988) Reference 28-day mortality Figure 2."", ""method"": ""ty rates of all predictive scores at different threshold are presented in Table 3. For the secondary outcomes, 28-day mechanical ventilator usage and vasopressor usage, NEWS provided a high AUROC and outperformed as shown in Table 2 and Figures 3, 4."", ""effect_size"": ""The 28-day mortality rate was 12.4% (n = 68). The 28-day mortality rate was best detected by the National Early Warning Score (NEWS) (AUROC = 0.770; 95% confidence interval [CI]: 0.705-0.835), followed by the quick Sequential Organ Failure Assessment (qSOFA) score (AUROC = 0.7473; 95% CI: 0.688-0.806), Search Out Severity (SOS) score (AUROC = 0.749; 95% CI: 0.685-0.815), Emergency Severity Index (ESI) triage (AUROC = 0.599; 95% CI: 0.542-0.656, and the Systemic Inflammatory Response System (SIRS) criteria (AUROC = 0.588; 95% CI: 0.522-0.654]). The NEWS also provided a higher AUROC and outperformed for 28-day mechanical ventilator usage and 28-day vasopressor usage. the ED - Excluded patients""}",partial,Review fields: sample_size.,"What predictors, biomarkers, severity scores, statistical methods, effect sizes, and model performance metrics are reported for mortality estimation in sepsis?",36.25
Suttapanit_2022,Adult patients with sepsis in the triage area of the ED,550,Search Out Severity (SOS),28-day mortality,Not reported,AUROC,0.749; 95% CI: 0.685-0.815,Not reported,SOS was another predictor for 28-day mortality.,Suttapanit_2022.pdf,4,c2,file:///Users/mikitabianko/dev/sandbox/SepsisAtlasHackathon/articles/Suttapanit_2022.pdf#page=4,Search Out Severity (SOS) score (AUROC = 0.749; 95% CI: 0.685-0.815),"{""population"": ""Mahidol University, Faculty of Medicine Ramathibodi Hospital, Department of Emergency Medicine, Bangkok, Thailand Introduction: Sepsis has a mortality rate of 10-40% worldwide. Many screening tools for sepsis prediction and for emergency department (ED) triage are controversial. This study compared the accuracy of the scores for predicting 28-day mortality in adult patients with sepsis in the triage area of the ED."", ""sample_size"": ""DISCUSSION Our study demonstrates that NEWS has the best predictive performance for the 28-day mortality of sepsis patients at the triage area of the ED. In the same way, Omar et al reported that NEWS outperformed both SIRS (AUROC 0.95 vs 0.89; P 0.001) and qSOFA (AUROC 0.95 vs 0.87; P 0.001) in predicting death in only the severe sepsis and septic shock groups in the ED.7 Anniek et al determined that NEWS performed substantially better than qSOFA and SIRS in predicting both 10-day mortality (AUROC = 0.837, 0.744, and 0.646, respectively) and 30-day mortality (AUROC = 0.779, 0.697, and 0.631, respectively).8 Furthermore, NEWS showed a high performance in predicting 28-day mechanical ventilat"", ""predictor"": ""Results: We analyzed a total of 550 patients. The 28-day mortality rate was 12.4% (n = 68). The 28-day mortality rate was best detected by the National Early Warning Score (NEWS) (AUROC = 0.770; 95% confidence interval [CI]: 0.705-0.835), followed by the quick Sequential Organ Failure Assessment (qSOFA) score (AUROC = 0.7473; 95% CI: 0.688-0.806), Search Out Severity (SOS) score (AUROC = 0.749; 95% CI: 0.685-0.815), Emergency Severity Index (ESI) triage (AUROC = 0.599; 95% CI: 0.542-0.656, and the Systemic Inflammatory Response System (SIRS) criteria (AUROC = 0.588; 95% CI: 0.522-0.654])."", ""outcome"": ""ty rates of all predictive scores at different threshold are presented in Table 3. For the secondary outcomes, 28-day mechanical ventilator usage and vasopressor usage, NEWS provided a high AUROC and outperformed as shown in Table 2 and Figures 3, 4. 0.00 0.25 0.50 0.75 1.00 Sensitivity 0.00 0.25 0.50 0.75 1.00 1-Specificity NEWS (ROC area: 0.7701) SOS (ROC area: 0.7499) qSOFA (ROC area: 0.7473) SIRs (ROC area: 0.5884) ESI triage (ROC area: 0.5988) Reference 28-day mortality Figure 2."", ""method"": ""ty rates of all predictive scores at different threshold are presented in Table 3. For the secondary outcomes, 28-day mechanical ventilator usage and vasopressor usage, NEWS provided a high AUROC and outperformed as shown in Table 2 and Figures 3, 4."", ""effect_size"": ""Results: We analyzed a total of 550 patients. The 28-day mortality rate was 12.4% (n = 68). The 28-day mortality rate was best detected by the National Early Warning Score (NEWS) (AUROC = 0.770; 95% confidence interval [CI]: 0.705-0.835), followed by the quick Sequential Organ Failure Assessment (qSOFA) score (AUROC = 0.7473; 95% CI: 0.688-0.806), Search Out Severity (SOS) score (AUROC = 0.749; 95% CI: 0.685-0.815), Emergency Severity Index (ESI) triage (AUROC = 0.599; 95% CI: 0.542-0.656, and the Systemic Inflammatory Response System (SIRS) criteria (AUROC = 0.588; 95% CI: 0.522-0.654]).""}",partial,Review fields: sample_size.,"What predictors, biomarkers, severity scores, statistical methods, effect sizes, and model performance metrics are reported for mortality estimation in sepsis?",36.25
Suttapanit_2022,Adult patients with sepsis in the triage area of the ED,550,Systemic Inflammatory Response Syndrome (SIRS),28-day mortality,Not reported,AUROC,0.588; 95% CI: 0.522-0.654,Not reported,SIRS was the least effective predictor for 28-day mortality.,Suttapanit_2022.pdf,4,c2,file:///Users/mikitabianko/dev/sandbox/SepsisAtlasHackathon/articles/Suttapanit_2022.pdf#page=4,the Systemic Inflammatory Response System (SIRS) criteria (AUROC = 0.588; 95% CI: 0.522-0.654),"{""population"": ""Mahidol University, Faculty of Medicine Ramathibodi Hospital, Department of Emergency Medicine, Bangkok, Thailand Introduction: Sepsis has a mortality rate of 10-40% worldwide. Many screening tools for sepsis prediction and for emergency department (ED) triage are controversial. This study compared the accuracy of the scores for predicting 28-day mortality in adult patients with sepsis in the triage area of the ED."", ""sample_size"": ""DISCUSSION Our study demonstrates that NEWS has the best predictive performance for the 28-day mortality of sepsis patients at the triage area of the ED. In the same way, Omar et al reported that NEWS outperformed both SIRS (AUROC 0.95 vs 0.89; P 0.001) and qSOFA (AUROC 0.95 vs 0.87; P 0.001) in predicting death in only the severe sepsis and septic shock groups in the ED.7 Anniek et al determined that NEWS performed substantially better than qSOFA and SIRS in predicting both 10-day mortality (AUROC = 0.837, 0.744, and 0.646, respectively) and 30-day mortality (AUROC = 0.779, 0.697, and 0.631, respectively).8 Furthermore, NEWS showed a high performance in predicting 28-day mechanical ventilat"", ""predictor"": ""Conclusion: The NEWS outperforms qSOFA, SOS, SIRS, and ESI triage in predicting 28-day mortality, mechanical ventilator, and vasopressor usage of a patient with sepsis who is seen at ED triage. [West J Emerg Med. 2022;23(5)698–705.] INTRODUCTION Sepsis is a clinical syndrome of life-threatening organ dysfunction caused by a dysregulated host response to infection.1 Over the past 30 years, sepsis has increasingly become an area of interest both in diagnosis and management because of its high mortality rate. Despite this increased focus, the mortality rate of sepsis is still high,2 averaging 39% worldwide.3 The Third International Consensus Definitions for Sepsis and Septic Shock (Sepsis-3) re"", ""outcome"": ""ty rates of all predictive scores at different threshold are presented in Table 3. For the secondary outcomes, 28-day mechanical ventilator usage and vasopressor usage, NEWS provided a high AUROC and outperformed as shown in Table 2 and Figures 3, 4. 0.00 0.25 0.50 0.75 1.00 Sensitivity 0.00 0.25 0.50 0.75 1.00 1-Specificity NEWS (ROC area: 0.7701) SOS (ROC area: 0.7499) qSOFA (ROC area: 0.7473) SIRs (ROC area: 0.5884) ESI triage (ROC area: 0.5988) Reference 28-day mortality Figure 2."", ""method"": ""ty rates of all predictive scores at different threshold are presented in Table 3. For the secondary outcomes, 28-day mechanical ventilator usage and vasopressor usage, NEWS provided a high AUROC and outperformed as shown in Table 2 and Figures 3, 4."", ""effect_size"": ""Results: We analyzed a total of 550 patients. The 28-day mortality rate was 12.4% (n = 68). The 28-day mortality rate was best detected by the National Early Warning Score (NEWS) (AUROC = 0.770; 95% confidence interval [CI]: 0.705-0.835), followed by the quick Sequential Organ Failure Assessment (qSOFA) score (AUROC = 0.7473; 95% CI: 0.688-0.806), Search Out Severity (SOS) score (AUROC = 0.749; 95% CI: 0.685-0.815), Emergency Severity Index (ESI) triage (AUROC = 0.599; 95% CI: 0.542-0.656, and the Systemic Inflammatory Response System (SIRS) criteria (AUROC = 0.588; 95% CI: 0.522-0.654]).""}",partial,Review fields: sample_size.,"What predictors, biomarkers, severity scores, statistical methods, effect sizes, and model performance metrics are reported for mortality estimation in sepsis?",36.25
Suttapanit_2022,Adult patients with sepsis in the triage area of the ED,550,quick Sequential Organ Failure Assessment (qSOFA),28-day mortality,Not reported,AUROC,0.7473; 95% CI: 0.688-0.806,Not reported,qSOFA was one of the predictors for 28-day mortality.,Suttapanit_2022.pdf,4,c2,file:///Users/mikitabianko/dev/sandbox/SepsisAtlasHackathon/articles/Suttapanit_2022.pdf#page=4,the quick Sequential Organ Failure Assessment (qSOFA) score (AUROC = 0.7473; 95% CI: 0.688-0.806),"{""population"": ""Mahidol University, Faculty of Medicine Ramathibodi Hospital, Department of Emergency Medicine, Bangkok, Thailand Introduction: Sepsis has a mortality rate of 10-40% worldwide. Many screening tools for sepsis prediction and for emergency department (ED) triage are controversial. This study compared the accuracy of the scores for predicting 28-day mortality in adult patients with sepsis in the triage area of the ED."", ""sample_size"": ""DISCUSSION Our study demonstrates that NEWS has the best predictive performance for the 28-day mortality of sepsis patients at the triage area of the ED. In the same way, Omar et al reported that NEWS outperformed both SIRS (AUROC 0.95 vs 0.89; P 0.001) and qSOFA (AUROC 0.95 vs 0.87; P 0.001) in predicting death in only the severe sepsis and septic shock groups in the ED.7 Anniek et al determined that NEWS performed substantially better than qSOFA and SIRS in predicting both 10-day mortality (AUROC = 0.837, 0.744, and 0.646, respectively) and 30-day mortality (AUROC = 0.779, 0.697, and 0.631, respectively).8 Furthermore, NEWS showed a high performance in predicting 28-day mechanical ventilat"", ""predictor"": ""Results: We analyzed a total of 550 patients. The 28-day mortality rate was 12.4% (n = 68). The 28-day mortality rate was best detected by the National Early Warning Score (NEWS) (AUROC = 0.770; 95% confidence interval [CI]: 0.705-0.835), followed by the quick Sequential Organ Failure Assessment (qSOFA) score (AUROC = 0.7473; 95% CI: 0.688-0.806), Search Out Severity (SOS) score (AUROC = 0.749; 95% CI: 0.685-0.815), Emergency Severity Index (ESI) triage (AUROC = 0.599; 95% CI: 0.542-0.656, and the Systemic Inflammatory Response System (SIRS) criteria (AUROC = 0.588; 95% CI: 0.522-0.654])."", ""outcome"": ""ty rates of all predictive scores at different threshold are presented in Table 3. For the secondary outcomes, 28-day mechanical ventilator usage and vasopressor usage, NEWS provided a high AUROC and outperformed as shown in Table 2 and Figures 3, 4. 0.00 0.25 0.50 0.75 1.00 Sensitivity 0.00 0.25 0.50 0.75 1.00 1-Specificity NEWS (ROC area: 0.7701) SOS (ROC area: 0.7499) qSOFA (ROC area: 0.7473) SIRs (ROC area: 0.5884) ESI triage (ROC area: 0.5988) Reference 28-day mortality Figure 2."", ""method"": ""ty rates of all predictive scores at different threshold are presented in Table 3. For the secondary outcomes, 28-day mechanical ventilator usage and vasopressor usage, NEWS provided a high AUROC and outperformed as shown in Table 2 and Figures 3, 4."", ""effect_size"": ""Results: We analyzed a total of 550 patients. The 28-day mortality rate was 12.4% (n = 68). The 28-day mortality rate was best detected by the National Early Warning Score (NEWS) (AUROC = 0.770; 95% confidence interval [CI]: 0.705-0.835), followed by the quick Sequential Organ Failure Assessment (qSOFA) score (AUROC = 0.7473; 95% CI: 0.688-0.806), Search Out Severity (SOS) score (AUROC = 0.749; 95% CI: 0.685-0.815), Emergency Severity Index (ESI) triage (AUROC = 0.599; 95% CI: 0.542-0.656, and the Systemic Inflammatory Response System (SIRS) criteria (AUROC = 0.588; 95% CI: 0.522-0.654]).""}",partial,Review fields: sample_size.,"What predictors, biomarkers, severity scores, statistical methods, effect sizes, and model performance metrics are reported for mortality estimation in sepsis?",36.25
Tang_2025,sepsis patients from multiple ICUs,9415,Mean Corpuscular Volume (MCV),28-day mortality,28 days,multivariable regression models,"OR 1.10 (95% CI 1.02, 1.17; P=0.004) for each 1 fl increase in MCV below 83 fl; OR 1.50 (95% CI 1.10, 2.05; P=0.012) for MCV in the fourth quartile (95.5-138.9 fl)",Not reported,"Non-linear relationship observed; adjusted for multiple confounding variables including age, gender, BMI, and severity scores.",Tang_2025.pdf,9,Tang_2025:p9:c1,file:///Users/mikitabianko/dev/sandbox/SepsisAtlasHackathon/articles/Tang_2025.pdf#page=9,"the key finding revealed below the MCV threshold of 83 fl, each 1 fl increase was associated with a 10% rise in 28-day mortality risk (OR 1.10, 95% CI 1.02–1.17, P=0.004). Above 83 fl, no significant association was observed (OR 1.01, 95% CI 0.99–1.02, P=0.31)","{""population"": ""We adjusted the Severity of sepsis sub­ types (septic shock and non-shock sepsis), an important factor, and found that the core results were consistent with the unadjusted results (S3 Table). Discussion This study utilized the eICU multicenter critical care database to investigate the association between MCV and 28-day mortality in septic patients. The study population consisted of 9,415 patients, with data sourced from multiple ICUs, providing a robust foundation for the generalizability of the results."", ""sample_size"": ""PLOS ONE | https://doi.org/10.1371/journal.pone.0321213 April 21, 2025 9 / 13 PLOS ONE Association of mean corpuscular volume with 28-day mortality in sepsis patients Sensitivity analysis We further investigated the association between MCV and mortality at a follow-up of less than 48 hours and obtained comparable results (S2 Table). We adjusted the Severity of sepsis sub­ types (septic shock and non-shock sepsis), an important factor, and found that the core results were consistent with the unadjusted results (S3 Table)."", ""predictor"": ""PLOS ONE | https://doi.org/10.1371/journal.pone.0321213 April 21, 2025 9 / 13 PLOS ONE Association of mean corpuscular volume with 28-day mortality in sepsis patients Sensitivity analysis We further investigated the association between MCV and mortality at a follow-up of less than 48 hours and obtained comparable results (S2 Table). We adjusted the Severity of sepsis sub­ types (septic shock and non-shock sepsis), an important factor, and found that the core results were consistent with the unadjusted results (S3 Table)."", ""outcome"": ""PLOS ONE | https://doi.org/10.1371/journal.pone.0321213 April 21, 2025 9 / 13 PLOS ONE Association of mean corpuscular volume with 28-day mortality in sepsis patients Sensitivity analysis We further investigated the association between MCV and mortality at a follow-up of less than 48 hours and obtained comparable results (S2 Table). We adjusted the Severity of sepsis sub­ types (septic shock and non-shock sepsis), an important factor, and found that the core results were consistent with the unadjusted results (S3 Table)."", ""timing"": ""PLOS ONE | https://doi.org/10.1371/journal.pone.0321213 April 21, 2025 9 / 13 PLOS ONE Association of mean corpuscular volume with 28-day mortality in sepsis patients Sensitivity analysis We further investigated the association between MCV and mortality at a follow-up of less than 48 hours and obtained comparable results (S2 Table). We adjusted the Severity of sepsis sub­ types (septic shock and non-shock sepsis), an important factor, and found that the core results were consistent with the unadjusted results (S3 Table)."", ""method"": ""The proportion of males and females did not differ significantly across quartiles (p = 0.128). The 28-day mortality rates in groups Q1–Q4 were 8.41% (n = 197), 8.72% (n = 202), 8.93% (n = 213), and 11.43% (n = 271), respectively (P = 0.001) (Table 1). The results of relationship between MCV and 28-day mortality The relationship between MCV and 28-day mortality was evaluated through the utilisation of multivariable regression models."", ""effect_size"": ""In addition, categorical variables based on MCV quartiles (Q1-Q4) were compared across the three models. In the Q4 group (95.5-138.9 fl), the greatest increase in the 28-day risk of death was observed in model II, with an OR of 1.50 (95% CI 1.10, 2.05; P = 0.012). PLOS ONE | https://doi.org/10.1371/journal.pone.0321213 April 21, 2025 8 / 13 PLOS ONE Association of mean corpuscular volume with 28-day mortality in sepsis patients increase in the 28-day risk of death was observed with each 1fl increase at MCV< 83fl (OR 1.10, 95% CI 1.02, 1.17, P=0.004).""}",partial,Review fields: sample_size.,"What predictors, biomarkers, severity scores, statistical methods, effect sizes, and model performance metrics are reported for mortality estimation in sepsis?",26.5
Tang_2025,sepsis patients from multiple ICUs,9415,Mean Corpuscular Volume (MCV),28-day mortality,28 days,two-segmented linear model,"OR 1.10 (95% CI 1.02, 1.17) for MCV < 83 fl; OR 1.01 (95% CI 0.99, 1.02) for MCV ≥ 83 fl",Not reported,Threshold effect analysis conducted; significant difference in effect observed.,Tang_2025.pdf,8,Tang_2025:p8:c1,file:///Users/mikitabianko/dev/sandbox/SepsisAtlasHackathon/articles/Tang_2025.pdf#page=8,"A threshold, nonlinear association between MCV and 28-day mortality was found in a generalized additive model (GAM).","{""population"": ""We adjusted the Severity of sepsis sub­ types (septic shock and non-shock sepsis), an important factor, and found that the core results were consistent with the unadjusted results (S3 Table). Discussion This study utilized the eICU multicenter critical care database to investigate the association between MCV and 28-day mortality in septic patients. The study population consisted of 9,415 patients, with data sourced from multiple ICUs, providing a robust foundation for the generalizability of the results."", ""sample_size"": ""PLOS ONE | https://doi.org/10.1371/journal.pone.0321213 April 21, 2025 9 / 13 PLOS ONE Association of mean corpuscular volume with 28-day mortality in sepsis patients Sensitivity analysis We further investigated the association between MCV and mortality at a follow-up of less than 48 hours and obtained comparable results (S2 Table). We adjusted the Severity of sepsis sub­ types (septic shock and non-shock sepsis), an important factor, and found that the core results were consistent with the unadjusted results (S3 Table)."", ""predictor"": ""PLOS ONE | https://doi.org/10.1371/journal.pone.0321213 April 21, 2025 9 / 13 PLOS ONE Association of mean corpuscular volume with 28-day mortality in sepsis patients Sensitivity analysis We further investigated the association between MCV and mortality at a follow-up of less than 48 hours and obtained comparable results (S2 Table). We adjusted the Severity of sepsis sub­ types (septic shock and non-shock sepsis), an important factor, and found that the core results were consistent with the unadjusted results (S3 Table)."", ""outcome"": ""PLOS ONE | https://doi.org/10.1371/journal.pone.0321213 April 21, 2025 9 / 13 PLOS ONE Association of mean corpuscular volume with 28-day mortality in sepsis patients Sensitivity analysis We further investigated the association between MCV and mortality at a follow-up of less than 48 hours and obtained comparable results (S2 Table). We adjusted the Severity of sepsis sub­ types (septic shock and non-shock sepsis), an important factor, and found that the core results were consistent with the unadjusted results (S3 Table)."", ""timing"": ""PLOS ONE | https://doi.org/10.1371/journal.pone.0321213 April 21, 2025 9 / 13 PLOS ONE Association of mean corpuscular volume with 28-day mortality in sepsis patients Sensitivity analysis We further investigated the association between MCV and mortality at a follow-up of less than 48 hours and obtained comparable results (S2 Table). We adjusted the Severity of sepsis sub­ types (septic shock and non-shock sepsis), an important factor, and found that the core results were consistent with the unadjusted results (S3 Table)."", ""method"": ""Specifically, for patients exhibiting an MCV greater than 83 fL, it is imperative for clinicians to exercise heightened vigilance and undertake a thorough evaluation that integrates lactate levels, inflammatory markers, and organ function scores. Study advantages and limitations The present study has certain advantages. Firstly, it was a large-sample multicentre study; secondly, we analysed MCV as both a continuous and categorical variable; thirdly, we applied a two-segmented linear model to construct a threshold-effects analysis of the relationship between MCV and 28-day mortality in sepsis patients; and we used stratified analyses to avoid, as far as possible, the occurrence of chance in t"", ""effect_size"": ""A major strength of the study design was the control of multiple confounding variables, including age, sex, BMI, vital signs, and severity of illness scores. The key finding revealed below the MCV threshold of 83 fl, each 1 fl increase was associated with a 10% rise in 28-day mortality risk (OR 1.10, 95% CI 1.02–1.17, P=0.004). Above 83 fl, no signif­ icant association was observed (OR 1.01, 95% CI 0.99–1.02, P=0.31), indicating a nonlinear relationship with diminishing effects at higher MCV levels.""}",partial,Review fields: sample_size.,"What predictors, biomarkers, severity scores, statistical methods, effect sizes, and model performance metrics are reported for mortality estimation in sepsis?",26.5
Todi_2024,ICU patients with sepsis and septic shock,1172,intravenous thiamine,hospital mortality,Not reported,multivariate binary logistic regression,0.291 (0.196–0.587),Not reported,Independent factors for improved survival included the use of intravenous thiamine.,Todi_2024.pdf,8,Todi_2024:p8:c1,file:///Users/mikitabianko/dev/sandbox/SepsisAtlasHackathon/articles/Todi_2024.pdf#page=8,Independent predictors of outcome Predictors Odds ratio (OR) Intravenous Thiamine 0.291 (0.196–0.587),"{""population"": ""study of ICU population in India, the INDICAP-II study, ICU mortality in the subset of 1368 sepsis patient was 32.9%, and it was 53.4% with septic shock [19]. In another cross-sectional study of sepsis from India the hospital mortality was 30% [10]."", ""sample_size"": ""All statistical analyses were conducted using statistical software (e.g., SPSS version 26 and R.03, MedCalc ® Statistical Software version 22.021). Results Over a period of one year, data were prospectively collected from the 19 participating centres, identifying 1457 patients as having sepsis or septic shock as per the sepsis 3 criteria. The final cohort after data cleaning consisted of 1172 ICU patients, of which 672 (58%) patients had sepsis and 500 (42%) patients had septic shock."", ""predictor"": ""Significant variables identified in the univariate analysis were further subjected to multivariate analysis. Independent predictors of increased hospital mortality were high SOFA score, high BMI, High Charlson comorbidity index and nosocomial infection. Conversely, independent factors for improved survival included the correct empirical choice of antibiotic, source control, the use of intravenous thiamine, high albumin and high ­PaO2 (Table 4, Fig."", ""outcome"": ""study of ICU population in India, the INDICAP-II study, ICU mortality in the subset of 1368 sepsis patient was 32.9%, and it was 53.4% with septic shock [19]. In another cross-sectional study of sepsis from India the hospital mortality was 30% [10]."", ""method"": ""For comparing parameters between those with or without the outcome of death, Chi-square test or Fisher’s exact test was used for categorical data comparisons, while t-tests or Mann– Whitney U tests were used for continuous data comparisons, as appropriate. We conducted a comprehensive univariate analysis of the dataset comprising 117 variables for predicting hospital mortality. Variables found to be significant were further explored through multivariate binary logistic regression analysis, with the aim of constructing predictive models that determine the binary outcome of interest."", ""effect_size"": ""A screening policy for high-risk sepsis patients was performed by 15 centres, the majority of whom conducted screening through manual chart reviews. Written SOP for sepsis management were maintained by 12 centres, a sepsis team was present in 10 centres, and periodic performance audits were done by 13 participating centres. Table 4 Independent predictors of outcome Predictors Odds ratio (OR) Confidence interval (CI) SOFA score 1.216 (1.112–1.331) Charlson comorbidity index 1.216 (1.112–1.1331) BMI 1.153 (1.108–1.199) Nosocomial infection 36.695 (22.587–59.615) PaO2 0.997 (0.996–0.999) Serum albumin 0.324 (0.225–0.467) Source control 0.227 (0.132–0.389) Correct empiric antibiotic 0.519 (0.171""}",partial,Review fields: effect_size.,"What predictors, biomarkers, severity scores, statistical methods, effect sizes, and model performance metrics are reported for mortality estimation in sepsis?",39.75
Wang_2023,Sepsis patients,1983,LDH,One-year mortality,One year,Univariate logistic regression,"Odds ratio (OR) = 1.28 (95% CI: 1.09–1.49, P = 0.002)",Not reported,LDH was associated with the risk of one-year mortality.,Wang_2023.pdf,4,Wang_2023:p4:c1,file:///Users/mikitabianko/dev/sandbox/SepsisAtlasHackathon/articles/Wang_2023.pdf#page=4,The result indicated that LDH was associated with the risk of one-year mortality among sepsis patients.,"{""population"": ""Wang et al. BMC Infectious Diseases (2023) 23:668 https://doi.org/10.1186/s12879-023-08636-8 RESEARCH One‑year mortality prediction for patients with sepsis: a nomogram integrating lactic dehydrogenase and clinical characteristics Jin Wang1, Weiyu Fei2 and Qianying Song2* Abstract Background To explore the association between myocardial enzymes and one-year mortality, and establish a nomogram integrating myocardial enzymes and clinical characteristics to predict one-year mortality among sepsis patients."", ""sample_size"": ""Wang et al. BMC Infectious Diseases (2023) 23:668 https://doi.org/10.1186/s12879-023-08636-8 RESEARCH One‑year mortality prediction for patients with sepsis: a nomogram integrating lactic dehydrogenase and clinical characteristics Jin Wang1, Weiyu Fei2 and Qianying Song2* Abstract Background To explore the association between myocardial enzymes and one-year mortality, and establish a nomogram integrating myocardial enzymes and clinical characteristics to predict one-year mortality among sepsis patients."", ""predictor"": ""Univariate logistic regression was used to screen variables with statistical differences which were made for stepwise regression, obtaining the predictors associated with one-year mortality of sepsis patients. Adopted multivariate logistic regression to assess the relationship between myocardial enzymes and one-year mortality of sepsis patients. A nomogram was established in predicting the one-year survival status of sepsis patients, and the performance of developed model were compared with LDH alone, sequential organ failure assessment (SOFA), simplified acute physiology score II (SAPS II) by receiver operator characteristic, calibration, and decision curves analysis."", ""outcome"": ""Wang et al. BMC Infectious Diseases (2023) 23:668 https://doi.org/10.1186/s12879-023-08636-8 RESEARCH One‑year mortality prediction for patients with sepsis: a nomogram integrating lactic dehydrogenase and clinical characteristics Jin Wang1, Weiyu Fei2 and Qianying Song2* Abstract Background To explore the association between myocardial enzymes and one-year mortality, and establish a nomogram integrating myocardial enzymes and clinical characteristics to predict one-year mortality among sepsis patients."", ""timing"": ""Wang et al. BMC Infectious Diseases (2023) 23:668 https://doi.org/10.1186/s12879-023-08636-8 RESEARCH One‑year mortality prediction for patients with sepsis: a nomogram integrating lactic dehydrogenase and clinical characteristics Jin Wang1, Weiyu Fei2 and Qianying Song2* Abstract Background To explore the association between myocardial enzymes and one-year mortality, and establish a nomogram integrating myocardial enzymes and clinical characteristics to predict one-year mortality among sepsis patients."", ""method"": ""Methods Data of 1,983 sepsis patients were extracted from Medical Information Mart for Intensive Care III database in this retrospective cohort study. All participants were randomly split into the training set for the development of model and testing set for the internal validation at the ratio of 7:3. Univariate logistic regression was used to screen variables with statistical differences which were made for stepwise regression, obtaining the predictors associated with one-year mortality of sepsis patients."", ""effect_size"": ""The association of different myocardial enzymes and one‑year mortality among patients with sepsis We performed a univariate logistic regression analysis, and the result showed that age, gender, ethnicity, potassium, calcium, albumin, hemoglobin, ALP, vasopressor, Elixhauser score and respiratory failure were associated with one-year mortality of sepsis patients, which were possible predictors (Supplemental Table 3). Table 2 displays the relationship between different myocardial enzymes and one-year mortality among patients with sepsis. The result indicated that LDH was associated with the risk of one-year mortality among sepsis patients [Model 1: odds ratio (OR) = 1.28, 95% confidence interv""}",partial,Review fields: sample_size.,"What predictors, biomarkers, severity scores, statistical methods, effect sizes, and model performance metrics are reported for mortality estimation in sepsis?",35.0
Wang_2023,Sepsis patients,1983,"LDH, age, gender, ethnicity, potassium, calcium, albumin, hemoglobin, alkaline phosphatase, vasopressor, Elixhauser score, respiratory failure",One-year mortality,One year,"Multivariate logistic regression, nomogram",Odds ratio = 1.28 (95% CI: 1.18–1.52),AUC = 0.773 (95% CI: 0.748–0.798),"The developed LDH-model was superior to LDH alone, SOFA, and SAPS II scores.",Wang_2023.pdf,1,Wang_2023:p1:c1,file:///Users/mikitabianko/dev/sandbox/SepsisAtlasHackathon/articles/Wang_2023.pdf#page=1,A nomogram integrating lactic dehydrogenase and clinical characteristics to predict one-year mortality among sepsis patients.,"{""population"": ""Wang et al. BMC Infectious Diseases (2023) 23:668 https://doi.org/10.1186/s12879-023-08636-8 RESEARCH One‑year mortality prediction for patients with sepsis: a nomogram integrating lactic dehydrogenase and clinical characteristics Jin Wang1, Weiyu Fei2 and Qianying Song2* Abstract Background To explore the association between myocardial enzymes and one-year mortality, and establish a nomogram integrating myocardial enzymes and clinical characteristics to predict one-year mortality among sepsis patients."", ""sample_size"": ""Wang et al. BMC Infectious Diseases (2023) 23:668 https://doi.org/10.1186/s12879-023-08636-8 RESEARCH One‑year mortality prediction for patients with sepsis: a nomogram integrating lactic dehydrogenase and clinical characteristics Jin Wang1, Weiyu Fei2 and Qianying Song2* Abstract Background To explore the association between myocardial enzymes and one-year mortality, and establish a nomogram integrating myocardial enzymes and clinical characteristics to predict one-year mortality among sepsis patients."", ""predictor"": ""A nomogram was established in predicting the one-year survival status of sepsis patients, and the performance of developed model were compared with LDH alone, sequential organ failure assessment (SOFA), simplified acute physiology score II (SAPS II) by receiver operator characteristic, calibration, and decision curves analysis. Results The result found that LDH was associated with one-year mortality of sepsis patients [odds ratio = 1.28, 95% confidence interval (CI): 1.18–1.52]. Independent predictors, including age, gender, ethnicity, potassium, calcium, albumin, hemoglobin, alkaline phosphatase, vasopressor, Elixhauser score, respiratory failure, and LDH were identified and used to establi"", ""outcome"": ""Wang et al. BMC Infectious Diseases (2023) 23:668 https://doi.org/10.1186/s12879-023-08636-8 RESEARCH One‑year mortality prediction for patients with sepsis: a nomogram integrating lactic dehydrogenase and clinical characteristics Jin Wang1, Weiyu Fei2 and Qianying Song2* Abstract Background To explore the association between myocardial enzymes and one-year mortality, and establish a nomogram integrating myocardial enzymes and clinical characteristics to predict one-year mortality among sepsis patients."", ""timing"": ""Wang et al. BMC Infectious Diseases (2023) 23:668 https://doi.org/10.1186/s12879-023-08636-8 RESEARCH One‑year mortality prediction for patients with sepsis: a nomogram integrating lactic dehydrogenase and clinical characteristics Jin Wang1, Weiyu Fei2 and Qianying Song2* Abstract Background To explore the association between myocardial enzymes and one-year mortality, and establish a nomogram integrating myocardial enzymes and clinical characteristics to predict one-year mortality among sepsis patients."", ""method"": ""Univariate logistic regression was used to screen variables with statistical differences which were made for stepwise regression, obtaining the predictors associated with one-year mortality of sepsis patients. Adopted multivariate logistic regression to assess the relationship between myocardial enzymes and one-year mortality of sepsis patients. A nomogram was established in predicting the one-year survival status of sepsis patients, and the performance of developed model were compared with LDH alone, sequential organ failure assessment (SOFA), simplified acute physiology score II (SAPS II) by receiver operator characteristic, calibration, and decision curves analysis."", ""effect_size"": ""Adopted multivariate logistic regression to assess the relationship between myocardial enzymes and one-year mortality of sepsis patients. A nomogram was established in predicting the one-year survival status of sepsis patients, and the performance of developed model were compared with LDH alone, sequential organ failure assessment (SOFA), simplified acute physiology score II (SAPS II) by receiver operator characteristic, calibration, and decision curves analysis. Results The result found that LDH was associated with one-year mortality of sepsis patients [odds ratio = 1.28, 95% confidence interval (CI): 1.18–1.52]."", ""performance"": ""Results The result found that LDH was associated with one-year mortality of sepsis patients [odds ratio = 1.28, 95% confidence interval (CI): 1.18–1.52]. Independent predictors, including age, gender, ethnicity, potassium, calcium, albumin, hemoglobin, alkaline phosphatase, vasopressor, Elixhauser score, respiratory failure, and LDH were identified and used to establish the nomogram (LDH-model) for predicting one-year mortality for sepsis patients. The predicted performance [area under curve (AUC) = 0.773, 95%CI: 0.748–0.798] of this developed nomogram in the training and testing sets (AUC = 0.750, 95%CI: 0.711–0.789), which was superior to that of LDH alone, SOFA score, SAPS II score.""}",partial,Review fields: sample_size.,"What predictors, biomarkers, severity scores, statistical methods, effect sizes, and model performance metrics are reported for mortality estimation in sepsis?",35.0
Wang_2023,Sepsis patients,1983,"SAPS II, SOFA",One-year mortality,One year,Comparison of predictive performance,Not reported,Not reported,"The performance of the developed model was compared with LDH alone, SOFA, and SAPS II.",Wang_2023.pdf,8,Wang_2023:p8:c1,file:///Users/mikitabianko/dev/sandbox/SepsisAtlasHackathon/articles/Wang_2023.pdf#page=8,"The ROC, calibration and DCA curves have demonstrated the good performance of the developed LDH-model compared with traditional SAPS II, SOFA scoring systems and LDH alone in one-year prediction of probability of septic mortality.","{""population"": ""Wang et al. BMC Infectious Diseases (2023) 23:668 https://doi.org/10.1186/s12879-023-08636-8 RESEARCH One‑year mortality prediction for patients with sepsis: a nomogram integrating lactic dehydrogenase and clinical characteristics Jin Wang1, Weiyu Fei2 and Qianying Song2* Abstract Background To explore the association between myocardial enzymes and one-year mortality, and establish a nomogram integrating myocardial enzymes and clinical characteristics to predict one-year mortality among sepsis patients."", ""sample_size"": ""Wang et al. BMC Infectious Diseases (2023) 23:668 https://doi.org/10.1186/s12879-023-08636-8 RESEARCH One‑year mortality prediction for patients with sepsis: a nomogram integrating lactic dehydrogenase and clinical characteristics Jin Wang1, Weiyu Fei2 and Qianying Song2* Abstract Background To explore the association between myocardial enzymes and one-year mortality, and establish a nomogram integrating myocardial enzymes and clinical characteristics to predict one-year mortality among sepsis patients."", ""predictor"": ""Page 8 of 12 Wang et al. BMC Infectious Diseases (2023) 23:668 for sepsis patients. The ROC, calibration and DCA curves have demonstrated the good performance of the developed LDH-model compared with traditional SAPS II, SOFA scoring systems and LDH alone in one-year prediction of probability of septic mortality."", ""outcome"": ""Wang et al. BMC Infectious Diseases (2023) 23:668 https://doi.org/10.1186/s12879-023-08636-8 RESEARCH One‑year mortality prediction for patients with sepsis: a nomogram integrating lactic dehydrogenase and clinical characteristics Jin Wang1, Weiyu Fei2 and Qianying Song2* Abstract Background To explore the association between myocardial enzymes and one-year mortality, and establish a nomogram integrating myocardial enzymes and clinical characteristics to predict one-year mortality among sepsis patients."", ""timing"": ""Wang et al. BMC Infectious Diseases (2023) 23:668 https://doi.org/10.1186/s12879-023-08636-8 RESEARCH One‑year mortality prediction for patients with sepsis: a nomogram integrating lactic dehydrogenase and clinical characteristics Jin Wang1, Weiyu Fei2 and Qianying Song2* Abstract Background To explore the association between myocardial enzymes and one-year mortality, and establish a nomogram integrating myocardial enzymes and clinical characteristics to predict one-year mortality among sepsis patients."", ""method"": ""Independent predictors, including age, gender, ethnicity, potassium, calcium, albumin, hemoglobin, alkaline phosphatase, vasopressor, Elixhauser score, respiratory failure, and LDH were identified and used to establish the nomogram (LDH-model) for predicting one-year mortality for sepsis patients. The predicted performance [area under curve (AUC) = 0.773, 95%CI: 0.748–0.798] of this developed nomogram in the training and testing sets (AUC = 0.750, 95%CI: 0.711–0.789), which was superior to that of LDH alone, SOFA score, SAPS II score. Additionally, calibration curve indicated that LDH-model may have a good agreement between the predictive and actual outcomes, while decision curve analysis de""}",partial,Review fields: sample_size.,"What predictors, biomarkers, severity scores, statistical methods, effect sizes, and model performance metrics are reported for mortality estimation in sepsis?",35.0
Wen_2019,ICU patients diagnosed with sepsis under the sepsis-3 criteria,138,SOFA score,in-hospital mortality from sepsis,upon admission,Binary logistic regression,"OR = 1.404, 95% CI: 1.209–1.632, P=0.000",AUC = 0.793,SOFA score is an independent risk factor for in-hospital mortality.,Wen_2019.pdf,2,Wen_2019:p2:c2,file:///Users/mikitabianko/dev/sandbox/SepsisAtlasHackathon/articles/Wen_2019.pdf#page=2,"Binary logistic regression showed that the SOFA score (OR =1.404, 95% CI: 1.209–1.632, P=0.000) were risk factors for patients’ in-hospital mortality from sepsis.","{""population"": ""Among various molecules, presepsin seems to be a promising biomarker since it has been reported to be associated with the early stage of the septic process.9 Presepsin was ﬁrst discovered in 2004.10 When monocytes are activated by infectious agents, presepsin, as a soluble CD14 subtype, will be released into the plasma.11 The level of presepsin continues to increase in the early stage of sepsis.9 It has been reported in several studies that presepsin is a hopeful diagnostic marker of sepsis.12,13 Increasing numbers of studies have highlighted the superior value of presepsin to procalcitonin (PCT), interleukin-6, and C reactive protein in the diagnosis of sepsis.14 However, the prognostic per"", ""sample_size"": ""The correlation between presepsin and the Sequential Organ Failure Assessment (SOFA) score was measured with Spearman’s rank correlation coefﬁcient. P-values of less than 0.05 were considered to indicate statistical signiﬁcance. Results: Overall, 138 patients were included in this study."", ""predictor"": ""The best prognostic cutoff point for presepsin in this study is 2,623 pg/mL, which is similar to the level of 2,455 pg/mL reported previously.17 It was reported that the presepsin level upon admission, not the level of PCT, was signiﬁcantly correlated with patients’ in-hospital mortality from sepsis.18 Besides, the presepsin level showed better prognostic performance than the PCT level in predicting patients’ 30-day mortality.19 Similar ﬁndings are obtained in this study. There is no signiﬁcant difference in the PCT level between the two groups, and binary logistic regression shows that the PCT level is not correlated with patients’ in-hospital mortality. Furthermore, the correlation analysi"", ""outcome"": ""presepsin level and the non-survivors’ presepsin levels were signiﬁcantly higher than the survivors’ presepsin levels.16 In the present study, the presepsin level of the non-survivor group is higher than that of the survivor group. Besides, analysis of the ROC curves demonstrates that the presepsin level has a good performance in predicting the in-hospital mortality from sepsis under the sepsis-3 criteria."", ""timing"": ""presepsin level and the non-survivors’ presepsin levels were signiﬁcantly higher than the survivors’ presepsin levels.16 In the present study, the presepsin level of the non-survivor group is higher than that of the survivor group. Besides, analysis of the ROC curves demonstrates that the presepsin level has a good performance in predicting the in-hospital mortality from sepsis under the sepsis-3 criteria. The best prognostic cutoff point for presepsin in this study is 2,623 pg/mL, which is similar to the level of 2,455 pg/mL reported previously.17 It was reported that the presepsin level upon admission, not the level of PCT, was signiﬁcantly correlated with patients’ in-hospital mortality f"", ""method"": ""Besides, analysis of the ROC curves demonstrates that the presepsin level has a good performance in predicting the in-hospital mortality from sepsis under the sepsis-3 criteria. The best prognostic cutoff point for presepsin in this study is 2,623 pg/mL, which is similar to the level of 2,455 pg/mL reported previously.17 It was reported that the presepsin level upon admission, not the level of PCT, was signiﬁcantly correlated with patients’ in-hospital mortality from sepsis.18 Besides, the presepsin level showed better prognostic performance than the PCT level in predicting patients’ 30-day mortality.19 Similar ﬁndings are obtained in this study. There is no signiﬁcant difference in the PCT"", ""effect_size"": ""There was no signiﬁcant difference in the PCT level between the two groups (P=0.403) (Figure 1C). The SOFA scores and APACHE II scores of the non-survivor group were signiﬁcantly higher than those of the survivor group (SOFA score: P=0.000; APACHE II score: P=0.002) (Figure 1D and E). Independent predictors of patients’ inhospital mortality determined by binary logistic regression analysis Binary logistic regression showed that the presepsin level (Odds ratio (OR) =1.221, 95% conﬁdence interval (CI): 1.024–1.455, P=0.026), lactate level (OR =1.296, 95% CI: 1.071–1.569, P=0.008) and SOFA score (OR =1.404, 95% CI: 1.209–1.632, P=0.000) were risk factors for patients’ in-hospital mortality from"", ""performance"": ""Binary logistic regression shows that the presepsin level, lactate level, and the SOFA score are independent risk factors for patients’ in-hospital mortality from sepsis. Analysis of the ROC curves shows that the presepsin and lactate levels have similar performance in predicting the prognosis of sepsis (AUC: 0.703 vs 0.711). The SOFA score has a better prognostic performance than the presepsin level (AUC: 0.793 vs 0.703).""}",partial,"Review fields: predictor, method.","What predictors, biomarkers, severity scores, statistical methods, effect sizes, and model performance metrics are reported for mortality estimation in sepsis?",28.5
Wen_2019,ICU patients diagnosed with sepsis under the sepsis-3 criteria,138,lactate level,in-hospital mortality from sepsis,upon admission,Binary logistic regression,"OR = 1.296, 95% CI: 1.071–1.569, P=0.008",Not reported,Lactate level is an independent risk factor for in-hospital mortality.,Wen_2019.pdf,2,Wen_2019:p2:c2,file:///Users/mikitabianko/dev/sandbox/SepsisAtlasHackathon/articles/Wen_2019.pdf#page=2,"Binary logistic regression showed that the lactate level (OR =1.296, 95% CI: 1.071–1.569, P=0.008) were risk factors for patients’ in-hospital mortality from sepsis.","{""population"": ""Among various molecules, presepsin seems to be a promising biomarker since it has been reported to be associated with the early stage of the septic process.9 Presepsin was ﬁrst discovered in 2004.10 When monocytes are activated by infectious agents, presepsin, as a soluble CD14 subtype, will be released into the plasma.11 The level of presepsin continues to increase in the early stage of sepsis.9 It has been reported in several studies that presepsin is a hopeful diagnostic marker of sepsis.12,13 Increasing numbers of studies have highlighted the superior value of presepsin to procalcitonin (PCT), interleukin-6, and C reactive protein in the diagnosis of sepsis.14 However, the prognostic per"", ""sample_size"": ""The correlation between presepsin and the Sequential Organ Failure Assessment (SOFA) score was measured with Spearman’s rank correlation coefﬁcient. P-values of less than 0.05 were considered to indicate statistical signiﬁcance. Results: Overall, 138 patients were included in this study."", ""predictor"": ""Furthermore, the correlation analysis reveals that there is no signiﬁcant association between the PCT level and the SOFA score. These results suggest that the level of PCT is not correlated with the severity of sepsis in the early hours. Binary logistic regression shows that the presepsin level, lactate level, and the SOFA score are independent risk factors for patients’ in-hospital mortality from sepsis."", ""outcome"": ""presepsin level and the non-survivors’ presepsin levels were signiﬁcantly higher than the survivors’ presepsin levels.16 In the present study, the presepsin level of the non-survivor group is higher than that of the survivor group. Besides, analysis of the ROC curves demonstrates that the presepsin level has a good performance in predicting the in-hospital mortality from sepsis under the sepsis-3 criteria."", ""timing"": ""presepsin level and the non-survivors’ presepsin levels were signiﬁcantly higher than the survivors’ presepsin levels.16 In the present study, the presepsin level of the non-survivor group is higher than that of the survivor group. Besides, analysis of the ROC curves demonstrates that the presepsin level has a good performance in predicting the in-hospital mortality from sepsis under the sepsis-3 criteria. The best prognostic cutoff point for presepsin in this study is 2,623 pg/mL, which is similar to the level of 2,455 pg/mL reported previously.17 It was reported that the presepsin level upon admission, not the level of PCT, was signiﬁcantly correlated with patients’ in-hospital mortality f"", ""method"": ""Besides, analysis of the ROC curves demonstrates that the presepsin level has a good performance in predicting the in-hospital mortality from sepsis under the sepsis-3 criteria. The best prognostic cutoff point for presepsin in this study is 2,623 pg/mL, which is similar to the level of 2,455 pg/mL reported previously.17 It was reported that the presepsin level upon admission, not the level of PCT, was signiﬁcantly correlated with patients’ in-hospital mortality from sepsis.18 Besides, the presepsin level showed better prognostic performance than the PCT level in predicting patients’ 30-day mortality.19 Similar ﬁndings are obtained in this study. There is no signiﬁcant difference in the PCT"", ""effect_size"": ""There was no signiﬁcant difference in the PCT level between the two groups (P=0.403) (Figure 1C). The SOFA scores and APACHE II scores of the non-survivor group were signiﬁcantly higher than those of the survivor group (SOFA score: P=0.000; APACHE II score: P=0.002) (Figure 1D and E). Independent predictors of patients’ inhospital mortality determined by binary logistic regression analysis Binary logistic regression showed that the presepsin level (Odds ratio (OR) =1.221, 95% conﬁdence interval (CI): 1.024–1.455, P=0.026), lactate level (OR =1.296, 95% CI: 1.071–1.569, P=0.008) and SOFA score (OR =1.404, 95% CI: 1.209–1.632, P=0.000) were risk factors for patients’ in-hospital mortality from""}",partial,Review fields: method.,"What predictors, biomarkers, severity scores, statistical methods, effect sizes, and model performance metrics are reported for mortality estimation in sepsis?",28.5
Wen_2019,ICU patients diagnosed with sepsis under the sepsis-3 criteria,138,presepsin level,in-hospital mortality from sepsis,upon admission,Binary logistic regression,"OR = 1.221, 95% CI: 1.024–1.455, P=0.026","AUC = 0.703, P=0.000",Presepsin level is an independent risk factor for in-hospital mortality.,Wen_2019.pdf,1,Wen_2019:p1:c1,file:///Users/mikitabianko/dev/sandbox/SepsisAtlasHackathon/articles/Wen_2019.pdf#page=1,"Binary logistic regression showed that the presepsin level was an independent risk factor of patients’ in-hospital mortality from sepsis (OR =1.221 P=0.026). The presepsin level was positively associated with the SOFA score (ρ=0.396, P=0.000). ROC curve analysis revealed the presepsin level was highly accurate in predicting patients’ in-hospital mortality from sepsis (AUC =0.703, P=0.000).","{""population"": ""Among various molecules, presepsin seems to be a promising biomarker since it has been reported to be associated with the early stage of the septic process.9 Presepsin was ﬁrst discovered in 2004.10 When monocytes are activated by infectious agents, presepsin, as a soluble CD14 subtype, will be released into the plasma.11 The level of presepsin continues to increase in the early stage of sepsis.9 It has been reported in several studies that presepsin is a hopeful diagnostic marker of sepsis.12,13 Increasing numbers of studies have highlighted the superior value of presepsin to procalcitonin (PCT), interleukin-6, and C reactive protein in the diagnosis of sepsis.14 However, the prognostic per"", ""sample_size"": ""The correlation between presepsin and the Sequential Organ Failure Assessment (SOFA) score was measured with Spearman’s rank correlation coefﬁcient. P-values of less than 0.05 were considered to indicate statistical signiﬁcance. Results: Overall, 138 patients were included in this study."", ""predictor"": ""presepsin level and the non-survivors’ presepsin levels were signiﬁcantly higher than the survivors’ presepsin levels.16 In the present study, the presepsin level of the non-survivor group is higher than that of the survivor group. Besides, analysis of the ROC curves demonstrates that the presepsin level has a good performance in predicting the in-hospital mortality from sepsis under the sepsis-3 criteria."", ""outcome"": ""presepsin level and the non-survivors’ presepsin levels were signiﬁcantly higher than the survivors’ presepsin levels.16 In the present study, the presepsin level of the non-survivor group is higher than that of the survivor group. Besides, analysis of the ROC curves demonstrates that the presepsin level has a good performance in predicting the in-hospital mortality from sepsis under the sepsis-3 criteria."", ""timing"": ""presepsin level and the non-survivors’ presepsin levels were signiﬁcantly higher than the survivors’ presepsin levels.16 In the present study, the presepsin level of the non-survivor group is higher than that of the survivor group. Besides, analysis of the ROC curves demonstrates that the presepsin level has a good performance in predicting the in-hospital mortality from sepsis under the sepsis-3 criteria. The best prognostic cutoff point for presepsin in this study is 2,623 pg/mL, which is similar to the level of 2,455 pg/mL reported previously.17 It was reported that the presepsin level upon admission, not the level of PCT, was signiﬁcantly correlated with patients’ in-hospital mortality f"", ""method"": ""Besides, analysis of the ROC curves demonstrates that the presepsin level has a good performance in predicting the in-hospital mortality from sepsis under the sepsis-3 criteria. The best prognostic cutoff point for presepsin in this study is 2,623 pg/mL, which is similar to the level of 2,455 pg/mL reported previously.17 It was reported that the presepsin level upon admission, not the level of PCT, was signiﬁcantly correlated with patients’ in-hospital mortality from sepsis.18 Besides, the presepsin level showed better prognostic performance than the PCT level in predicting patients’ 30-day mortality.19 Similar ﬁndings are obtained in this study. There is no signiﬁcant difference in the PCT"", ""effect_size"": ""There was no signiﬁcant difference in the PCT level between the two groups (P=0.403) (Figure 1C). The SOFA scores and APACHE II scores of the non-survivor group were signiﬁcantly higher than those of the survivor group (SOFA score: P=0.000; APACHE II score: P=0.002) (Figure 1D and E). Independent predictors of patients’ inhospital mortality determined by binary logistic regression analysis Binary logistic regression showed that the presepsin level (Odds ratio (OR) =1.221, 95% conﬁdence interval (CI): 1.024–1.455, P=0.026), lactate level (OR =1.296, 95% CI: 1.071–1.569, P=0.008) and SOFA score (OR =1.404, 95% CI: 1.209–1.632, P=0.000) were risk factors for patients’ in-hospital mortality from"", ""performance"": ""Binary logistic regression showed that the presepsin level was an independent risk factor of patients’ in-hospital mortality from sepsis (OR =1.221 P=0.026). The presepsin level was positively associated with the SOFA score (ρ=0.396, P=0.000). ROC curve analysis revealed the presepsin level was highly accurate in predicting patients’ in-hospital mortality from sepsis (AUC =0.703, P=0.000).""}",partial,Review fields: method.,"What predictors, biomarkers, severity scores, statistical methods, effect sizes, and model performance metrics are reported for mortality estimation in sepsis?",28.5
Zhang_2019,Patients with sepsis or septic shock,631,APACHE II score,In-hospital mortality,During ICU stay,Multivariable logistic regression,AUROC Not reported,Higher predictive validity than SIRS (AUROC 0.53),APACHE II score was a significant predictor of hospital mortality.,Zhang_2019.pdf,4,Zhang_2019:p4:c1,file:///Users/mikitabianko/dev/sandbox/SepsisAtlasHackathon/articles/Zhang_2019.pdf#page=4,"The risk factors for hospital mortality, including the APACHE II score, length of hospital stay, length of ICU stay, 28-day mechanical ventilation, rate of mechanical ventilation, administration of vasopressors, and SOFA score, were statistically significant (p < 0.05).","{""population"": ""1. As described in the Methods section, 1243 patients were evaluated in the enrollment period and 873 patients had complete clinical data. We finally enrolled 631 patients with sepsis or septic shock according to the Sepsis-3 definition."", ""sample_size"": ""Methods: Among 1243 electronic health records from 1 January to 31 December 2015 at Sichuan University West China Hospital, we identified patients with sepsis and septic shock according to the Sepsis-3 definition and divided them into 2 subsets: SIRS-positive and SIRS-negative. We compared their characteristics and outcomes as well as the predictive validity of the SIRS criteria for in-hospital mortality. Results: Of the 1243 patients, 631 were enrolled."", ""predictor"": ""Of 538 patients enrolled in the. In the present investigation, the AUROC for SIRS was much lower than in the Kaukonen’s study of predicting hospital mortality in ICU patients with sepsis (6). One reason for the discrepancy may be that the severity of illness in the patients of the present study was greater than that in the study by Kaukonen et al. (6) (APACHE II scores of ≥24: 55.6% vs."", ""outcome"": ""RESEARCH ARTICLE Open Access Systemic inflammatory response syndrome in Sepsis-3: a retrospective study Wei Zhang1,2* , Yan Zheng2, Xiaoting Feng1, Miao Chen1 and Yan Kang3 Abstract Background: In the new Sepsis-3 definition, sepsis is defined as “life-threatening organ dysfunction due to a dysregulated host response to infection.” We tested the predictive validity of the systematic inflammatory response syndrome (SIRS) criteria in patients in the Sepsis-3 cohort. Methods: Among 1243 electronic health records from 1 January to 31 December 2015 at Sichuan University West China Hospital, we identified patients with sepsis and septic shock according to the Sepsis-3 definition and divided them i"", ""timing"": ""Strengths Our study has several strengths. First, the study is recent, making the data current and relevant. Second, it investigated the effect of the SIRS criteria within the time window of the initial episode of suspected infection during the ICU stay on the diagnosis of sepsis over a Fig."", ""method"": ""The chi-square test for equal proportion, Student’s t-test, or the Wilcoxon rank-sum test was used to test differences. No assumptions were made for missing data, and multivariable analyses were performed for patients with complete data. To identify independent differences at baseline that may have existed between patients with SIRS-positive sepsis and SIRS-negative sepsis, we applied multivariable logistic regression to the data from all patients with severe sepsis with a SIRS-positive status as the outcome."", ""effect_size"": ""Among these, 538 (85.3%) patients had SIRS-positive sepsis or septic shock, 168 (31.2%) of whom died, and 93 (14.7%) had SIRS-negative sepsis or septic shock, 20 (21.5%) of whom died (p = 0.06). Over a 1-year period, these groups had similar characteristics and changes in mortality. Among patients of the Sepsis-3 cohort admitted to the intensive care unit, the predictive validity for in-hospital mortality was lower for the SIRS criteria (area under the receiver operating characteristic curve [AUROC], 0.53; 95% confidence interval [95% CI], 0.49–0.57) than for the sequential (sepsis-related) organ failure assessment (SOFA) criteria (AUROC, 0.70; 95% CI, 0.66–0.74; p ≤0.01 for both)."", ""performance"": ""Among these, 538 (85.3%) patients had SIRS-positive sepsis or septic shock, 168 (31.2%) of whom died, and 93 (14.7%) had SIRS-negative sepsis or septic shock, 20 (21.5%) of whom died (p = 0.06). Over a 1-year period, these groups had similar characteristics and changes in mortality. Among patients of the Sepsis-3 cohort admitted to the intensive care unit, the predictive validity for in-hospital mortality was lower for the SIRS criteria (area under the receiver operating characteristic curve [AUROC], 0.53; 95% confidence interval [95% CI], 0.49–0.57) than for the sequential (sepsis-related) organ failure assessment (SOFA) criteria (AUROC, 0.70; 95% CI, 0.66–0.74; p ≤0.01 for both).""}",partial,"Review fields: outcome, effect_size.","What predictors, biomarkers, severity scores, statistical methods, effect sizes, and model performance metrics are reported for mortality estimation in sepsis?",33.75
Zhang_2019,Patients with sepsis or septic shock,631,SIRS criteria,In-hospital mortality,During ICU stay,Multivariable logistic regression,AUROC 0.53,Lower predictive validity than SOFA (AUROC 0.70),SIRS criteria had poor predictive validity for hospital mortality.,Zhang_2019.pdf,1,Zhang_2019:p1:c1,file:///Users/mikitabianko/dev/sandbox/SepsisAtlasHackathon/articles/Zhang_2019.pdf#page=1,"the predictive validity for in-hospital mortality was lower for the SIRS criteria (area under the receiver operating characteristic curve [AUROC], 0.53; 95% confidence interval [95% CI], 0.49–0.57) than for the sequential (sepsis-related) organ failure assessment (SOFA) criteria (AUROC, 0.70; 95% CI, 0.66–0.74; p ≤0.01 for both).","{""population"": ""1. As described in the Methods section, 1243 patients were evaluated in the enrollment period and 873 patients had complete clinical data. We finally enrolled 631 patients with sepsis or septic shock according to the Sepsis-3 definition."", ""sample_size"": ""Methods: Among 1243 electronic health records from 1 January to 31 December 2015 at Sichuan University West China Hospital, we identified patients with sepsis and septic shock according to the Sepsis-3 definition and divided them into 2 subsets: SIRS-positive and SIRS-negative. We compared their characteristics and outcomes as well as the predictive validity of the SIRS criteria for in-hospital mortality. Results: Of the 1243 patients, 631 were enrolled."", ""predictor"": ""RESEARCH ARTICLE Open Access Systemic inflammatory response syndrome in Sepsis-3: a retrospective study Wei Zhang1,2* , Yan Zheng2, Xiaoting Feng1, Miao Chen1 and Yan Kang3 Abstract Background: In the new Sepsis-3 definition, sepsis is defined as “life-threatening organ dysfunction due to a dysregulated host response to infection.” We tested the predictive validity of the systematic inflammatory response syndrome (SIRS) criteria in patients in the Sepsis-3 cohort. Methods: Among 1243 electronic health records from 1 January to 31 December 2015 at Sichuan University West China Hospital, we identified patients with sepsis and septic shock according to the Sepsis-3 definition and divided them i"", ""outcome"": ""RESEARCH ARTICLE Open Access Systemic inflammatory response syndrome in Sepsis-3: a retrospective study Wei Zhang1,2* , Yan Zheng2, Xiaoting Feng1, Miao Chen1 and Yan Kang3 Abstract Background: In the new Sepsis-3 definition, sepsis is defined as “life-threatening organ dysfunction due to a dysregulated host response to infection.” We tested the predictive validity of the systematic inflammatory response syndrome (SIRS) criteria in patients in the Sepsis-3 cohort. Methods: Among 1243 electronic health records from 1 January to 31 December 2015 at Sichuan University West China Hospital, we identified patients with sepsis and septic shock according to the Sepsis-3 definition and divided them i"", ""timing"": ""Strengths Our study has several strengths. First, the study is recent, making the data current and relevant. Second, it investigated the effect of the SIRS criteria within the time window of the initial episode of suspected infection during the ICU stay on the diagnosis of sepsis over a Fig."", ""method"": ""The chi-square test for equal proportion, Student’s t-test, or the Wilcoxon rank-sum test was used to test differences. No assumptions were made for missing data, and multivariable analyses were performed for patients with complete data. To identify independent differences at baseline that may have existed between patients with SIRS-positive sepsis and SIRS-negative sepsis, we applied multivariable logistic regression to the data from all patients with severe sepsis with a SIRS-positive status as the outcome."", ""effect_size"": ""Among these, 538 (85.3%) patients had SIRS-positive sepsis or septic shock, 168 (31.2%) of whom died, and 93 (14.7%) had SIRS-negative sepsis or septic shock, 20 (21.5%) of whom died (p = 0.06). Over a 1-year period, these groups had similar characteristics and changes in mortality. Among patients of the Sepsis-3 cohort admitted to the intensive care unit, the predictive validity for in-hospital mortality was lower for the SIRS criteria (area under the receiver operating characteristic curve [AUROC], 0.53; 95% confidence interval [95% CI], 0.49–0.57) than for the sequential (sepsis-related) organ failure assessment (SOFA) criteria (AUROC, 0.70; 95% CI, 0.66–0.74; p ≤0.01 for both)."", ""performance"": ""Among these, 538 (85.3%) patients had SIRS-positive sepsis or septic shock, 168 (31.2%) of whom died, and 93 (14.7%) had SIRS-negative sepsis or septic shock, 20 (21.5%) of whom died (p = 0.06). Over a 1-year period, these groups had similar characteristics and changes in mortality. Among patients of the Sepsis-3 cohort admitted to the intensive care unit, the predictive validity for in-hospital mortality was lower for the SIRS criteria (area under the receiver operating characteristic curve [AUROC], 0.53; 95% confidence interval [95% CI], 0.49–0.57) than for the sequential (sepsis-related) organ failure assessment (SOFA) criteria (AUROC, 0.70; 95% CI, 0.66–0.74; p ≤0.01 for both).""}",partial,Review fields: outcome.,"What predictors, biomarkers, severity scores, statistical methods, effect sizes, and model performance metrics are reported for mortality estimation in sepsis?",33.75
Zhang_2019,Patients with sepsis or septic shock,631,SOFA score,In-hospital mortality,During ICU stay,Multivariable logistic regression,AUROC 0.70,Higher predictive validity than SIRS (AUROC 0.53),SOFA score was a significant predictor of hospital mortality.,Zhang_2019.pdf,4,Zhang_2019:p4:c1,file:///Users/mikitabianko/dev/sandbox/SepsisAtlasHackathon/articles/Zhang_2019.pdf#page=4,"The AUROC for the SIRS model was 0.53 for prediction of hospital mortality; this was much lower than those for the baseline risk model, APACHE II score, and SOFA score (SIRS vs. SOFA: 0.53 vs. 0.70, p < 0.01).","{""population"": ""1. As described in the Methods section, 1243 patients were evaluated in the enrollment period and 873 patients had complete clinical data. We finally enrolled 631 patients with sepsis or septic shock according to the Sepsis-3 definition."", ""sample_size"": ""Methods: Among 1243 electronic health records from 1 January to 31 December 2015 at Sichuan University West China Hospital, we identified patients with sepsis and septic shock according to the Sepsis-3 definition and divided them into 2 subsets: SIRS-positive and SIRS-negative. We compared their characteristics and outcomes as well as the predictive validity of the SIRS criteria for in-hospital mortality. Results: Of the 1243 patients, 631 were enrolled."", ""predictor"": ""Primary and secondary outcomes In this study, we regarded SIRS-positive sepsis as the primary outcome and followed up all patients before hospital discharge using their medical records. All-cause in-hospital mortality was the secondary outcome. Definition of cohorts Indicators were generated for each component of the SIRS criteria [6] and SOFA score [15]."", ""outcome"": ""RESEARCH ARTICLE Open Access Systemic inflammatory response syndrome in Sepsis-3: a retrospective study Wei Zhang1,2* , Yan Zheng2, Xiaoting Feng1, Miao Chen1 and Yan Kang3 Abstract Background: In the new Sepsis-3 definition, sepsis is defined as “life-threatening organ dysfunction due to a dysregulated host response to infection.” We tested the predictive validity of the systematic inflammatory response syndrome (SIRS) criteria in patients in the Sepsis-3 cohort. Methods: Among 1243 electronic health records from 1 January to 31 December 2015 at Sichuan University West China Hospital, we identified patients with sepsis and septic shock according to the Sepsis-3 definition and divided them i"", ""timing"": ""Strengths Our study has several strengths. First, the study is recent, making the data current and relevant. Second, it investigated the effect of the SIRS criteria within the time window of the initial episode of suspected infection during the ICU stay on the diagnosis of sepsis over a Fig."", ""method"": ""The chi-square test for equal proportion, Student’s t-test, or the Wilcoxon rank-sum test was used to test differences. No assumptions were made for missing data, and multivariable analyses were performed for patients with complete data. To identify independent differences at baseline that may have existed between patients with SIRS-positive sepsis and SIRS-negative sepsis, we applied multivariable logistic regression to the data from all patients with severe sepsis with a SIRS-positive status as the outcome."", ""effect_size"": ""Among these, 538 (85.3%) patients had SIRS-positive sepsis or septic shock, 168 (31.2%) of whom died, and 93 (14.7%) had SIRS-negative sepsis or septic shock, 20 (21.5%) of whom died (p = 0.06). Over a 1-year period, these groups had similar characteristics and changes in mortality. Among patients of the Sepsis-3 cohort admitted to the intensive care unit, the predictive validity for in-hospital mortality was lower for the SIRS criteria (area under the receiver operating characteristic curve [AUROC], 0.53; 95% confidence interval [95% CI], 0.49–0.57) than for the sequential (sepsis-related) organ failure assessment (SOFA) criteria (AUROC, 0.70; 95% CI, 0.66–0.74; p ≤0.01 for both)."", ""performance"": ""Among these, 538 (85.3%) patients had SIRS-positive sepsis or septic shock, 168 (31.2%) of whom died, and 93 (14.7%) had SIRS-negative sepsis or septic shock, 20 (21.5%) of whom died (p = 0.06). Over a 1-year period, these groups had similar characteristics and changes in mortality. Among patients of the Sepsis-3 cohort admitted to the intensive care unit, the predictive validity for in-hospital mortality was lower for the SIRS criteria (area under the receiver operating characteristic curve [AUROC], 0.53; 95% confidence interval [95% CI], 0.49–0.57) than for the sequential (sepsis-related) organ failure assessment (SOFA) criteria (AUROC, 0.70; 95% CI, 0.66–0.74; p ≤0.01 for both).""}",partial,Review fields: outcome.,"What predictors, biomarkers, severity scores, statistical methods, effect sizes, and model performance metrics are reported for mortality estimation in sepsis?",33.75
Baloch_2022,critically ill children admitted to the PICU,286,PRISM III 24 score,30-day mortality,at the time of admission to the PICU,ROC curve analysis,"AUC=0.75 (0.69-0.81), p=0.001","Sensitivity=55.83%, Specificity=77.24%, Accuracy=65.03%",Probability of mortality increased with higher PRISM III 24 scores.,Baloch_2022.pdf,6,p6:c2,file:///Users/mikitabianko/dev/sandbox/SepsisAtlasHackathon/articles/Baloch_2022.pdf#page=6,"The PRISM III 24 score, on the other hand, had a lower AUC value of 0.75 for predicting 30-day mortality.","{""population"": ""FA score for predicting 30-day death in 286 critically ill children admitted to the PICU at a tertiary care hospital in Karachi. The 30-day death rate was predicted to be 57% in the current study, with the median age of non-survivors being 24 months."", ""sample_size"": ""FA score for predicting 30-day death in 286 critically ill children admitted to the PICU at a tertiary care hospital in Karachi. The 30-day death rate was predicted to be 57% in the current study, with the median age of non-survivors being 24 months."", ""predictor"": ""They also discovered that older children (aged >15 years) had a greater death rate, whereas younger children had a higher survival rate. They did not, however, find a statistically significant association between age and death (p=0.513) [18]. In the current study, p-SOFA and PRISM III 24 scores at the time of admission to the PICU were found to be good predictors of death within 30 days."", ""outcome"": ""In the current study, p-SOFA and PRISM III 24 scores at the time of admission to the PICU were found to be good predictors of death within 30 days. The probability of mortality increased in a stepwise way from smaller to larger p-SOFA and PRISM III 24 scores across patient sub-categories, with survivors having a significantly lower median p-SOFA and PRISM III 24 scores than non-survivors. Furthermore, the AUC value of 0.81 for the prediction of 30-day mortality was good for the p-SOFA score."", ""timing"": ""They also discovered that older children (aged >15 years) had a greater death rate, whereas younger children had a higher survival rate. They did not, however, find a statistically significant association between age and death (p=0.513) [18]. In the current study, p-SOFA and PRISM III 24 scores at the time of admission to the PICU were found to be good predictors of death within 30 days."", ""method"": ""This finding is comparable to that of El-Mashad et al., who reported a good AUC of 0.89 for the prediction of 30-day death in PICU children using the p-SOFA score [2]. Similarly, Matics et al. discovered a good AUC of 0.88 for the prediction of 30-day death in PICU infants using SOFA score in their investigation [14]. The PRISM III 24 score, on the other hand, had a lower AUC value of 0.75 for predicting 30-day mortality than the p-SOFA AUC value in the current investigation, according to ROC curve analysis [14]."", ""effect_size"": ""Similarly, El-Mashad et al. also found that the SOFA score had a higher AUC than the PRISM score for the prediction of 30-day mortality (0.89 vs 0.84) in PICU children [2]. Another study by Zhou et al. also found that p-SOFA had higher predictive accuracy for the prognosis of PICU children with severe illness than PRISM III [22]. ISM III 24 score (AUC=0.75, 95% CI=0.69-0.81, p=0.001) had good discrimination for 30-day mortality."", ""performance"": ""ISM III 24 score (AUC=0.75, 95% CI=0.69-0.81, p=0.001) had good discrimination for 30-day mortality. For the prediction of 30-day mortality at the cut-off value of p-SOFA>2, the sensitivity was 93.87%, specificity was 38.21%, and accuracy was 69.93%. Whereas at the cut-off value of PRISM III 24 score>8, the sensitivity was 55.83%, specificity was 77.24%, and accuracy was 65.03%.""}",supported,All reported fields have lexical support in the source anchor.,"What predictors, biomarkers, severity scores, statistical methods, effect sizes, and model performance metrics are reported for mortality estimation in sepsis?",26.75
Baloch_2022,critically ill children admitted to the PICU,286,p-SOFA score,30-day mortality,at the time of admission to the PICU,ROC curve analysis,"AUC=0.81 (0.76-0.86), p=0.001","Sensitivity=93.87%, Specificity=38.21%, Accuracy=69.93%",Probability of mortality increased with higher p-SOFA scores.,Baloch_2022.pdf,6,p6:c2,file:///Users/mikitabianko/dev/sandbox/SepsisAtlasHackathon/articles/Baloch_2022.pdf#page=6,the AUC value of 0.81 for the prediction of 30-day mortality was good for the p-SOFA score.,"{""population"": ""FA score for predicting 30-day death in 286 critically ill children admitted to the PICU at a tertiary care hospital in Karachi. The 30-day death rate was predicted to be 57% in the current study, with the median age of non-survivors being 24 months."", ""sample_size"": ""FA score for predicting 30-day death in 286 critically ill children admitted to the PICU at a tertiary care hospital in Karachi. The 30-day death rate was predicted to be 57% in the current study, with the median age of non-survivors being 24 months."", ""predictor"": ""In the current study, p-SOFA and PRISM III 24 scores at the time of admission to the PICU were found to be good predictors of death within 30 days. The probability of mortality increased in a stepwise way from smaller to larger p-SOFA and PRISM III 24 scores across patient sub-categories, with survivors having a significantly lower median p-SOFA and PRISM III 24 scores than non-survivors. Furthermore, the AUC value of 0.81 for the prediction of 30-day mortality was good for the p-SOFA score."", ""outcome"": ""In the current study, p-SOFA and PRISM III 24 scores at the time of admission to the PICU were found to be good predictors of death within 30 days. The probability of mortality increased in a stepwise way from smaller to larger p-SOFA and PRISM III 24 scores across patient sub-categories, with survivors having a significantly lower median p-SOFA and PRISM III 24 scores than non-survivors. Furthermore, the AUC value of 0.81 for the prediction of 30-day mortality was good for the p-SOFA score."", ""timing"": ""They also discovered that older children (aged >15 years) had a greater death rate, whereas younger children had a higher survival rate. They did not, however, find a statistically significant association between age and death (p=0.513) [18]. In the current study, p-SOFA and PRISM III 24 scores at the time of admission to the PICU were found to be good predictors of death within 30 days."", ""method"": ""This finding is comparable to that of El-Mashad et al., who reported a good AUC of 0.89 for the prediction of 30-day death in PICU children using the p-SOFA score [2]. Similarly, Matics et al. discovered a good AUC of 0.88 for the prediction of 30-day death in PICU infants using SOFA score in their investigation [14]. The PRISM III 24 score, on the other hand, had a lower AUC value of 0.75 for predicting 30-day mortality than the p-SOFA AUC value in the current investigation, according to ROC curve analysis [14]."", ""effect_size"": ""2022 Baloch et al. Cureus 14(1): e21055. DOI 10.7759/cureus.21055 4 of 8 [OpenRouter vision/OCR extraction from page image] **Visual/OCR-derived:** **Figure 1: Frequency distribution of 30-day mortality among different categories of p-SOFA:** - p-SOFA Score sub-categories: - ≤2: 10 (6.1%) - 3-6: 38 (23.3%) - 7-9: 47 (28.8%) - 10: 68 (41.7%) **Figure 2: Frequency distribution of 30-day mortality among different categories of PRISM III 24:** - PRISM III 24 Score sub-categories: - ≤2: 11 (6.67%) - 3-6: 39 (23.9%) - 7-11: 49 (29.4%) - 12: 65 (39.9%) **Performance Metrics:** - AUC for p-SOFA: 0.81 (0.76-0.86), p-value: 0.0001 - AUC for PRISM III 24: 0.75 (0.69-0.81), p-value: 0.0001 30-day mortal"", ""performance"": ""Another study by Zhou et al. also found that p-SOFA had higher predictive accuracy for the prognosis of PICU children with severe illness than PRISM III [22]. ISM III 24 score (AUC=0.75, 95% CI=0.69-0.81, p=0.001) had good discrimination for 30-day mortality. For the prediction of 30-day mortality at the cut-off value of p-SOFA>2, the sensitivity was 93.87%, specificity was 38.21%, and accuracy was 69.93%.""}",supported,All reported fields have lexical support in the source anchor.,"What predictors, biomarkers, severity scores, statistical methods, effect sizes, and model performance metrics are reported for mortality estimation in sepsis?",26.75
Bidart_2024,Adult patients with suspicion of sepsis in the emergency department,665,Administration of vasopressors at the ED,overall mortality,Not reported,Retrospective cohort study,"RR, 2.25; 95% CI, 1.58 to 3.21",Not reported,Administration of vasopressors was found to be a predictor of overall mortality.,Bidart_2024.pdf,1,Bidart_2024:p1:c2,file:///Users/mikitabianko/dev/sandbox/SepsisAtlasHackathon/articles/Bidart_2024.pdf#page=1,"The administration of vasopressors at the ED (RR, 2.25; CI 95%, 1.58 to 3.21) was found to be a predictor of overall mortality.","{""population"": ""To enhance the identification of patients with suspected sepsis at high risk of mortality and adverse outcomes in the emergency department (ED), the use of mortality predictors is relevant. This study aims to establish whether quick sofa (qSOFA) and the severity criteria applied in patients with suspicion of sepsis in a monitored ED are in fact predictors of mortality. Methods We performed a retrospective cohort study among adult patients with suspicion of sepsis at the ED of a tertiary care hospital in Brazil between January 1st, 2019 and December 31, 2020."", ""sample_size"": ""Knee area tissue oxygen saturation is predictive of 14-day mortality in septic shock. Intensive Care Med. ted sepsis that scored two or more points on qSOFA score or at least one point on the severity criteria score were included in the study. Results The total of patients included in the study was 665 and the average age of the sample was 73 ± 19 years."", ""predictor"": ""The overall mortality rate was 19.7% (131 patients) with 98 patients (14.74%) having positive blood cultures, mainly showing Escherichia coli as the most isolated bacteria. Neither scores of qSOFA nor the severity criteria were associated with mortality rates, but scoring any point on qSOFA was considered as an independent factor for intensive care unit (ICU) admission (qSOFA = 1 point, p = 0.02; qSOFA = 2 points, p = 0.03, and qSOFA = 3 points, p = 0.04). Positive blood cultures (RR, 1.63;95% CI, 1.10 to 2.41) and general administration of vasopressors at the ED (RR, 2.14;95% CI, 1.44 to 3.17) were associated with 30-day mortality."", ""outcome"": ""The ratio of men to women was similar. Most patients exhibited qSOFA ≥ 2 (58.80%) and 356 patients (53.61%) scored one point in the severity criteria at admission. The overall mortality rate was 19.7% (131 patients) with 98 patients (14.74%) having positive blood cultures, mainly showing Escherichia coli as the most isolated bacteria."", ""method"": ""In order to improve the ability to identify patients with suspected sepsis in a high possibility of mortality and adverse outcomes in the ED, mortality predictors are applicable, including qSOFA and the severity criteria with the expected outcomes. The objective of this study is to establish whether qSOFA and the severity criteria applied in patients with suspicion of sepsis in a moni­ tored ED are in fact predictors of mortality. Methods We performed a retrospective cohort study among adult patients with suspicion of sepsis at the ED of a tertiary care hospital in Brazil between January 1st, 2019, and December 31, 2020."", ""effect_size"": ""Neither scores of qSOFA nor the severity criteria were associated with mortality rates, but scoring any point on qSOFA was considered as an independent factor for intensive care unit (ICU) admission (qSOFA = 1 point, p = 0.02; qSOFA = 2 points, p = 0.03, and qSOFA = 3 points, p = 0.04). Positive blood cultures (RR, 1.63;95% CI, 1.10 to 2.41) and general administration of vasopressors at the ED (RR, 2.14;95% CI, 1.44 to 3.17) were associated with 30-day mortality. The administration of vasopressors at the ED (RR, 2.25; CI 95%, 1.58 to 3.21) was found to be a predictor of overall mortality.""}",supported,All reported fields have lexical support in the source anchor.,"What predictors, biomarkers, severity scores, statistical methods, effect sizes, and model performance metrics are reported for mortality estimation in sepsis?",30.5
Bidart_2024,Adult patients with suspicion of sepsis in the emergency department,665,Positive blood cultures,30-day mortality,Not reported,Retrospective cohort study,"RR, 1.63; 95% CI, 1.10 to 2.41",Not reported,Positive blood cultures were associated with increased mortality.,Bidart_2024.pdf,1,Bidart_2024:p1:c2,file:///Users/mikitabianko/dev/sandbox/SepsisAtlasHackathon/articles/Bidart_2024.pdf#page=1,"Positive blood cultures (RR, 1.63;95% CI, 1.10 to 2.41) and general administration of vasopressors at the ED (RR, 2.14;95% CI, 1.44 to 3.17) were associated with 30-day mortality.","{""population"": ""To enhance the identification of patients with suspected sepsis at high risk of mortality and adverse outcomes in the emergency department (ED), the use of mortality predictors is relevant. This study aims to establish whether quick sofa (qSOFA) and the severity criteria applied in patients with suspicion of sepsis in a monitored ED are in fact predictors of mortality. Methods We performed a retrospective cohort study among adult patients with suspicion of sepsis at the ED of a tertiary care hospital in Brazil between January 1st, 2019 and December 31, 2020."", ""sample_size"": ""Knee area tissue oxygen saturation is predictive of 14-day mortality in septic shock. Intensive Care Med. ted sepsis that scored two or more points on qSOFA score or at least one point on the severity criteria score were included in the study. Results The total of patients included in the study was 665 and the average age of the sample was 73 ± 19 years."", ""predictor"": ""The ratio of men to women was similar. Most patients exhibited qSOFA ≥ 2 (58.80%) and 356 patients (53.61%) scored one point in the severity criteria at admission. The overall mortality rate was 19.7% (131 patients) with 98 patients (14.74%) having positive blood cultures, mainly showing Escherichia coli as the most isolated bacteria."", ""outcome"": ""The overall mortality rate was 19.7% (131 patients) with 98 patients (14.74%) having positive blood cultures, mainly showing Escherichia coli as the most isolated bacteria. Neither scores of qSOFA nor the severity criteria were associated with mortality rates, but scoring any point on qSOFA was considered as an independent factor for intensive care unit (ICU) admission (qSOFA = 1 point, p = 0.02; qSOFA = 2 points, p = 0.03, and qSOFA = 3 points, p = 0.04). Positive blood cultures (RR, 1.63;95% CI, 1.10 to 2.41) and general administration of vasopressors at the ED (RR, 2.14;95% CI, 1.44 to 3.17) were associated with 30-day mortality."", ""method"": ""In order to improve the ability to identify patients with suspected sepsis in a high possibility of mortality and adverse outcomes in the ED, mortality predictors are applicable, including qSOFA and the severity criteria with the expected outcomes. The objective of this study is to establish whether qSOFA and the severity criteria applied in patients with suspicion of sepsis in a moni­ tored ED are in fact predictors of mortality. Methods We performed a retrospective cohort study among adult patients with suspicion of sepsis at the ED of a tertiary care hospital in Brazil between January 1st, 2019, and December 31, 2020."", ""effect_size"": ""The overall mortality rate was 19.7% (131 patients) with 98 patients (14.74%) having positive blood cultures, mainly showing Escherichia coli as the most isolated bacteria. Neither scores of qSOFA nor the severity criteria were associated with mortality rates, but scoring any point on qSOFA was considered as an independent factor for intensive care unit (ICU) admission (qSOFA = 1 point, p = 0.02; qSOFA = 2 points, p = 0.03, and qSOFA = 3 points, p = 0.04). Positive blood cultures (RR, 1.63;95% CI, 1.10 to 2.41) and general administration of vasopressors at the ED (RR, 2.14;95% CI, 1.44 to 3.17) were associated with 30-day mortality.""}",supported,All reported fields have lexical support in the source anchor.,"What predictors, biomarkers, severity scores, statistical methods, effect sizes, and model performance metrics are reported for mortality estimation in sepsis?",30.5
Bidart_2024,Adult patients with suspicion of sepsis in the emergency department,665,Severity criteria score,mortality,Not reported,Retrospective cohort study,Not reported,"AUC = 0.52, Sensitivity = 18% (95% CI 15%-22%), Specificity = 85% (95% CI 80%-89%)",Severity criteria were not associated with mortality rates.,Bidart_2024.pdf,6,Bidart_2024:p6:c1,file:///Users/mikitabianko/dev/sandbox/SepsisAtlasHackathon/articles/Bidart_2024.pdf#page=6,"the highest AUROC was found for qSOFA (AUC = 0.58), and the lowest AUROC was found for the severity criteria (AUC = 0.52). The sensitivity for the severity criteria curve was 18% (95% CI 15%-22%), with a specificity of 85% (95% CI 80%-89%).","{""population"": ""To enhance the identification of patients with suspected sepsis at high risk of mortality and adverse outcomes in the emergency department (ED), the use of mortality predictors is relevant. This study aims to establish whether quick sofa (qSOFA) and the severity criteria applied in patients with suspicion of sepsis in a monitored ED are in fact predictors of mortality. Methods We performed a retrospective cohort study among adult patients with suspicion of sepsis at the ED of a tertiary care hospital in Brazil between January 1st, 2019 and December 31, 2020."", ""sample_size"": ""Knee area tissue oxygen saturation is predictive of 14-day mortality in septic shock. Intensive Care Med. ted sepsis that scored two or more points on qSOFA score or at least one point on the severity criteria score were included in the study. Results The total of patients included in the study was 665 and the average age of the sample was 73 ± 19 years."", ""predictor"": ""The ED also has 34 additional beds for patients admitted to this unit. The institutional protocol for sepsis was applied for all adults (ages 18 and over) admitted at the triage of the hospital’s ED with symptoms suggestive of infection (such as fever, respiratory abnormalities, abdominal pain/diarrhea, uri­ nary symptoms, headache, alteration of mental status, skin tissue alterations, among other features). Patients that scored two or more points on the qSOFA score or at least one point on the severity criteria score were considered as potentially septic and were evaluated by a physician to discard alternative diagnoses."", ""outcome"": ""The ED is a place of high flow of patients afflicted with diverse and complex pathologies. Both emergency phy­ sicians and nursing staff need simple, quick, and practi­ cal tools to apply in emergency triage in order to detect patients in severe conditions and at high risk of death. In order to improve the ability to identify patients with suspected sepsis in a high possibility of mortality and adverse outcomes in the ED, mortality predictors are applicable, including qSOFA and the severity criteria with the expected outcomes."", ""method"": ""In order to improve the ability to identify patients with suspected sepsis in a high possibility of mortality and adverse outcomes in the ED, mortality predictors are applicable, including qSOFA and the severity criteria with the expected outcomes. The objective of this study is to establish whether qSOFA and the severity criteria applied in patients with suspicion of sepsis in a moni­ tored ED are in fact predictors of mortality. Methods We performed a retrospective cohort study among adult patients with suspicion of sepsis at the ED of a tertiary care hospital in Brazil between January 1st, 2019, and December 31, 2020."", ""performance"": ""A qSOFA score of two or more points was used as the reference baseline, while one or more points were used as the reference baseline for the severity crite­ ria curve. The sensitivity for the qSOFA curve was 20% (95% CI 16%-24%), with a specificity of 87% (95% CI 82%91%). The sensitivity for the severity criteria curve was 18% (95% CI 15%-22%), with a specificity of 85% (95% CI 80%-89%).""}",supported,All reported fields have lexical support in the source anchor.,"What predictors, biomarkers, severity scores, statistical methods, effect sizes, and model performance metrics are reported for mortality estimation in sepsis?",30.5
Bidart_2024,Adult patients with suspicion of sepsis in the emergency department,665,qSOFA score,mortality,Not reported,Retrospective cohort study,Not reported,"AUC = 0.58, Sensitivity = 20% (95% CI 16%-24%), Specificity = 87% (95% CI 82%-91%)",qSOFA was not associated with mortality rates but was considered a predictor for ICU admission.,Bidart_2024.pdf,6,Bidart_2024:p6:c1,file:///Users/mikitabianko/dev/sandbox/SepsisAtlasHackathon/articles/Bidart_2024.pdf#page=6,"the highest AUROC was found for qSOFA (AUC = 0.58), and the lowest AUROC was found for the severity criteria (AUC = 0.52). A qSOFA score of two or more points was used as the reference baseline, while one or more points were used as the reference baseline for the severity criteria curve. The sensitivity for the qSOFA curve was 20% (95% CI 16%-24%), with a specificity of 87% (95% CI 82%-91%).","{""population"": ""To enhance the identification of patients with suspected sepsis at high risk of mortality and adverse outcomes in the emergency department (ED), the use of mortality predictors is relevant. This study aims to establish whether quick sofa (qSOFA) and the severity criteria applied in patients with suspicion of sepsis in a monitored ED are in fact predictors of mortality. Methods We performed a retrospective cohort study among adult patients with suspicion of sepsis at the ED of a tertiary care hospital in Brazil between January 1st, 2019 and December 31, 2020."", ""sample_size"": ""Knee area tissue oxygen saturation is predictive of 14-day mortality in septic shock. Intensive Care Med. ted sepsis that scored two or more points on qSOFA score or at least one point on the severity criteria score were included in the study. Results The total of patients included in the study was 665 and the average age of the sample was 73 ± 19 years."", ""predictor"": ""The ED also has 34 additional beds for patients admitted to this unit. The institutional protocol for sepsis was applied for all adults (ages 18 and over) admitted at the triage of the hospital’s ED with symptoms suggestive of infection (such as fever, respiratory abnormalities, abdominal pain/diarrhea, uri­ nary symptoms, headache, alteration of mental status, skin tissue alterations, among other features). Patients that scored two or more points on the qSOFA score or at least one point on the severity criteria score were considered as potentially septic and were evaluated by a physician to discard alternative diagnoses."", ""outcome"": ""The ED is a place of high flow of patients afflicted with diverse and complex pathologies. Both emergency phy­ sicians and nursing staff need simple, quick, and practi­ cal tools to apply in emergency triage in order to detect patients in severe conditions and at high risk of death. In order to improve the ability to identify patients with suspected sepsis in a high possibility of mortality and adverse outcomes in the ED, mortality predictors are applicable, including qSOFA and the severity criteria with the expected outcomes."", ""method"": ""In order to improve the ability to identify patients with suspected sepsis in a high possibility of mortality and adverse outcomes in the ED, mortality predictors are applicable, including qSOFA and the severity criteria with the expected outcomes. The objective of this study is to establish whether qSOFA and the severity criteria applied in patients with suspicion of sepsis in a moni­ tored ED are in fact predictors of mortality. Methods We performed a retrospective cohort study among adult patients with suspicion of sepsis at the ED of a tertiary care hospital in Brazil between January 1st, 2019, and December 31, 2020."", ""performance"": ""International Journal of Emergency Medicine (2024) 17:74 highest AUROC was found for qSOFA (AUC = 0.58), and the lowest AUROC was found for the severity criteria (AUC = 0.52). A qSOFA score of two or more points was used as the reference baseline, while one or more points were used as the reference baseline for the severity crite­ ria curve. The sensitivity for the qSOFA curve was 20% (95% CI 16%-24%), with a specificity of 87% (95% CI 82%91%).""}",supported,All reported fields have lexical support in the source anchor.,"What predictors, biomarkers, severity scores, statistical methods, effect sizes, and model performance metrics are reported for mortality estimation in sepsis?",30.5
Cao_2021,Patients with sepsis in ICU,294,24-h APACHE-II score,Mortality,Not reported,Multivariable logistic regression,"1.08, 95% CI: 1.03-1.13, P=0.002",Not reported,Independent risk factor for mortality,Cao_2021.pdf,7,Cao_2021:p7:c1,file:///Users/mikitabianko/dev/sandbox/SepsisAtlasHackathon/articles/Cao_2021.pdf#page=7,"24-h APACHE-II score (1.08, 95% CI: 1.03-1.13, P=0.002)...","{""population"": ""ents with sepsis died during hospitalization, and 132 patients who gave up treatment and then were dis­ charged died either due to severe illnesses or due to other rea­ sons, which was confirmed over the telephone. One patient was still hospitalized. The mortality rates due to sepsis and septic shock were 51.9% and 63.6%, respectively (Table 2), and the overall mortality due to sepsis and septic shock in the ICU during the observation period was 57.5%."", ""sample_size"": ""Univariable analyses were performed using death as the de­ pendent variable, and acute dysfunction of the central ner­ vous system, lowest blood phosphorus, highest lactate, 24-h Table 2 continued. Characteristics of patients with sepsis. All patients (n=294) Non-septic shock Septic shock Survival (n=74) Death (n=80) P Survival (n=51) Death (n=89) P Immunosuppression 17 (5.8) 2 (2.7) 7 (8.8) 0.210 2 (3.9) 6 (6.7) 0.754 Chronic renal insufficiency 6 (2.0) 3 (4.1) 1 (1.3) 0.558 1 (2.0) 1 (1.1) 1.000 None 210 (71.4) 56 (75.7) 52 (65.0) 0.148 43 (84.3) 59 (66.3) 0.021 Number of acute organ dysfunction 0.016 0.182 1 3 (1.0) 1 (1.4) 1 (1.3) - 1 (2.0) 0 (0) 2 33 (11.3) 19 (25.7) 11 (13.8) 0 (0) 3 ("", ""predictor"": ""The mortality rates due to sepsis and septic shock were 51.9% and 63.6%, respectively, and the overall mortality due to sepsis and septic shock in the ICU during the observation period was 57.5%. **Statistical Analysis**: - Univariate analyses were performed using death as the dependent variable, and acute dysfunction of the central nervous system, lowest blood phosphorus, highest lactate, 24-h... APACHE-II score, and lung infection were selected as vari­ ables for the multivariable analysis. The results of the mul­ tivariable analysis showed that central nervous system dys­ function (odds ratio [OR]=2.59, 95% confidence interval [CI]: 1.15-5.84, P=0.022), lowest blood phosphorus (OR=2.56, 9"", ""outcome"": ""ents with sepsis died during hospitalization, and 132 patients who gave up treatment and then were dis­ charged died either due to severe illnesses or due to other rea­ sons, which was confirmed over the telephone. One patient was still hospitalized. The mortality rates due to sepsis and septic shock were 51.9% and 63.6%, respectively (Table 2), and the overall mortality due to sepsis and septic shock in the ICU during the observation period was 57.5%."", ""method"": ""Age and APACHE-II scores in the different prognosis groups were compared. Multiple comparisons were adjusted using the Bonferroni method. The variables with P<0.05 were analyzed by multivariable logistic regression using the for­ ward method."", ""effect_size"": ""The mortality rates due to sepsis and septic shock were 51.9% and 63.6%, respectively, and the overall mortality due to sepsis and septic shock in the ICU during the observation period was 57.5%. **Statistical Analysis**: - Univariate analyses were performed using death as the dependent variable, and acute dysfunction of the central nervous system, lowest blood phosphorus, highest lactate, 24-h... APACHE-II score, and lung infection were selected as vari­ ables for the multivariable analysis. The results of the mul­ tivariable analysis showed that central nervous system dys­ function (odds ratio [OR]=2.59, 95% confidence interval [CI]: 1.15-5.84, P=0.022), lowest blood phosphorus (OR=2.56, 9""}",supported,All reported fields have lexical support in the source anchor.,"What predictors, biomarkers, severity scores, statistical methods, effect sizes, and model performance metrics are reported for mortality estimation in sepsis?",34.25
Cao_2021,Patients with sepsis in ICU,294,APACHE-II score on the first day,Mortality,Not reported,Univariable analysis,"26 (21-32) vs 29 (24-36), P<0.001",Not reported,Higher in death group than in survival group,Cao_2021.pdf,5,Cao_2021:p5:c1,file:///Users/mikitabianko/dev/sandbox/SepsisAtlasHackathon/articles/Cao_2021.pdf#page=5,"The APACHE-II score within 24 h after diagnosis of sepsis was higher in the death group than in the survival group (29 [IQR, 24-36] vs 23 [IQR, 17.5-26], P<0.001)...","{""population"": ""ents with sepsis died during hospitalization, and 132 patients who gave up treatment and then were dis­ charged died either due to severe illnesses or due to other rea­ sons, which was confirmed over the telephone. One patient was still hospitalized. The mortality rates due to sepsis and septic shock were 51.9% and 63.6%, respectively (Table 2), and the overall mortality due to sepsis and septic shock in the ICU during the observation period was 57.5%."", ""sample_size"": ""Univariable analyses were performed using death as the de­ pendent variable, and acute dysfunction of the central ner­ vous system, lowest blood phosphorus, highest lactate, 24-h Table 2 continued. Characteristics of patients with sepsis. All patients (n=294) Non-septic shock Septic shock Survival (n=74) Death (n=80) P Survival (n=51) Death (n=89) P Immunosuppression 17 (5.8) 2 (2.7) 7 (8.8) 0.210 2 (3.9) 6 (6.7) 0.754 Chronic renal insufficiency 6 (2.0) 3 (4.1) 1 (1.3) 0.558 1 (2.0) 1 (1.1) 1.000 None 210 (71.4) 56 (75.7) 52 (65.0) 0.148 43 (84.3) 59 (66.3) 0.021 Number of acute organ dysfunction 0.016 0.182 1 3 (1.0) 1 (1.4) 1 (1.3) - 1 (2.0) 0 (0) 2 33 (11.3) 19 (25.7) 11 (13.8) 0 (0) 3 ("", ""predictor"": ""One patient was still hospitalized. Conclusions This study showed that the prevalence of sepsis and mortality of sepsis patients in ICUs of Grade A level III hospitals in pre­ fecture-level cities in Sichuan were higher than those in devel­ oped countries and in other regions of China. The APACHE-II score on the first day after diagnosis, acute organ dysfunction involving the central nervous system, lowest blood P, high se­ rum lactate, and lung infection were independent risk factors associated with death of patients with sepsis."", ""outcome"": ""ents with sepsis died during hospitalization, and 132 patients who gave up treatment and then were dis­ charged died either due to severe illnesses or due to other rea­ sons, which was confirmed over the telephone. One patient was still hospitalized. The mortality rates due to sepsis and septic shock were 51.9% and 63.6%, respectively (Table 2), and the overall mortality due to sepsis and septic shock in the ICU during the observation period was 57.5%."", ""method"": ""One patient was still hospitalized. The mortality rates due to sepsis and septic shock were 51.9% and 63.6%, respectively (Table 2), and the overall mortality due to sepsis and septic shock in the ICU during the observation period was 57.5%. Univariable analyses were performed using death as the de­ pendent variable, and acute dysfunction of the central ner­ vous system, lowest blood phosphorus, highest lactate, 24-h Table 2 continued."", ""effect_size"": ""Table 4 presents the median biochemical and hematological scores, and hospitalization characteristics of the patients. The APACHE-II and SOFA scores on the first day were 26 (21-32) and 10 (7-12), duration of ventilation was 48 (11-130) h, ICU stay was 2 (2-8) days, and hospitalization duration was 8 (2-19) days. The APACHE-II score within 24 h after diagnosis of sepsis was higher in the death group than in the survival group (29 [IQR, 24-36] vs 23 [IQR, 17.5-26], P<0.001).""}",supported,All reported fields have lexical support in the source anchor.,"What predictors, biomarkers, severity scores, statistical methods, effect sizes, and model performance metrics are reported for mortality estimation in sepsis?",34.25
Cao_2021,Patients with sepsis in ICU,294,Acute dysfunction of the central nervous system,Mortality,Not reported,Multivariable logistic regression,"OR=2.59, 95% CI: 1.15-5.84, P=0.022",Not reported,Independent risk factor for mortality,Cao_2021.pdf,7,Cao_2021:p7:c1,file:///Users/mikitabianko/dev/sandbox/SepsisAtlasHackathon/articles/Cao_2021.pdf#page=7,"the results of the multivariable analysis showed that central nervous system dysfunction (odds ratio [OR]=2.59, 95% confidence interval [CI]: 1.15-5.84, P=0.022)...","{""population"": ""ents with sepsis died during hospitalization, and 132 patients who gave up treatment and then were dis­ charged died either due to severe illnesses or due to other rea­ sons, which was confirmed over the telephone. One patient was still hospitalized. The mortality rates due to sepsis and septic shock were 51.9% and 63.6%, respectively (Table 2), and the overall mortality due to sepsis and septic shock in the ICU during the observation period was 57.5%."", ""sample_size"": ""Univariable analyses were performed using death as the de­ pendent variable, and acute dysfunction of the central ner­ vous system, lowest blood phosphorus, highest lactate, 24-h Table 2 continued. Characteristics of patients with sepsis. All patients (n=294) Non-septic shock Septic shock Survival (n=74) Death (n=80) P Survival (n=51) Death (n=89) P Immunosuppression 17 (5.8) 2 (2.7) 7 (8.8) 0.210 2 (3.9) 6 (6.7) 0.754 Chronic renal insufficiency 6 (2.0) 3 (4.1) 1 (1.3) 0.558 1 (2.0) 1 (1.1) 1.000 None 210 (71.4) 56 (75.7) 52 (65.0) 0.148 43 (84.3) 59 (66.3) 0.021 Number of acute organ dysfunction 0.016 0.182 1 3 (1.0) 1 (1.4) 1 (1.3) - 1 (2.0) 0 (0) 2 33 (11.3) 19 (25.7) 11 (13.8) 0 (0) 3 ("", ""predictor"": ""The most common bacteria were *Klebsiella pneumoniae* and *Escherichia coli*. **Risk Factors for Mortality**: - A total of 37 patients with sepsis died during hospitalization, and 132 patients who were given treatment and then were discharged died either due to severe illness or due to other reasons, which was confirmed over the telephone. One patient was still hospitalized. The mortality rates due to sepsis and septic shock were 51.9% and 63.6%, respectively, and the overall mortality due to sepsis and septic shock in the ICU during the observation period was 57.5%. **Statistical Analysis**: - Univariate analyses were performed using death as the dependent variable, and acute dysfunction of"", ""outcome"": ""ents with sepsis died during hospitalization, and 132 patients who gave up treatment and then were dis­ charged died either due to severe illnesses or due to other rea­ sons, which was confirmed over the telephone. One patient was still hospitalized. The mortality rates due to sepsis and septic shock were 51.9% and 63.6%, respectively (Table 2), and the overall mortality due to sepsis and septic shock in the ICU during the observation period was 57.5%."", ""method"": ""Age and APACHE-II scores in the different prognosis groups were compared. Multiple comparisons were adjusted using the Bonferroni method. The variables with P<0.05 were analyzed by multivariable logistic regression using the for­ ward method."", ""effect_size"": ""The mortality rates due to sepsis and septic shock were 51.9% and 63.6%, respectively, and the overall mortality due to sepsis and septic shock in the ICU during the observation period was 57.5%. **Statistical Analysis**: - Univariate analyses were performed using death as the dependent variable, and acute dysfunction of the central nervous system, lowest blood phosphorus, highest lactate, 24-h... APACHE-II score, and lung infection were selected as vari­ ables for the multivariable analysis. The results of the mul­ tivariable analysis showed that central nervous system dys­ function (odds ratio [OR]=2.59, 95% confidence interval [CI]: 1.15-5.84, P=0.022), lowest blood phosphorus (OR=2.56, 9""}",supported,All reported fields have lexical support in the source anchor.,"What predictors, biomarkers, severity scores, statistical methods, effect sizes, and model performance metrics are reported for mortality estimation in sepsis?",34.25
Cao_2021,Patients with sepsis in ICU,294,Highest lactate,Mortality,Not reported,Multivariable logistic regression,"OR=1.20, 95% CI: 1.10-1.32, P<0.001",Not reported,Independent risk factor for mortality,Cao_2021.pdf,7,Cao_2021:p7:c1,file:///Users/mikitabianko/dev/sandbox/SepsisAtlasHackathon/articles/Cao_2021.pdf#page=7,"highest lactate (OR=1.20, 95% CI: 1.10-1.32, P<0.001)...","{""population"": ""ents with sepsis died during hospitalization, and 132 patients who gave up treatment and then were dis­ charged died either due to severe illnesses or due to other rea­ sons, which was confirmed over the telephone. One patient was still hospitalized. The mortality rates due to sepsis and septic shock were 51.9% and 63.6%, respectively (Table 2), and the overall mortality due to sepsis and septic shock in the ICU during the observation period was 57.5%."", ""sample_size"": ""Univariable analyses were performed using death as the de­ pendent variable, and acute dysfunction of the central ner­ vous system, lowest blood phosphorus, highest lactate, 24-h Table 2 continued. Characteristics of patients with sepsis. All patients (n=294) Non-septic shock Septic shock Survival (n=74) Death (n=80) P Survival (n=51) Death (n=89) P Immunosuppression 17 (5.8) 2 (2.7) 7 (8.8) 0.210 2 (3.9) 6 (6.7) 0.754 Chronic renal insufficiency 6 (2.0) 3 (4.1) 1 (1.3) 0.558 1 (2.0) 1 (1.1) 1.000 None 210 (71.4) 56 (75.7) 52 (65.0) 0.148 43 (84.3) 59 (66.3) 0.021 Number of acute organ dysfunction 0.016 0.182 1 3 (1.0) 1 (1.4) 1 (1.3) - 1 (2.0) 0 (0) 2 33 (11.3) 19 (25.7) 11 (13.8) 0 (0) 3 ("", ""predictor"": ""One patient was still hospitalized. The mortality rates due to sepsis and septic shock were 51.9% and 63.6%, respectively (Table 2), and the overall mortality due to sepsis and septic shock in the ICU during the observation period was 57.5%. Univariable analyses were performed using death as the de­ pendent variable, and acute dysfunction of the central ner­ vous system, lowest blood phosphorus, highest lactate, 24-h Table 2 continued."", ""outcome"": ""ents with sepsis died during hospitalization, and 132 patients who gave up treatment and then were dis­ charged died either due to severe illnesses or due to other rea­ sons, which was confirmed over the telephone. One patient was still hospitalized. The mortality rates due to sepsis and septic shock were 51.9% and 63.6%, respectively (Table 2), and the overall mortality due to sepsis and septic shock in the ICU during the observation period was 57.5%."", ""method"": ""Age and APACHE-II scores in the different prognosis groups were compared. Multiple comparisons were adjusted using the Bonferroni method. The variables with P<0.05 were analyzed by multivariable logistic regression using the for­ ward method."", ""effect_size"": ""The mortality rates due to sepsis and septic shock were 51.9% and 63.6%, respectively, and the overall mortality due to sepsis and septic shock in the ICU during the observation period was 57.5%. **Statistical Analysis**: - Univariate analyses were performed using death as the dependent variable, and acute dysfunction of the central nervous system, lowest blood phosphorus, highest lactate, 24-h... APACHE-II score, and lung infection were selected as vari­ ables for the multivariable analysis. The results of the mul­ tivariable analysis showed that central nervous system dys­ function (odds ratio [OR]=2.59, 95% confidence interval [CI]: 1.15-5.84, P=0.022), lowest blood phosphorus (OR=2.56, 9""}",supported,All reported fields have lexical support in the source anchor.,"What predictors, biomarkers, severity scores, statistical methods, effect sizes, and model performance metrics are reported for mortality estimation in sepsis?",34.25
Cao_2021,Patients with sepsis in ICU,294,Lowest blood phosphorus,Mortality,Not reported,Multivariable logistic regression,"OR=2.56, 95% CI: 1.21-5.44, P=0.014",Not reported,Independent risk factor for mortality,Cao_2021.pdf,7,Cao_2021:p7:c1,file:///Users/mikitabianko/dev/sandbox/SepsisAtlasHackathon/articles/Cao_2021.pdf#page=7,"lowest blood phosphorus (OR=2.56, 95% CI: 1.21-5.44 P=0.014)...","{""population"": ""ents with sepsis died during hospitalization, and 132 patients who gave up treatment and then were dis­ charged died either due to severe illnesses or due to other rea­ sons, which was confirmed over the telephone. One patient was still hospitalized. The mortality rates due to sepsis and septic shock were 51.9% and 63.6%, respectively (Table 2), and the overall mortality due to sepsis and septic shock in the ICU during the observation period was 57.5%."", ""sample_size"": ""Univariable analyses were performed using death as the de­ pendent variable, and acute dysfunction of the central ner­ vous system, lowest blood phosphorus, highest lactate, 24-h Table 2 continued. Characteristics of patients with sepsis. All patients (n=294) Non-septic shock Septic shock Survival (n=74) Death (n=80) P Survival (n=51) Death (n=89) P Immunosuppression 17 (5.8) 2 (2.7) 7 (8.8) 0.210 2 (3.9) 6 (6.7) 0.754 Chronic renal insufficiency 6 (2.0) 3 (4.1) 1 (1.3) 0.558 1 (2.0) 1 (1.1) 1.000 None 210 (71.4) 56 (75.7) 52 (65.0) 0.148 43 (84.3) 59 (66.3) 0.021 Number of acute organ dysfunction 0.016 0.182 1 3 (1.0) 1 (1.4) 1 (1.3) - 1 (2.0) 0 (0) 2 33 (11.3) 19 (25.7) 11 (13.8) 0 (0) 3 ("", ""predictor"": ""One patient was still hospitalized. The mortality rates due to sepsis and septic shock were 51.9% and 63.6%, respectively (Table 2), and the overall mortality due to sepsis and septic shock in the ICU during the observation period was 57.5%. Univariable analyses were performed using death as the de­ pendent variable, and acute dysfunction of the central ner­ vous system, lowest blood phosphorus, highest lactate, 24-h Table 2 continued."", ""outcome"": ""ents with sepsis died during hospitalization, and 132 patients who gave up treatment and then were dis­ charged died either due to severe illnesses or due to other rea­ sons, which was confirmed over the telephone. One patient was still hospitalized. The mortality rates due to sepsis and septic shock were 51.9% and 63.6%, respectively (Table 2), and the overall mortality due to sepsis and septic shock in the ICU during the observation period was 57.5%."", ""method"": ""Age and APACHE-II scores in the different prognosis groups were compared. Multiple comparisons were adjusted using the Bonferroni method. The variables with P<0.05 were analyzed by multivariable logistic regression using the for­ ward method."", ""effect_size"": ""The mortality rates due to sepsis and septic shock were 51.9% and 63.6%, respectively, and the overall mortality due to sepsis and septic shock in the ICU during the observation period was 57.5%. **Statistical Analysis**: - Univariate analyses were performed using death as the dependent variable, and acute dysfunction of the central nervous system, lowest blood phosphorus, highest lactate, 24-h... APACHE-II score, and lung infection were selected as vari­ ables for the multivariable analysis. The results of the mul­ tivariable analysis showed that central nervous system dys­ function (odds ratio [OR]=2.59, 95% confidence interval [CI]: 1.15-5.84, P=0.022), lowest blood phosphorus (OR=2.56, 9""}",supported,All reported fields have lexical support in the source anchor.,"What predictors, biomarkers, severity scores, statistical methods, effect sizes, and model performance metrics are reported for mortality estimation in sepsis?",34.25
Cao_2021,Patients with sepsis in ICU,294,Lung infection,Mortality,Not reported,Multivariable logistic regression,"OR=2.57, 95% CI: 1.30-5.09, P=0.007",Not reported,Independent risk factor for mortality,Cao_2021.pdf,7,Cao_2021:p7:c1,file:///Users/mikitabianko/dev/sandbox/SepsisAtlasHackathon/articles/Cao_2021.pdf#page=7,"lung infection (OR=2.57, 95% CI: 1.30-5.09, P=0.007)...","{""population"": ""ents with sepsis died during hospitalization, and 132 patients who gave up treatment and then were dis­ charged died either due to severe illnesses or due to other rea­ sons, which was confirmed over the telephone. One patient was still hospitalized. The mortality rates due to sepsis and septic shock were 51.9% and 63.6%, respectively (Table 2), and the overall mortality due to sepsis and septic shock in the ICU during the observation period was 57.5%."", ""sample_size"": ""Univariable analyses were performed using death as the de­ pendent variable, and acute dysfunction of the central ner­ vous system, lowest blood phosphorus, highest lactate, 24-h Table 2 continued. Characteristics of patients with sepsis. All patients (n=294) Non-septic shock Septic shock Survival (n=74) Death (n=80) P Survival (n=51) Death (n=89) P Immunosuppression 17 (5.8) 2 (2.7) 7 (8.8) 0.210 2 (3.9) 6 (6.7) 0.754 Chronic renal insufficiency 6 (2.0) 3 (4.1) 1 (1.3) 0.558 1 (2.0) 1 (1.1) 1.000 None 210 (71.4) 56 (75.7) 52 (65.0) 0.148 43 (84.3) 59 (66.3) 0.021 Number of acute organ dysfunction 0.016 0.182 1 3 (1.0) 1 (1.4) 1 (1.3) - 1 (2.0) 0 (0) 2 33 (11.3) 19 (25.7) 11 (13.8) 0 (0) 3 ("", ""predictor"": ""One patient was still hospitalized. Conclusions This study showed that the prevalence of sepsis and mortality of sepsis patients in ICUs of Grade A level III hospitals in pre­ fecture-level cities in Sichuan were higher than those in devel­ oped countries and in other regions of China. The APACHE-II score on the first day after diagnosis, acute organ dysfunction involving the central nervous system, lowest blood P, high se­ rum lactate, and lung infection were independent risk factors associated with death of patients with sepsis."", ""outcome"": ""ents with sepsis died during hospitalization, and 132 patients who gave up treatment and then were dis­ charged died either due to severe illnesses or due to other rea­ sons, which was confirmed over the telephone. One patient was still hospitalized. The mortality rates due to sepsis and septic shock were 51.9% and 63.6%, respectively (Table 2), and the overall mortality due to sepsis and septic shock in the ICU during the observation period was 57.5%."", ""method"": ""Age and APACHE-II scores in the different prognosis groups were compared. Multiple comparisons were adjusted using the Bonferroni method. The variables with P<0.05 were analyzed by multivariable logistic regression using the for­ ward method."", ""effect_size"": ""The mortality rates due to sepsis and septic shock were 51.9% and 63.6%, respectively, and the overall mortality due to sepsis and septic shock in the ICU during the observation period was 57.5%. **Statistical Analysis**: - Univariate analyses were performed using death as the dependent variable, and acute dysfunction of the central nervous system, lowest blood phosphorus, highest lactate, 24-h... APACHE-II score, and lung infection were selected as vari­ ables for the multivariable analysis. The results of the mul­ tivariable analysis showed that central nervous system dys­ function (odds ratio [OR]=2.59, 95% confidence interval [CI]: 1.15-5.84, P=0.022), lowest blood phosphorus (OR=2.56, 9""}",supported,All reported fields have lexical support in the source anchor.,"What predictors, biomarkers, severity scores, statistical methods, effect sizes, and model performance metrics are reported for mortality estimation in sepsis?",34.25
Cao_2021,Patients with sepsis in ICU,294,SOFA score on the first day,Mortality,Not reported,Univariable analysis,"10 (7-12) vs 11 (8-14), P<0.001",Not reported,Higher in death group than in survival group,Cao_2021.pdf,5,Cao_2021:p5:c1,file:///Users/mikitabianko/dev/sandbox/SepsisAtlasHackathon/articles/Cao_2021.pdf#page=5,"The SOFA score was higher in the death group than in the survival group (11 [IQR, 8-14] vs 8 [IQR, 6-10], P<0.001)...","{""population"": ""ents with sepsis died during hospitalization, and 132 patients who gave up treatment and then were dis­ charged died either due to severe illnesses or due to other rea­ sons, which was confirmed over the telephone. One patient was still hospitalized. The mortality rates due to sepsis and septic shock were 51.9% and 63.6%, respectively (Table 2), and the overall mortality due to sepsis and septic shock in the ICU during the observation period was 57.5%."", ""sample_size"": ""Univariable analyses were performed using death as the de­ pendent variable, and acute dysfunction of the central ner­ vous system, lowest blood phosphorus, highest lactate, 24-h Table 2 continued. Characteristics of patients with sepsis. All patients (n=294) Non-septic shock Septic shock Survival (n=74) Death (n=80) P Survival (n=51) Death (n=89) P Immunosuppression 17 (5.8) 2 (2.7) 7 (8.8) 0.210 2 (3.9) 6 (6.7) 0.754 Chronic renal insufficiency 6 (2.0) 3 (4.1) 1 (1.3) 0.558 1 (2.0) 1 (1.1) 1.000 None 210 (71.4) 56 (75.7) 52 (65.0) 0.148 43 (84.3) 59 (66.3) 0.021 Number of acute organ dysfunction 0.016 0.182 1 3 (1.0) 1 (1.4) 1 (1.3) - 1 (2.0) 0 (0) 2 33 (11.3) 19 (25.7) 11 (13.8) 0 (0) 3 ("", ""predictor"": ""The mortality included deaths during hospitalization and the deaths that were confirmed by phone after discharge. Statistical Analysis SPSS 13.0 (SPSS, Inc., Chicago, IL, USA) was used for statistical analysis. The data related to age, the APACHE-II score on the first day after diagnosis, SOFA score on the first day, ICU hos­ pitalization time, total hospitalization time, mechanical venti­ lation time, and laboratory indices of patients with sepsis were not normally distributed according to the Shapiro-Wilk test, so the median (Q1, Q3) was used to describe them, and the group design rank-sum test was used for analysis."", ""outcome"": ""ents with sepsis died during hospitalization, and 132 patients who gave up treatment and then were dis­ charged died either due to severe illnesses or due to other rea­ sons, which was confirmed over the telephone. One patient was still hospitalized. The mortality rates due to sepsis and septic shock were 51.9% and 63.6%, respectively (Table 2), and the overall mortality due to sepsis and septic shock in the ICU during the observation period was 57.5%."", ""method"": ""One patient was still hospitalized. The mortality rates due to sepsis and septic shock were 51.9% and 63.6%, respectively (Table 2), and the overall mortality due to sepsis and septic shock in the ICU during the observation period was 57.5%. Univariable analyses were performed using death as the de­ pendent variable, and acute dysfunction of the central ner­ vous system, lowest blood phosphorus, highest lactate, 24-h Table 2 continued."", ""effect_size"": ""The APACHE-II and SOFA scores on the first day were 26 (21-32) and 10 (7-12), duration of ventilation was 48 (11-130) h, ICU stay was 2 (2-8) days, and hospitalization duration was 8 (2-19) days. The APACHE-II score within 24 h after diagnosis of sepsis was higher in the death group than in the survival group (29 [IQR, 24-36] vs 23 [IQR, 17.5-26], P<0.001). The SOFA score was high­ er in the death group than in the survival group (11 [IQR, 8-14] vs 8 [IQR, 6-10], P<0.001).""}",supported,All reported fields have lexical support in the source anchor.,"What predictors, biomarkers, severity scores, statistical methods, effect sizes, and model performance metrics are reported for mortality estimation in sepsis?",34.25
Cilloniz_2019,Patients with sepsis,640,Chronic renal disease,30-day mortality,Not reported,Weighted logistic regression,2.57 (95% CI 1.35 to 4.89),Not reported,Independent risk factor for increased mortality,Cilloniz_2019.pdf,8,c1,file:///Users/mikitabianko/dev/sandbox/SepsisAtlasHackathon/articles/Cilloniz_2019.pdf#page=8,Chronic renal disease 2.60 1.40 to 4.83 0.003 2.57 1.35 to 4.89 0.004,"{""population"": ""However, in-hospital mortality and one-year mortality were signiﬁcantly higher in the sepsis group who more frequently needed ICU admission, mechanical ventilation, and longer length of hospital stays. 3.5. Factors Associated with 30-Day Mortality in Patients with Sepsis For analysis of factors associated with 30-day mortality, we excluded the 61 patients with septic shock as previous studies have shown that septic shock was the main risk factor for mortality in patients with severe CAP [33,34]."", ""sample_size"": ""Med. 2019, 8, 961 8 of 12 Table 4. Signiﬁcant risk factors for 30-day mortality in patients with sepsis in weighted logistic regression analyses (n = 640)."", ""predictor"": ""Factors Associated with 30-Day Mortality in Patients with Sepsis For analysis of factors associated with 30-day mortality, we excluded the 61 patients with septic shock as previous studies have shown that septic shock was the main risk factor for mortality in patients with severe CAP [33,34]. We also excluded 207 patients from the sepsis group who had DNR orders and 68 with missing data regarding a DNR order (Table 4). In the propensity-adjusted multivariable analysis, chronic renal disease and neurologic disease were independently associated with increased 30-day mortality, while diabetes mellitus was independently associated with decreased 30-day mortality."", ""outcome"": ""Table 3. Clinical outcomes according to sepsis. Sepsis Variable No (N = 358) Yes (N = 880) P-Value Length of hospital stay, median (IQR), days 7 (6; 11) 8 (6; 13) 0.005 In-hospital mortality, n (%) 32 (9) 129 (15) 0.006 30-day mortality, n (%) 40 (11) 134 (15) 0.062 One-year mortality, n (%) 56 (16) 190 (22) 0.013 ICU admission, n (%) 17 (5) 119 (14) <0.001 ICU mortality, n (%) a 1 (6) 20 (17) 0.47 Mechanical ventilation, n (%) b <0.001 Not ventilated 237 (99) 582 (89) <0.001 Non-invasive 1 (0.4) 38 (6) <0.001 Invasive 2 (1) 34 (5) 0.003 a Calculated only for patients admitted to the ICU (17 patients in the no sepsis group and 119 patients in the sepsis group were used to calculate the perce"", ""method"": ""Med. 2019, 8, 961 8 of 12 Table 4. Signiﬁcant risk factors for 30-day mortality in patients with sepsis in weighted logistic regression analyses (n = 640)."", ""effect_size"": ""2019, 8, 961 8 of 12 Table 4. Signiﬁcant risk factors for 30-day mortality in patients with sepsis in weighted logistic regression analyses (n = 640). Univariate a Multivariable b Variable OR 95% CI P-Value OR 95% CI P-Value Chronic renal disease 2.60 1.40 to 4.83 0.003 2.57 1.35 to 4.89 0.004 Diabetes mellitus 0.49 0.22 to 0.88 0.021 0.44 0.21 to 0.89 0.023 Neurologic chronic disease 2.68 1.60 to 4.50 <0.001 2.80 1.62 to 4.85 <0.001 Nursing home 2.19 1.21 to 3.94 <0.001 PSI risk class IV–V 4.09 0.98 to 17.0 0.054 Data are shown as estimated ORs (95% CIs) of the explanatory variables in the 30-day mortality group.""}",supported,All reported fields have lexical support in the source anchor.,"What predictors, biomarkers, severity scores, statistical methods, effect sizes, and model performance metrics are reported for mortality estimation in sepsis?",26.5
Cilloniz_2019,Patients with sepsis,640,Diabetes mellitus,30-day mortality,Not reported,Weighted logistic regression,0.44 (95% CI 0.21 to 0.89),Not reported,Independent risk factor for decreased mortality,Cilloniz_2019.pdf,8,c1,file:///Users/mikitabianko/dev/sandbox/SepsisAtlasHackathon/articles/Cilloniz_2019.pdf#page=8,Diabetes mellitus 0.49 0.22 to 0.88 0.021 0.44 0.21 to 0.89 0.023,"{""population"": ""However, in-hospital mortality and one-year mortality were signiﬁcantly higher in the sepsis group who more frequently needed ICU admission, mechanical ventilation, and longer length of hospital stays. 3.5. Factors Associated with 30-Day Mortality in Patients with Sepsis For analysis of factors associated with 30-day mortality, we excluded the 61 patients with septic shock as previous studies have shown that septic shock was the main risk factor for mortality in patients with severe CAP [33,34]."", ""sample_size"": ""Med. 2019, 8, 961 8 of 12 Table 4. Signiﬁcant risk factors for 30-day mortality in patients with sepsis in weighted logistic regression analyses (n = 640)."", ""predictor"": ""Factors Associated with 30-Day Mortality in Patients with Sepsis For analysis of factors associated with 30-day mortality, we excluded the 61 patients with septic shock as previous studies have shown that septic shock was the main risk factor for mortality in patients with severe CAP [33,34]. We also excluded 207 patients from the sepsis group who had DNR orders and 68 with missing data regarding a DNR order (Table 4). In the propensity-adjusted multivariable analysis, chronic renal disease and neurologic disease were independently associated with increased 30-day mortality, while diabetes mellitus was independently associated with decreased 30-day mortality."", ""outcome"": ""Table 3. Clinical outcomes according to sepsis. Sepsis Variable No (N = 358) Yes (N = 880) P-Value Length of hospital stay, median (IQR), days 7 (6; 11) 8 (6; 13) 0.005 In-hospital mortality, n (%) 32 (9) 129 (15) 0.006 30-day mortality, n (%) 40 (11) 134 (15) 0.062 One-year mortality, n (%) 56 (16) 190 (22) 0.013 ICU admission, n (%) 17 (5) 119 (14) <0.001 ICU mortality, n (%) a 1 (6) 20 (17) 0.47 Mechanical ventilation, n (%) b <0.001 Not ventilated 237 (99) 582 (89) <0.001 Non-invasive 1 (0.4) 38 (6) <0.001 Invasive 2 (1) 34 (5) 0.003 a Calculated only for patients admitted to the ICU (17 patients in the no sepsis group and 119 patients in the sepsis group were used to calculate the perce"", ""method"": ""Med. 2019, 8, 961 8 of 12 Table 4. Signiﬁcant risk factors for 30-day mortality in patients with sepsis in weighted logistic regression analyses (n = 640)."", ""effect_size"": ""2019, 8, 961 8 of 12 Table 4. Signiﬁcant risk factors for 30-day mortality in patients with sepsis in weighted logistic regression analyses (n = 640). Univariate a Multivariable b Variable OR 95% CI P-Value OR 95% CI P-Value Chronic renal disease 2.60 1.40 to 4.83 0.003 2.57 1.35 to 4.89 0.004 Diabetes mellitus 0.49 0.22 to 0.88 0.021 0.44 0.21 to 0.89 0.023 Neurologic chronic disease 2.68 1.60 to 4.50 <0.001 2.80 1.62 to 4.85 <0.001 Nursing home 2.19 1.21 to 3.94 <0.001 PSI risk class IV–V 4.09 0.98 to 17.0 0.054 Data are shown as estimated ORs (95% CIs) of the explanatory variables in the 30-day mortality group.""}",supported,All reported fields have lexical support in the source anchor.,"What predictors, biomarkers, severity scores, statistical methods, effect sizes, and model performance metrics are reported for mortality estimation in sepsis?",26.5
Cilloniz_2019,Patients with sepsis,640,Neurologic chronic disease,30-day mortality,Not reported,Weighted logistic regression,2.80 (95% CI 1.62 to 4.85),Not reported,Independent risk factor for increased mortality,Cilloniz_2019.pdf,8,c1,file:///Users/mikitabianko/dev/sandbox/SepsisAtlasHackathon/articles/Cilloniz_2019.pdf#page=8,Neurologic chronic disease 2.68 1.60 to 4.50 <0.001 2.80 1.62 to 4.85 <0.001,"{""population"": ""However, in-hospital mortality and one-year mortality were signiﬁcantly higher in the sepsis group who more frequently needed ICU admission, mechanical ventilation, and longer length of hospital stays. 3.5. Factors Associated with 30-Day Mortality in Patients with Sepsis For analysis of factors associated with 30-day mortality, we excluded the 61 patients with septic shock as previous studies have shown that septic shock was the main risk factor for mortality in patients with severe CAP [33,34]."", ""sample_size"": ""Med. 2019, 8, 961 8 of 12 Table 4. Signiﬁcant risk factors for 30-day mortality in patients with sepsis in weighted logistic regression analyses (n = 640)."", ""predictor"": ""2019, 8, 961 8 of 12 Table 4. Signiﬁcant risk factors for 30-day mortality in patients with sepsis in weighted logistic regression analyses (n = 640). Univariate a Multivariable b Variable OR 95% CI P-Value OR 95% CI P-Value Chronic renal disease 2.60 1.40 to 4.83 0.003 2.57 1.35 to 4.89 0.004 Diabetes mellitus 0.49 0.22 to 0.88 0.021 0.44 0.21 to 0.89 0.023 Neurologic chronic disease 2.68 1.60 to 4.50 <0.001 2.80 1.62 to 4.85 <0.001 Nursing home 2.19 1.21 to 3.94 <0.001 PSI risk class IV–V 4.09 0.98 to 17.0 0.054 Data are shown as estimated ORs (95% CIs) of the explanatory variables in the 30-day mortality group."", ""outcome"": ""Table 3. Clinical outcomes according to sepsis. Sepsis Variable No (N = 358) Yes (N = 880) P-Value Length of hospital stay, median (IQR), days 7 (6; 11) 8 (6; 13) 0.005 In-hospital mortality, n (%) 32 (9) 129 (15) 0.006 30-day mortality, n (%) 40 (11) 134 (15) 0.062 One-year mortality, n (%) 56 (16) 190 (22) 0.013 ICU admission, n (%) 17 (5) 119 (14) <0.001 ICU mortality, n (%) a 1 (6) 20 (17) 0.47 Mechanical ventilation, n (%) b <0.001 Not ventilated 237 (99) 582 (89) <0.001 Non-invasive 1 (0.4) 38 (6) <0.001 Invasive 2 (1) 34 (5) 0.003 a Calculated only for patients admitted to the ICU (17 patients in the no sepsis group and 119 patients in the sepsis group were used to calculate the perce"", ""method"": ""Med. 2019, 8, 961 8 of 12 Table 4. Signiﬁcant risk factors for 30-day mortality in patients with sepsis in weighted logistic regression analyses (n = 640)."", ""effect_size"": ""2019, 8, 961 8 of 12 Table 4. Signiﬁcant risk factors for 30-day mortality in patients with sepsis in weighted logistic regression analyses (n = 640). Univariate a Multivariable b Variable OR 95% CI P-Value OR 95% CI P-Value Chronic renal disease 2.60 1.40 to 4.83 0.003 2.57 1.35 to 4.89 0.004 Diabetes mellitus 0.49 0.22 to 0.88 0.021 0.44 0.21 to 0.89 0.023 Neurologic chronic disease 2.68 1.60 to 4.50 <0.001 2.80 1.62 to 4.85 <0.001 Nursing home 2.19 1.21 to 3.94 <0.001 PSI risk class IV–V 4.09 0.98 to 17.0 0.054 Data are shown as estimated ORs (95% CIs) of the explanatory variables in the 30-day mortality group.""}",supported,All reported fields have lexical support in the source anchor.,"What predictors, biomarkers, severity scores, statistical methods, effect sizes, and model performance metrics are reported for mortality estimation in sepsis?",26.5
Cilloniz_2019,Patients with sepsis,Not reported,Not reported,30-day mortality,Not reported,ROC curve analysis,0.71 (95% CI 0.65–0.78),Not reported,Area under the ROC curve for the multivariable model of 30-day mortality,Cilloniz_2019.pdf,7,c1,file:///Users/mikitabianko/dev/sandbox/SepsisAtlasHackathon/articles/Cilloniz_2019.pdf#page=7,The area under the ROC curve was 0.71 (95% CI 0.65–0.78) for the multivariable model of 30-day mortality.,"{""population"": ""However, in-hospital mortality and one-year mortality were signiﬁcantly higher in the sepsis group who more frequently needed ICU admission, mechanical ventilation, and longer length of hospital stays. 3.5. Factors Associated with 30-Day Mortality in Patients with Sepsis For analysis of factors associated with 30-day mortality, we excluded the 61 patients with septic shock as previous studies have shown that septic shock was the main risk factor for mortality in patients with severe CAP [33,34]."", ""outcome"": ""Table 3. Clinical outcomes according to sepsis. Sepsis Variable No (N = 358) Yes (N = 880) P-Value Length of hospital stay, median (IQR), days 7 (6; 11) 8 (6; 13) 0.005 In-hospital mortality, n (%) 32 (9) 129 (15) 0.006 30-day mortality, n (%) 40 (11) 134 (15) 0.062 One-year mortality, n (%) 56 (16) 190 (22) 0.013 ICU admission, n (%) 17 (5) 119 (14) <0.001 ICU mortality, n (%) a 1 (6) 20 (17) 0.47 Mechanical ventilation, n (%) b <0.001 Not ventilated 237 (99) 582 (89) <0.001 Non-invasive 1 (0.4) 38 (6) <0.001 Invasive 2 (1) 34 (5) 0.003 a Calculated only for patients admitted to the ICU (17 patients in the no sepsis group and 119 patients in the sepsis group were used to calculate the perce"", ""method"": ""We also excluded 207 patients from the sepsis group who had DNR orders and 68 with missing data regarding a DNR order (Table 4). In the propensity-adjusted multivariable analysis, chronic renal disease and neurologic disease were independently associated with increased 30-day mortality, while diabetes mellitus was independently associated with decreased 30-day mortality. The area under the ROC curve was 0.71 (95% CI 0.65–0.78) for the multivariable model of 30-day mortality."", ""effect_size"": ""We also excluded 207 patients from the sepsis group who had DNR orders and 68 with missing data regarding a DNR order (Table 4). In the propensity-adjusted multivariable analysis, chronic renal disease and neurologic disease were independently associated with increased 30-day mortality, while diabetes mellitus was independently associated with decreased 30-day mortality. The area under the ROC curve was 0.71 (95% CI 0.65–0.78) for the multivariable model of 30-day mortality.""}",supported,All reported fields have lexical support in the source anchor.,"What predictors, biomarkers, severity scores, statistical methods, effect sizes, and model performance metrics are reported for mortality estimation in sepsis?",26.5
Cilloniz_2019,Patients with sepsis,640,PSI risk class IV–V,30-day mortality,Not reported,Weighted logistic regression,4.09 (95% CI 0.98 to 17.0),Not reported,Risk factor for increased mortality,Cilloniz_2019.pdf,8,c1,file:///Users/mikitabianko/dev/sandbox/SepsisAtlasHackathon/articles/Cilloniz_2019.pdf#page=8,PSI risk class IV–V 4.09 0.98 to 17.0 0.054,"{""population"": ""However, in-hospital mortality and one-year mortality were signiﬁcantly higher in the sepsis group who more frequently needed ICU admission, mechanical ventilation, and longer length of hospital stays. 3.5. Factors Associated with 30-Day Mortality in Patients with Sepsis For analysis of factors associated with 30-day mortality, we excluded the 61 patients with septic shock as previous studies have shown that septic shock was the main risk factor for mortality in patients with severe CAP [33,34]."", ""sample_size"": ""Med. 2019, 8, 961 8 of 12 Table 4. Signiﬁcant risk factors for 30-day mortality in patients with sepsis in weighted logistic regression analyses (n = 640)."", ""predictor"": ""2019, 8, 961 8 of 12 Table 4. Signiﬁcant risk factors for 30-day mortality in patients with sepsis in weighted logistic regression analyses (n = 640). Univariate a Multivariable b Variable OR 95% CI P-Value OR 95% CI P-Value Chronic renal disease 2.60 1.40 to 4.83 0.003 2.57 1.35 to 4.89 0.004 Diabetes mellitus 0.49 0.22 to 0.88 0.021 0.44 0.21 to 0.89 0.023 Neurologic chronic disease 2.68 1.60 to 4.50 <0.001 2.80 1.62 to 4.85 <0.001 Nursing home 2.19 1.21 to 3.94 <0.001 PSI risk class IV–V 4.09 0.98 to 17.0 0.054 Data are shown as estimated ORs (95% CIs) of the explanatory variables in the 30-day mortality group."", ""outcome"": ""Table 3. Clinical outcomes according to sepsis. Sepsis Variable No (N = 358) Yes (N = 880) P-Value Length of hospital stay, median (IQR), days 7 (6; 11) 8 (6; 13) 0.005 In-hospital mortality, n (%) 32 (9) 129 (15) 0.006 30-day mortality, n (%) 40 (11) 134 (15) 0.062 One-year mortality, n (%) 56 (16) 190 (22) 0.013 ICU admission, n (%) 17 (5) 119 (14) <0.001 ICU mortality, n (%) a 1 (6) 20 (17) 0.47 Mechanical ventilation, n (%) b <0.001 Not ventilated 237 (99) 582 (89) <0.001 Non-invasive 1 (0.4) 38 (6) <0.001 Invasive 2 (1) 34 (5) 0.003 a Calculated only for patients admitted to the ICU (17 patients in the no sepsis group and 119 patients in the sepsis group were used to calculate the perce"", ""method"": ""Med. 2019, 8, 961 8 of 12 Table 4. Signiﬁcant risk factors for 30-day mortality in patients with sepsis in weighted logistic regression analyses (n = 640)."", ""effect_size"": ""2019, 8, 961 8 of 12 Table 4. Signiﬁcant risk factors for 30-day mortality in patients with sepsis in weighted logistic regression analyses (n = 640). Univariate a Multivariable b Variable OR 95% CI P-Value OR 95% CI P-Value Chronic renal disease 2.60 1.40 to 4.83 0.003 2.57 1.35 to 4.89 0.004 Diabetes mellitus 0.49 0.22 to 0.88 0.021 0.44 0.21 to 0.89 0.023 Neurologic chronic disease 2.68 1.60 to 4.50 <0.001 2.80 1.62 to 4.85 <0.001 Nursing home 2.19 1.21 to 3.94 <0.001 PSI risk class IV–V 4.09 0.98 to 17.0 0.054 Data are shown as estimated ORs (95% CIs) of the explanatory variables in the 30-day mortality group.""}",supported,All reported fields have lexical support in the source anchor.,"What predictors, biomarkers, severity scores, statistical methods, effect sizes, and model performance metrics are reported for mortality estimation in sepsis?",26.5
Gai_2022,Patients with sepsis admitted to the ICU,72,End-Diastolic Velocity (EDV),Mortality,Within the first 24 hours of ICU admission,SMA ultrasound,Not reported,AUC = 0.95,EDV showed high sensitivity and specificity in predicting the risk of mortality.,Gai_2022.pdf,5,Gai_2022:p5:c1,file:///Users/mikitabianko/dev/sandbox/SepsisAtlasHackathon/articles/Gai_2022.pdf#page=5,EDV (End-diastolic velocity): AUC = 0.95,"{""population"": ""Although effective therapy is still lacking, the therapeutic approach that is selected considerably influences mortality risk. Therefore, in the present study we hypothesized that SMA ultrasound is an effective technique to predict mortality in patients with sepsis. Methods Study design and patients This case-control study involved patients with sepsis admitted to the ICU of Qinhuangdao Jungong Hospital from January 2020 to November 2020."", ""sample_size"": ""Ultrasound and clinical data were analyzed and compared between non-survivors and survivors. The ROC curve analysis was also performed to determine the best indicator for predicting mortality. Results A total of 72 patients with sepsis in ICU were included for analysis."", ""predictor"": ""The ROC curve analysis was also performed to determine the best indicator for predicting mortality. Results A total of 72 patients with sepsis in ICU were included for analysis. The basic characteristics between the survivals and non-survivals were similar, except for acute physiology and chronic health evaluation (APACHE) II score, sepsis-related organ failure assessment (SOFA) score, lactate level, ultrasound parameters from superior mesenteric artery (SMA) such as peak systolic velocity (PSV), end-diastolic velocity (EDV) and resistive index (RI)."", ""outcome"": ""In the fasting state, approximately 25% of the cardiac output depends on the splanchnic vascular area. Postprandially, blood flow into SMA is doubled or even tripled [20]. Although effective therapy is still lacking, the therapeutic approach that is selected considerably influences mortality risk."", ""timing"": ""Therefore, in the present study we hypothesized that SMA ultrasound is an effective technique to predict mortality in patients with sepsis. Methods Study design and patients This case-control study involved patients with sepsis admitted to the ICU of Qinhuangdao Jungong Hospital from January 2020 to November 2020. The inclusion criteria were as follows: 1) patients meeting the diagnostic Sepsis 3.0 Criteria, with or without the presence of septic shock (within 1 hour of ICU admission); and 2) available SMA ultrasound within the first 24 hours of ICU admission."", ""method"": ""Postprandially, blood flow into SMA is doubled or even tripled [20]. Although effective therapy is still lacking, the therapeutic approach that is selected considerably influences mortality risk. Therefore, in the present study we hypothesized that SMA ultrasound is an effective technique to predict mortality in patients with sepsis."", ""performance"": ""Although our finding can bridge the knowledge gap, it must be emphasized that our study aimed to conduct a qualitative assessment of the SMA flow, rather than an absolute quantitative comparison between the groups. Fig 1. The area under the receiver operating characteristic (ROC) curve (AUC). (APACHE II: Acute Physiology and Chronic Health Evaluation II; SOFA: Sepsis-related Organ Failure Assessment; Lac: Lactate; PSV: Peak systolic velocity; EDV: End-diastolic velocity; RI: Resistive index). https://doi.org/10.1371/journal.pone.0273377.g001 PLOS ONE Risk factors for septic patients PLOS ONE | https://doi.org/10.1371/journal.pone.0273377 September 6, 2022 5 / 8 [OpenRouter vision/OCR extract""}",supported,All reported fields have lexical support in the source anchor.,"What predictors, biomarkers, severity scores, statistical methods, effect sizes, and model performance metrics are reported for mortality estimation in sepsis?",25.25
Gai_2022,Patients with sepsis admitted to the ICU,72,Lactate,Mortality,Not reported,Not reported,Not reported,AUC = 0.78,Lactate is a reliable prognostic biomarker for poor prognosis in patients with sepsis.,Gai_2022.pdf,5,Gai_2022:p5:c1,file:///Users/mikitabianko/dev/sandbox/SepsisAtlasHackathon/articles/Gai_2022.pdf#page=5,Lac (Lactate): AUC = 0.78,"{""population"": ""Although effective therapy is still lacking, the therapeutic approach that is selected considerably influences mortality risk. Therefore, in the present study we hypothesized that SMA ultrasound is an effective technique to predict mortality in patients with sepsis. Methods Study design and patients This case-control study involved patients with sepsis admitted to the ICU of Qinhuangdao Jungong Hospital from January 2020 to November 2020."", ""sample_size"": ""Ultrasound and clinical data were analyzed and compared between non-survivors and survivors. The ROC curve analysis was also performed to determine the best indicator for predicting mortality. Results A total of 72 patients with sepsis in ICU were included for analysis."", ""predictor"": ""The inclusion criteria were as follows: 1) patients meeting the diagnostic Sepsis 3.0 Criteria, with or without the presence of septic shock (within 1 hour of ICU admission); and 2) available SMA ultrasound within the first 24 hours of ICU admission. Sepsis was identified by at least a 2 point increase in the Sepsis-related Organ Failure Assessment (SOFA) score in response to an infection. Septic shock was identified as the need to administer vasopressors for maintaining the average arterial pressure more than or equal to 65 mmHg and the serum lactate concentration more than 2 mmol/L, in spite of sufficient volume resuscitation."", ""outcome"": ""In the fasting state, approximately 25% of the cardiac output depends on the splanchnic vascular area. Postprandially, blood flow into SMA is doubled or even tripled [20]. Although effective therapy is still lacking, the therapeutic approach that is selected considerably influences mortality risk."", ""performance"": ""Although our finding can bridge the knowledge gap, it must be emphasized that our study aimed to conduct a qualitative assessment of the SMA flow, rather than an absolute quantitative comparison between the groups. Fig 1. The area under the receiver operating characteristic (ROC) curve (AUC). (APACHE II: Acute Physiology and Chronic Health Evaluation II; SOFA: Sepsis-related Organ Failure Assessment; Lac: Lactate; PSV: Peak systolic velocity; EDV: End-diastolic velocity; RI: Resistive index). https://doi.org/10.1371/journal.pone.0273377.g001 PLOS ONE Risk factors for septic patients PLOS ONE | https://doi.org/10.1371/journal.pone.0273377 September 6, 2022 5 / 8 [OpenRouter vision/OCR extract""}",supported,All reported fields have lexical support in the source anchor.,"What predictors, biomarkers, severity scores, statistical methods, effect sizes, and model performance metrics are reported for mortality estimation in sepsis?",25.25
Gai_2022,Patients with sepsis admitted to the ICU,72,Resistive Index (RI),Mortality,Not reported,Not reported,Not reported,AUC = 0.85,RI showed high sensitivity and specificity in predicting the risk of mortality.,Gai_2022.pdf,5,Gai_2022:p5:c1,file:///Users/mikitabianko/dev/sandbox/SepsisAtlasHackathon/articles/Gai_2022.pdf#page=5,RI (Resistive index): AUC = 0.85,"{""population"": ""Although effective therapy is still lacking, the therapeutic approach that is selected considerably influences mortality risk. Therefore, in the present study we hypothesized that SMA ultrasound is an effective technique to predict mortality in patients with sepsis. Methods Study design and patients This case-control study involved patients with sepsis admitted to the ICU of Qinhuangdao Jungong Hospital from January 2020 to November 2020."", ""sample_size"": ""Ultrasound and clinical data were analyzed and compared between non-survivors and survivors. The ROC curve analysis was also performed to determine the best indicator for predicting mortality. Results A total of 72 patients with sepsis in ICU were included for analysis."", ""predictor"": ""The ROC curve analysis was also performed to determine the best indicator for predicting mortality. Results A total of 72 patients with sepsis in ICU were included for analysis. The basic characteristics between the survivals and non-survivals were similar, except for acute physiology and chronic health evaluation (APACHE) II score, sepsis-related organ failure assessment (SOFA) score, lactate level, ultrasound parameters from superior mesenteric artery (SMA) such as peak systolic velocity (PSV), end-diastolic velocity (EDV) and resistive index (RI)."", ""outcome"": ""In the fasting state, approximately 25% of the cardiac output depends on the splanchnic vascular area. Postprandially, blood flow into SMA is doubled or even tripled [20]. Although effective therapy is still lacking, the therapeutic approach that is selected considerably influences mortality risk."", ""performance"": ""Although our finding can bridge the knowledge gap, it must be emphasized that our study aimed to conduct a qualitative assessment of the SMA flow, rather than an absolute quantitative comparison between the groups. Fig 1. The area under the receiver operating characteristic (ROC) curve (AUC). (APACHE II: Acute Physiology and Chronic Health Evaluation II; SOFA: Sepsis-related Organ Failure Assessment; Lac: Lactate; PSV: Peak systolic velocity; EDV: End-diastolic velocity; RI: Resistive index). https://doi.org/10.1371/journal.pone.0273377.g001 PLOS ONE Risk factors for septic patients PLOS ONE | https://doi.org/10.1371/journal.pone.0273377 September 6, 2022 5 / 8 [OpenRouter vision/OCR extract""}",supported,All reported fields have lexical support in the source anchor.,"What predictors, biomarkers, severity scores, statistical methods, effect sizes, and model performance metrics are reported for mortality estimation in sepsis?",25.25
Gai_2022,Patients with sepsis admitted to the ICU,72,SOFA score,Mortality,Not reported,Not reported,Not reported,AUC = 0.83,SOFA scores are frequently used to assess organ dysfunction and are closely related to the risk of mortality.,Gai_2022.pdf,5,Gai_2022:p5:c1,file:///Users/mikitabianko/dev/sandbox/SepsisAtlasHackathon/articles/Gai_2022.pdf#page=5,SOFA score: AUC = 0.83,"{""population"": ""Although effective therapy is still lacking, the therapeutic approach that is selected considerably influences mortality risk. Therefore, in the present study we hypothesized that SMA ultrasound is an effective technique to predict mortality in patients with sepsis. Methods Study design and patients This case-control study involved patients with sepsis admitted to the ICU of Qinhuangdao Jungong Hospital from January 2020 to November 2020."", ""sample_size"": ""Ultrasound and clinical data were analyzed and compared between non-survivors and survivors. The ROC curve analysis was also performed to determine the best indicator for predicting mortality. Results A total of 72 patients with sepsis in ICU were included for analysis."", ""predictor"": ""Although our finding can bridge the knowledge gap, it must be emphasized that our study aimed to conduct a qualitative assessment of the SMA flow, rather than an absolute quantitative comparison between the groups. Fig 1. The area under the receiver operating characteristic (ROC) curve (AUC). (APACHE II: Acute Physiology and Chronic Health Evaluation II; SOFA: Sepsis-related Organ Failure Assessment; Lac: Lactate; PSV: Peak systolic velocity; EDV: End-diastolic velocity; RI: Resistive index). https://doi.org/10.1371/journal.pone.0273377.g001 PLOS ONE Risk factors for septic patients PLOS ONE | https://doi.org/10.1371/journal.pone.0273377 September 6, 2022 5 / 8 [OpenRouter vision/OCR extract"", ""outcome"": ""In the fasting state, approximately 25% of the cardiac output depends on the splanchnic vascular area. Postprandially, blood flow into SMA is doubled or even tripled [20]. Although effective therapy is still lacking, the therapeutic approach that is selected considerably influences mortality risk."", ""performance"": ""Although our finding can bridge the knowledge gap, it must be emphasized that our study aimed to conduct a qualitative assessment of the SMA flow, rather than an absolute quantitative comparison between the groups. Fig 1. The area under the receiver operating characteristic (ROC) curve (AUC). (APACHE II: Acute Physiology and Chronic Health Evaluation II; SOFA: Sepsis-related Organ Failure Assessment; Lac: Lactate; PSV: Peak systolic velocity; EDV: End-diastolic velocity; RI: Resistive index). https://doi.org/10.1371/journal.pone.0273377.g001 PLOS ONE Risk factors for septic patients PLOS ONE | https://doi.org/10.1371/journal.pone.0273377 September 6, 2022 5 / 8 [OpenRouter vision/OCR extract""}",supported,All reported fields have lexical support in the source anchor.,"What predictors, biomarkers, severity scores, statistical methods, effect sizes, and model performance metrics are reported for mortality estimation in sepsis?",25.25
Li_2020,Children with Klebsiella pneumoniae bloodstream infection,146,C-reactive protein and albumin levels,90-day mortality,At onset of Kp-BSI,Cox proportional hazards model,Not reported,Not reported,Combined with SOFA for improved prediction.,Li_2020.pdf,9,Li_2020:p9:c1,file:///Users/mikitabianko/dev/sandbox/SepsisAtlasHackathon/articles/Li_2020.pdf#page=9,The combination of serum albumin and C-reactive protein levels with SOFA also improved risk prediction of mortality.,"{""population"": ""81874265), Shanghai Municipal Health Commission (No. 2017YQ033), Shanghai Municipal Human Resources and Social Security Li et al. BMC Infectious Diseases (2020) 20:916 Page 10 of 12 RESEARCH ARTICLE Open Access A risk score based on pediatric sequential organ failure assessment predicts 90-day mortality in children with Klebsiella pneumoniae bloodstream infection Shuang Li1†, Jingxian Liu2†, Feng Chen2, Kang Cai1, Jintong Tan3, Wei Xie4, Rong Qian5, Xiaoqin Liu6, Wenhong Zhang7, Huimin Du1*, Ying Liu2* and Lisu Huang1* Abstract Background: Klebsiella pneumoniae bloodstream infection (Kp-BSI) is a serious threat to pediatric patients."", ""sample_size"": ""DeLong’s test of receiver operating characteristic curves and integrated discrimination improvement index were used to determine the improvement in predictive capacity of the modified SOFA models. A predictive score was developed using multivariate logistic regression. Results: Of the 146 children enrolled, 33 (22.6%) patients died within 90 days."", ""predictor"": ""Predictive performance of the single predictors and the combined models for predicting 90-day mortality. The SOFA score achieved the best predictive performance among single predictors. Any combination of SOFA with risk factors (prior hospitalization, intraabdominal source of infection, levels C-reactive protein, and albumin) improved the predictive performance."", ""outcome"": ""mortality according to Cox proportional hazards model. Table S2. Predictive performance of the single predictors and the combined models for predicting 90-day mortality."", ""timing"": ""Receiver operating characteristic curves of the original SOFA score and the Kpspecific SOFA score for predicting 30-day mortality. Figure S2. Thirty-day survival probabilities at three risk categories (score ≤8, 9–11 and ≥12) after the onset of Klebsiella pneumoniae bloodstream infection in children estimated by the Kaplan-Meier analysis (log-rank test, P < 0.01) Abbreviations AUC: Area under the curve; CI: Confidence interval; CR-Kp: Carbapenemresistant Klebsiella pneumoniae; HR: Hazard ratio; Kp-BSI: Klebsiella pneumoniae bloodstream infection; SOFA: Sequential Organ Failure Assessment Acknowledgements We thank all participants and staffs of this study and the physicians at Xinhua Hospital"", ""method"": ""mortality according to Cox proportional hazards model. Table S2.""}",supported,All reported fields have lexical support in the source anchor.,"What predictors, biomarkers, severity scores, statistical methods, effect sizes, and model performance metrics are reported for mortality estimation in sepsis?",28.0
Li_2020,Children with Klebsiella pneumoniae bloodstream infection,146,Intra-abdominal source of infection,90-day mortality,At onset of Kp-BSI,Cox proportional hazards model,HR = 6.8,Not reported,Combined with SOFA and prior hospitalization for improved prediction.,Li_2020.pdf,6,Li_2020:p6:c1,file:///Users/mikitabianko/dev/sandbox/SepsisAtlasHackathon/articles/Li_2020.pdf#page=6,"For patients infected with K. pneumoniae from intra-abdominal sources, the risk of death was 6.8-fold higher.","{""population"": ""81874265), Shanghai Municipal Health Commission (No. 2017YQ033), Shanghai Municipal Human Resources and Social Security Li et al. BMC Infectious Diseases (2020) 20:916 Page 10 of 12 RESEARCH ARTICLE Open Access A risk score based on pediatric sequential organ failure assessment predicts 90-day mortality in children with Klebsiella pneumoniae bloodstream infection Shuang Li1†, Jingxian Liu2†, Feng Chen2, Kang Cai1, Jintong Tan3, Wei Xie4, Rong Qian5, Xiaoqin Liu6, Wenhong Zhang7, Huimin Du1*, Ying Liu2* and Lisu Huang1* Abstract Background: Klebsiella pneumoniae bloodstream infection (Kp-BSI) is a serious threat to pediatric patients."", ""sample_size"": ""DeLong’s test of receiver operating characteristic curves and integrated discrimination improvement index were used to determine the improvement in predictive capacity of the modified SOFA models. A predictive score was developed using multivariate logistic regression. Results: Of the 146 children enrolled, 33 (22.6%) patients died within 90 days."", ""predictor"": ""Table S3. The added prognostic value of the predictive models as determined by the integrated discrimination improvement index. The combinations of other predictors had no additional prognostic value over the final model: SOFA + prior hospitalization + intra-abdominal source of infection."", ""outcome"": ""mortality according to Cox proportional hazards model. Table S2. Predictive performance of the single predictors and the combined models for predicting 90-day mortality."", ""timing"": ""Receiver operating characteristic curves of the original SOFA score and the Kpspecific SOFA score for predicting 30-day mortality. Figure S2. Thirty-day survival probabilities at three risk categories (score ≤8, 9–11 and ≥12) after the onset of Klebsiella pneumoniae bloodstream infection in children estimated by the Kaplan-Meier analysis (log-rank test, P < 0.01) Abbreviations AUC: Area under the curve; CI: Confidence interval; CR-Kp: Carbapenemresistant Klebsiella pneumoniae; HR: Hazard ratio; Kp-BSI: Klebsiella pneumoniae bloodstream infection; SOFA: Sequential Organ Failure Assessment Acknowledgements We thank all participants and staffs of this study and the physicians at Xinhua Hospital"", ""method"": ""mortality according to Cox proportional hazards model. Table S2."", ""effect_size"": ""The Kaplan-Meier curves and log-rank tests were used to compare survival between risk-stratified patients. A two-tailed P-value of less than 0.05 was considered statistically significant. the last 6 months was associated with a 2.4-fold increase in mortality (Table 3). For patients infected with K. pneumoniae from intra-abdominal sources, the risk of death was 6.8-fold higher compared to that of patients with primary bacteremia or catheter-related infections.""}",supported,All reported fields have lexical support in the source anchor.,"What predictors, biomarkers, severity scores, statistical methods, effect sizes, and model performance metrics are reported for mortality estimation in sepsis?",28.0
Li_2020,Children with Klebsiella pneumoniae bloodstream infection,146,Modified SOFA model,90-day mortality,At onset of Kp-BSI,Multivariate logistic regression,Not reported,AUC = 0.89 (95% CI 0.82–0.96; sensitivity = 0.86; specificity = 0.84),Outperformed the original SOFA score.,Li_2020.pdf,6,Li_2020:p6:c2,file:///Users/mikitabianko/dev/sandbox/SepsisAtlasHackathon/articles/Li_2020.pdf#page=6,A modified SOFA model combining SOFA plus prior hospitalization and intra-abdominal source of infection was selected as the optimal multivariate predictive model.,"{""population"": ""81874265), Shanghai Municipal Health Commission (No. 2017YQ033), Shanghai Municipal Human Resources and Social Security Li et al. BMC Infectious Diseases (2020) 20:916 Page 10 of 12 RESEARCH ARTICLE Open Access A risk score based on pediatric sequential organ failure assessment predicts 90-day mortality in children with Klebsiella pneumoniae bloodstream infection Shuang Li1†, Jingxian Liu2†, Feng Chen2, Kang Cai1, Jintong Tan3, Wei Xie4, Rong Qian5, Xiaoqin Liu6, Wenhong Zhang7, Huimin Du1*, Ying Liu2* and Lisu Huang1* Abstract Background: Klebsiella pneumoniae bloodstream infection (Kp-BSI) is a serious threat to pediatric patients."", ""sample_size"": ""DeLong’s test of receiver operating characteristic curves and integrated discrimination improvement index were used to determine the improvement in predictive capacity of the modified SOFA models. A predictive score was developed using multivariate logistic regression. Results: Of the 146 children enrolled, 33 (22.6%) patients died within 90 days."", ""predictor"": ""Basic characteristics, symptoms and physical examinations, treatments, laboratory statistics, and SOFA at the onset of Kp-BSI were recorded. The Cox proportional hazard model and receiver operating characteristic curves were used to assess the association between the variables and the 90-day mortality and their predictive value. DeLong’s test of receiver operating characteristic curves and integrated discrimination improvement index were used to determine the improvement in predictive capacity of the modified SOFA models."", ""outcome"": ""mortality according to Cox proportional hazards model. Table S2. Predictive performance of the single predictors and the combined models for predicting 90-day mortality."", ""timing"": ""Receiver operating characteristic curves of the original SOFA score and the Kpspecific SOFA score for predicting 30-day mortality. Figure S2. Thirty-day survival probabilities at three risk categories (score ≤8, 9–11 and ≥12) after the onset of Klebsiella pneumoniae bloodstream infection in children estimated by the Kaplan-Meier analysis (log-rank test, P < 0.01) Abbreviations AUC: Area under the curve; CI: Confidence interval; CR-Kp: Carbapenemresistant Klebsiella pneumoniae; HR: Hazard ratio; Kp-BSI: Klebsiella pneumoniae bloodstream infection; SOFA: Sequential Organ Failure Assessment Acknowledgements We thank all participants and staffs of this study and the physicians at Xinhua Hospital"", ""method"": ""The Cox proportional hazard model and receiver operating characteristic curves were used to assess the association between the variables and the 90-day mortality and their predictive value. DeLong’s test of receiver operating characteristic curves and integrated discrimination improvement index were used to determine the improvement in predictive capacity of the modified SOFA models. A predictive score was developed using multivariate logistic regression."", ""performance"": ""Hospitalization in the last 6 months, intra-abdominal source of infection, presence of organ failure, and altered levels of blood biomarkers, including Creactive protein, albumin, and lactate were significant risk factors for 90-day mortality. The area under the curve (AUC) of SOFA for predicting 90-day mortality was 0.80 (95% CI 0.71–0.89). Moreover, we found that a prediction model combining SOFA with two other parameters, namely hospitalization in the last 6 months and intraabdominal source of infection, was better at predicting mortality (AUC = 0.89, 95% CI 0.82–0.96; sensitivity = 0.86; specificity = 0.84).""}",supported,All reported fields have lexical support in the source anchor.,"What predictors, biomarkers, severity scores, statistical methods, effect sizes, and model performance metrics are reported for mortality estimation in sepsis?",28.0
Li_2020,Children with Klebsiella pneumoniae bloodstream infection,146,Prior hospitalization in the last 6 months,90-day mortality,At onset of Kp-BSI,Cox proportional hazards model,HR = 2.4,Not reported,Combined with SOFA and intra-abdominal source of infection for improved prediction.,Li_2020.pdf,6,Li_2020:p6:c1,file:///Users/mikitabianko/dev/sandbox/SepsisAtlasHackathon/articles/Li_2020.pdf#page=6,Hospitalization in the last 6 months was associated with a 2.4-fold increase in mortality.,"{""population"": ""81874265), Shanghai Municipal Health Commission (No. 2017YQ033), Shanghai Municipal Human Resources and Social Security Li et al. BMC Infectious Diseases (2020) 20:916 Page 10 of 12 RESEARCH ARTICLE Open Access A risk score based on pediatric sequential organ failure assessment predicts 90-day mortality in children with Klebsiella pneumoniae bloodstream infection Shuang Li1†, Jingxian Liu2†, Feng Chen2, Kang Cai1, Jintong Tan3, Wei Xie4, Rong Qian5, Xiaoqin Liu6, Wenhong Zhang7, Huimin Du1*, Ying Liu2* and Lisu Huang1* Abstract Background: Klebsiella pneumoniae bloodstream infection (Kp-BSI) is a serious threat to pediatric patients."", ""sample_size"": ""DeLong’s test of receiver operating characteristic curves and integrated discrimination improvement index were used to determine the improvement in predictive capacity of the modified SOFA models. A predictive score was developed using multivariate logistic regression. Results: Of the 146 children enrolled, 33 (22.6%) patients died within 90 days."", ""predictor"": ""A predictive score was developed using multivariate logistic regression. Results: Of the 146 children enrolled, 33 (22.6%) patients died within 90 days. Hospitalization in the last 6 months, intra-abdominal source of infection, presence of organ failure, and altered levels of blood biomarkers, including Creactive protein, albumin, and lactate were significant risk factors for 90-day mortality."", ""outcome"": ""mortality according to Cox proportional hazards model. Table S2. Predictive performance of the single predictors and the combined models for predicting 90-day mortality."", ""timing"": ""Receiver operating characteristic curves of the original SOFA score and the Kpspecific SOFA score for predicting 30-day mortality. Figure S2. Thirty-day survival probabilities at three risk categories (score ≤8, 9–11 and ≥12) after the onset of Klebsiella pneumoniae bloodstream infection in children estimated by the Kaplan-Meier analysis (log-rank test, P < 0.01) Abbreviations AUC: Area under the curve; CI: Confidence interval; CR-Kp: Carbapenemresistant Klebsiella pneumoniae; HR: Hazard ratio; Kp-BSI: Klebsiella pneumoniae bloodstream infection; SOFA: Sequential Organ Failure Assessment Acknowledgements We thank all participants and staffs of this study and the physicians at Xinhua Hospital"", ""method"": ""mortality according to Cox proportional hazards model. Table S2."", ""effect_size"": ""For patients infected with K. pneumoniae from intra-abdominal sources, the risk of death was 6.8-fold higher compared to that of patients with primary bacteremia or catheter-related infections. Malignancies, carbapenem-resistant isolates, and respiratory failure were not significantly associated with mortality. Among the various types of organ failure, altered mental status was associated with the worst outcome (HR = 5.19, 95% CI 2.50–10.77), followed by coagulation disorder (HR = 4.54, 95% CI 2.12–9.72), hepatic failure (HR = 2.90, 95% CI 1.33–6.35), shock/hypotension (HR = 2.41, 95% CI 1.21–4.82), and renal failure (HR = 2.20, 95% CI 1.02–4.73).""}",supported,All reported fields have lexical support in the source anchor.,"What predictors, biomarkers, severity scores, statistical methods, effect sizes, and model performance metrics are reported for mortality estimation in sepsis?",28.0
Li_2020,Children with Klebsiella pneumoniae bloodstream infection,146,SOFA score,90-day mortality,At onset of Kp-BSI,Cox proportional hazards model,"HR = 5.19 (altered mental status), HR = 4.54 (coagulation disorder), HR = 2.90 (hepatic failure), HR = 2.41 (shock/hypotension), HR = 2.20 (renal failure)",AUC = 0.80 (95% CI 0.71–0.89),SOFA score achieved the best predictive performance among single predictors.,Li_2020.pdf,10,Li_2020:p10:c3,file:///Users/mikitabianko/dev/sandbox/SepsisAtlasHackathon/articles/Li_2020.pdf#page=10,The SOFA score achieved the best predictive performance among single predictors.,"{""population"": ""81874265), Shanghai Municipal Health Commission (No. 2017YQ033), Shanghai Municipal Human Resources and Social Security Li et al. BMC Infectious Diseases (2020) 20:916 Page 10 of 12 RESEARCH ARTICLE Open Access A risk score based on pediatric sequential organ failure assessment predicts 90-day mortality in children with Klebsiella pneumoniae bloodstream infection Shuang Li1†, Jingxian Liu2†, Feng Chen2, Kang Cai1, Jintong Tan3, Wei Xie4, Rong Qian5, Xiaoqin Liu6, Wenhong Zhang7, Huimin Du1*, Ying Liu2* and Lisu Huang1* Abstract Background: Klebsiella pneumoniae bloodstream infection (Kp-BSI) is a serious threat to pediatric patients."", ""sample_size"": ""DeLong’s test of receiver operating characteristic curves and integrated discrimination improvement index were used to determine the improvement in predictive capacity of the modified SOFA models. A predictive score was developed using multivariate logistic regression. Results: Of the 146 children enrolled, 33 (22.6%) patients died within 90 days."", ""predictor"": ""Table S2. Predictive performance of the single predictors and the combined models for predicting 90-day mortality. The SOFA score achieved the best predictive performance among single predictors."", ""outcome"": ""mortality according to Cox proportional hazards model. Table S2. Predictive performance of the single predictors and the combined models for predicting 90-day mortality."", ""timing"": ""Receiver operating characteristic curves of the original SOFA score and the Kpspecific SOFA score for predicting 30-day mortality. Figure S2. Thirty-day survival probabilities at three risk categories (score ≤8, 9–11 and ≥12) after the onset of Klebsiella pneumoniae bloodstream infection in children estimated by the Kaplan-Meier analysis (log-rank test, P < 0.01) Abbreviations AUC: Area under the curve; CI: Confidence interval; CR-Kp: Carbapenemresistant Klebsiella pneumoniae; HR: Hazard ratio; Kp-BSI: Klebsiella pneumoniae bloodstream infection; SOFA: Sequential Organ Failure Assessment Acknowledgements We thank all participants and staffs of this study and the physicians at Xinhua Hospital"", ""method"": ""mortality according to Cox proportional hazards model. Table S2."", ""effect_size"": ""For patients infected with K. pneumoniae from intra-abdominal sources, the risk of death was 6.8-fold higher compared to that of patients with primary bacteremia or catheter-related infections. Malignancies, carbapenem-resistant isolates, and respiratory failure were not significantly associated with mortality. Among the various types of organ failure, altered mental status was associated with the worst outcome (HR = 5.19, 95% CI 2.50–10.77), followed by coagulation disorder (HR = 4.54, 95% CI 2.12–9.72), hepatic failure (HR = 2.90, 95% CI 1.33–6.35), shock/hypotension (HR = 2.41, 95% CI 1.21–4.82), and renal failure (HR = 2.20, 95% CI 1.02–4.73)."", ""performance"": ""Results: Of the 146 children enrolled, 33 (22.6%) patients died within 90 days. Hospitalization in the last 6 months, intra-abdominal source of infection, presence of organ failure, and altered levels of blood biomarkers, including Creactive protein, albumin, and lactate were significant risk factors for 90-day mortality. The area under the curve (AUC) of SOFA for predicting 90-day mortality was 0.80 (95% CI 0.71–0.89).""}",supported,All reported fields have lexical support in the source anchor.,"What predictors, biomarkers, severity scores, statistical methods, effect sizes, and model performance metrics are reported for mortality estimation in sepsis?",28.0
Liu_2019,Adults with sepsis,1865,SOFA score,Mortality,First 24 hours of ICU admission,Cox regression model analysis,"AUROC, 0.686 [95% CI, 0.661–0.710]",Similar to lactate,SOFA score is often used to evaluate organ dysfunction and is correlated with mortality.,Liu_2019.pdf,1,Liu_2019:p1:c1,file:///Users/mikitabianko/dev/sandbox/SepsisAtlasHackathon/articles/Liu_2019.pdf#page=1,"the AUROC of SOFA (AUROC, 0.686 [95% CI, 0. 661–0.710])","{""population"": ""ORIGINAL RESEARCH Open Access Prognostic accuracy of the serum lactate level, the SOFA score and the qSOFA score for mortality among adults with Sepsis Zhiqiang Liu1†, Zibo Meng1†, Yongfeng Li2, Jingyuan Zhao1, Shihong Wu1, Shanmiao Gou1* and Heshui Wu1* Abstract Background: Sepsis is a common critical condition caused by the body’s overwhelming response to certain infective agents. Many biomarkers, including the serum lactate level, have been used for sepsis diagnosis and guiding treatment."", ""sample_size"": ""Receiver operating characteristic curve (ROC) analysis was conducted to compare lactate with SOFA and qSOFA scores. Results: A total of 3713 cases were initially identified. The analysis cohort included 1865 patients."", ""predictor"": ""ORIGINAL RESEARCH Open Access Prognostic accuracy of the serum lactate level, the SOFA score and the qSOFA score for mortality among adults with Sepsis Zhiqiang Liu1†, Zibo Meng1†, Yongfeng Li2, Jingyuan Zhao1, Shihong Wu1, Shanmiao Gou1* and Heshui Wu1* Abstract Background: Sepsis is a common critical condition caused by the body’s overwhelming response to certain infective agents. Many biomarkers, including the serum lactate level, have been used for sepsis diagnosis and guiding treatment."", ""outcome"": ""ORIGINAL RESEARCH Open Access Prognostic accuracy of the serum lactate level, the SOFA score and the qSOFA score for mortality among adults with Sepsis Zhiqiang Liu1†, Zibo Meng1†, Yongfeng Li2, Jingyuan Zhao1, Shihong Wu1, Shanmiao Gou1* and Heshui Wu1* Abstract Background: Sepsis is a common critical condition caused by the body’s overwhelming response to certain infective agents. Many biomarkers, including the serum lactate level, have been used for sepsis diagnosis and guiding treatment."", ""timing"": ""Results: A total of 3713 cases were initially identified. The analysis cohort included 1865 patients. The 24-h average lactate levels and the worst scores during the first 24 h of ICU admission were collected."", ""method"": ""3) and prognosis (Fig. 2). Next, lactate was shown to be an independent prognostic predictor by Cox regression model analysis (Table 2)."", ""effect_size"": ""Lactate was an independent predictor of sepsis prognosis. The AUROC of lactate (AUROC, 0.664 [95% CI, 0.639–0.689]) was significantly higher than that of qSOFA (AUROC, 0.547 [95% CI, 0.521–0.574]), and it was similar to the AUROC of SOFA (AUROC, 0.686 [95% CI, 0. 661–0.710])."", ""performance"": ""Patients in the higher lactate group had higher mortality than those in the lower lactate group. Lactate was an independent predictor of sepsis prognosis. The AUROC of lactate (AUROC, 0.664 [95% CI, 0.639–0.689]) was significantly higher than that of qSOFA (AUROC, 0.547 [95% CI, 0.521–0.574]), and it was similar to the AUROC of SOFA (AUROC, 0.686 [95% CI, 0.""}",supported,All reported fields have lexical support in the source anchor.,"What predictors, biomarkers, severity scores, statistical methods, effect sizes, and model performance metrics are reported for mortality estimation in sepsis?",29.75
Liu_2019,Adults with sepsis,1865,Serum lactate level,Mortality,First 24 hours of ICU admission,Cox regression model analysis,"AUROC, 0.664 [95% CI, 0.639–0.689]","Superior to qSOFA (AUROC, 0.547) and similar to SOFA (AUROC, 0.686)",Lactate is an independent prognostic predictor of mortality for patients with sepsis.,Liu_2019.pdf,1,Liu_2019:p1:c1,file:///Users/mikitabianko/dev/sandbox/SepsisAtlasHackathon/articles/Liu_2019.pdf#page=1,Lactate is an independent prognostic predictor of mortality for patients with sepsis.,"{""population"": ""ORIGINAL RESEARCH Open Access Prognostic accuracy of the serum lactate level, the SOFA score and the qSOFA score for mortality among adults with Sepsis Zhiqiang Liu1†, Zibo Meng1†, Yongfeng Li2, Jingyuan Zhao1, Shihong Wu1, Shanmiao Gou1* and Heshui Wu1* Abstract Background: Sepsis is a common critical condition caused by the body’s overwhelming response to certain infective agents. Many biomarkers, including the serum lactate level, have been used for sepsis diagnosis and guiding treatment."", ""sample_size"": ""Receiver operating characteristic curve (ROC) analysis was conducted to compare lactate with SOFA and qSOFA scores. Results: A total of 3713 cases were initially identified. The analysis cohort included 1865 patients."", ""predictor"": ""ORIGINAL RESEARCH Open Access Prognostic accuracy of the serum lactate level, the SOFA score and the qSOFA score for mortality among adults with Sepsis Zhiqiang Liu1†, Zibo Meng1†, Yongfeng Li2, Jingyuan Zhao1, Shihong Wu1, Shanmiao Gou1* and Heshui Wu1* Abstract Background: Sepsis is a common critical condition caused by the body’s overwhelming response to certain infective agents. Many biomarkers, including the serum lactate level, have been used for sepsis diagnosis and guiding treatment."", ""outcome"": ""ORIGINAL RESEARCH Open Access Prognostic accuracy of the serum lactate level, the SOFA score and the qSOFA score for mortality among adults with Sepsis Zhiqiang Liu1†, Zibo Meng1†, Yongfeng Li2, Jingyuan Zhao1, Shihong Wu1, Shanmiao Gou1* and Heshui Wu1* Abstract Background: Sepsis is a common critical condition caused by the body’s overwhelming response to certain infective agents. Many biomarkers, including the serum lactate level, have been used for sepsis diagnosis and guiding treatment."", ""timing"": ""Results: A total of 3713 cases were initially identified. The analysis cohort included 1865 patients. The 24-h average lactate levels and the worst scores during the first 24 h of ICU admission were collected."", ""method"": ""3) and prognosis (Fig. 2). Next, lactate was shown to be an independent prognostic predictor by Cox regression model analysis (Table 2)."", ""effect_size"": ""Patients in the higher lactate group had higher mortality than those in the lower lactate group. Lactate was an independent predictor of sepsis prognosis. The AUROC of lactate (AUROC, 0.664 [95% CI, 0.639–0.689]) was significantly higher than that of qSOFA (AUROC, 0.547 [95% CI, 0.521–0.574]), and it was similar to the AUROC of SOFA (AUROC, 0.686 [95% CI, 0."", ""performance"": ""Patients in the higher lactate group had higher mortality than those in the lower lactate group. Lactate was an independent predictor of sepsis prognosis. The AUROC of lactate (AUROC, 0.664 [95% CI, 0.639–0.689]) was significantly higher than that of qSOFA (AUROC, 0.547 [95% CI, 0.521–0.574]), and it was similar to the AUROC of SOFA (AUROC, 0.686 [95% CI, 0.""}",supported,All reported fields have lexical support in the source anchor.,"What predictors, biomarkers, severity scores, statistical methods, effect sizes, and model performance metrics are reported for mortality estimation in sepsis?",29.75
Liu_2019,Adults with sepsis,1865,qSOFA score,Mortality,First 24 hours of ICU admission,Cox regression model analysis,"AUROC, 0.547 [95% CI, 0.521–0.574]",Lower than lactate and SOFA,qSOFA showed a capacity to predict mortality but with lower sensitivity.,Liu_2019.pdf,1,Liu_2019:p1:c1,file:///Users/mikitabianko/dev/sandbox/SepsisAtlasHackathon/articles/Liu_2019.pdf#page=1,"the AUROC of qSOFA (AUROC, 0.547 [95% CI, 0.521–0.574])","{""population"": ""ORIGINAL RESEARCH Open Access Prognostic accuracy of the serum lactate level, the SOFA score and the qSOFA score for mortality among adults with Sepsis Zhiqiang Liu1†, Zibo Meng1†, Yongfeng Li2, Jingyuan Zhao1, Shihong Wu1, Shanmiao Gou1* and Heshui Wu1* Abstract Background: Sepsis is a common critical condition caused by the body’s overwhelming response to certain infective agents. Many biomarkers, including the serum lactate level, have been used for sepsis diagnosis and guiding treatment."", ""sample_size"": ""Receiver operating characteristic curve (ROC) analysis was conducted to compare lactate with SOFA and qSOFA scores. Results: A total of 3713 cases were initially identified. The analysis cohort included 1865 patients."", ""predictor"": ""ORIGINAL RESEARCH Open Access Prognostic accuracy of the serum lactate level, the SOFA score and the qSOFA score for mortality among adults with Sepsis Zhiqiang Liu1†, Zibo Meng1†, Yongfeng Li2, Jingyuan Zhao1, Shihong Wu1, Shanmiao Gou1* and Heshui Wu1* Abstract Background: Sepsis is a common critical condition caused by the body’s overwhelming response to certain infective agents. Many biomarkers, including the serum lactate level, have been used for sepsis diagnosis and guiding treatment."", ""outcome"": ""ORIGINAL RESEARCH Open Access Prognostic accuracy of the serum lactate level, the SOFA score and the qSOFA score for mortality among adults with Sepsis Zhiqiang Liu1†, Zibo Meng1†, Yongfeng Li2, Jingyuan Zhao1, Shihong Wu1, Shanmiao Gou1* and Heshui Wu1* Abstract Background: Sepsis is a common critical condition caused by the body’s overwhelming response to certain infective agents. Many biomarkers, including the serum lactate level, have been used for sepsis diagnosis and guiding treatment."", ""timing"": ""Results: A total of 3713 cases were initially identified. The analysis cohort included 1865 patients. The 24-h average lactate levels and the worst scores during the first 24 h of ICU admission were collected."", ""method"": ""3) and prognosis (Fig. 2). Next, lactate was shown to be an independent prognostic predictor by Cox regression model analysis (Table 2)."", ""effect_size"": ""Patients in the higher lactate group had higher mortality than those in the lower lactate group. Lactate was an independent predictor of sepsis prognosis. The AUROC of lactate (AUROC, 0.664 [95% CI, 0.639–0.689]) was significantly higher than that of qSOFA (AUROC, 0.547 [95% CI, 0.521–0.574]), and it was similar to the AUROC of SOFA (AUROC, 0.686 [95% CI, 0."", ""performance"": ""Patients in the higher lactate group had higher mortality than those in the lower lactate group. Lactate was an independent predictor of sepsis prognosis. The AUROC of lactate (AUROC, 0.664 [95% CI, 0.639–0.689]) was significantly higher than that of qSOFA (AUROC, 0.547 [95% CI, 0.521–0.574]), and it was similar to the AUROC of SOFA (AUROC, 0.686 [95% CI, 0.""}",supported,All reported fields have lexical support in the source anchor.,"What predictors, biomarkers, severity scores, statistical methods, effect sizes, and model performance metrics are reported for mortality estimation in sepsis?",29.75
Park_2022,Patients with sepsis caused by intra-abdominal infection,219,Coagulation dysfunction,28-day mortality,Not reported,Multivariable logistic regression,"Odds ratio: 2.78 [1.47–5.23], p = 0.001",Not reported,Coagulation dysfunction was independently associated with higher 28-day mortality.,Park_2022.pdf,1,p1:c2,file:///Users/mikitabianko/dev/sandbox/SepsisAtlasHackathon/articles/Park_2022.pdf#page=1,"only coagulation dysfunction (odds ratio: 2.78 [1.47–5.23], p = 0.001) was independently associated","{""population"": ""Among the organ dysfunctions in sepsis caused by IAI, coagulopathy was found to be an independent risk factor for 28-day mortality. Therefore, more intensive care may be needed because the prognosis could be worse in patients with coagulopathy than in those with other organ dysfunctions due to IAI. Abbreviations IAI: Intra-abdominal infection; ICUs: Intensive care units; KSA: Korean Sepsis Alliance; KDCA: Korea Disease Control and Prevention Agency; SOFA: Sequen‑ tial Organ Failure Assessment; BMI: Body mass index; CCI: Charlson Comor‑ bidity Index; SAP 3: Simplified acute physiology score III; MDR: Multidrug resistance; ORs: Odds ratios; CRRT​: Continuous renal replacement therapy; CNS: Cen"", ""sample_size"": ""We investigated the clinical outcomes and factors influencing mortality of patients with sepsis due to IAI. Methods: This post-hoc analysis of a prospective cohort study included 2126 patients with sepsis who visited 16 tertiary care hospitals in Korea (September 2019–February 2020). The analysis included 219 patients aged > 19 years who were admitted to intensive care units owing to sepsis caused by IAI."", ""predictor"": ""Results: The incidence of septic shock was 47% and was significantly higher in the non-survivor group (58.7% vs 42.3%, p = 0.028). The overall 28-day mortality was 28.8%. In multivariable logistic regression, after adjusting for age, sex, Charlson Comorbidity Index, and lactic acid, only coagulation dysfunction (odds ratio: 2.78 [1.47–5.23], p = 0.001) was independently associated, and after adjusting for each risk factor, only simplified acute physiology score III (SAPS 3) (p < 0.001) and continuous renal replacement therapy (CRRT) (p < 0.001) were independently associated with higher 28-day mortality."", ""outcome"": ""years who were admitted to intensive care units owing to sepsis caused by IAI. Results: The incidence of septic shock was 47% and was significantly higher in the non-survivor group (58.7% vs 42.3%, p = 0.028). The overall 28-day mortality was 28.8%."", ""method"": ""Results: The incidence of septic shock was 47% and was significantly higher in the non-survivor group (58.7% vs 42.3%, p = 0.028). The overall 28-day mortality was 28.8%. In multivariable logistic regression, after adjusting for age, sex, Charlson Comorbidity Index, and lactic acid, only coagulation dysfunction (odds ratio: 2.78 [1.47–5.23], p = 0.001) was independently associated, and after adjusting for each risk factor, only simplified acute physiology score III (SAPS 3) (p < 0.001) and continuous renal replacement therapy (CRRT) (p < 0.001) were independently associated with higher 28-day mortality."", ""effect_size"": ""Results: The incidence of septic shock was 47% and was significantly higher in the non-survivor group (58.7% vs 42.3%, p = 0.028). The overall 28-day mortality was 28.8%. In multivariable logistic regression, after adjusting for age, sex, Charlson Comorbidity Index, and lactic acid, only coagulation dysfunction (odds ratio: 2.78 [1.47–5.23], p = 0.001) was independently associated, and after adjusting for each risk factor, only simplified acute physiology score III (SAPS 3) (p < 0.001) and continuous renal replacement therapy (CRRT) (p < 0.001) were independently associated with higher 28-day mortality.""}",supported,All reported fields have lexical support in the source anchor.,"What predictors, biomarkers, severity scores, statistical methods, effect sizes, and model performance metrics are reported for mortality estimation in sepsis?",28.0
Park_2022,Patients with sepsis caused by intra-abdominal infection,219,Continuous renal replacement therapy (CRRT),28-day mortality,Not reported,Multivariable logistic regression,Not reported,p < 0.001,CRRT was independently associated with higher 28-day mortality.,Park_2022.pdf,1,p1:c2,file:///Users/mikitabianko/dev/sandbox/SepsisAtlasHackathon/articles/Park_2022.pdf#page=1,only simplified acute physiology score III (SAPS 3) (p < 0.001) and continuous renal replacement therapy (CRRT) (p < 0.001) were independently associated,"{""population"": ""Among the organ dysfunctions in sepsis caused by IAI, coagulopathy was found to be an independent risk factor for 28-day mortality. Therefore, more intensive care may be needed because the prognosis could be worse in patients with coagulopathy than in those with other organ dysfunctions due to IAI. Abbreviations IAI: Intra-abdominal infection; ICUs: Intensive care units; KSA: Korean Sepsis Alliance; KDCA: Korea Disease Control and Prevention Agency; SOFA: Sequen‑ tial Organ Failure Assessment; BMI: Body mass index; CCI: Charlson Comor‑ bidity Index; SAP 3: Simplified acute physiology score III; MDR: Multidrug resistance; ORs: Odds ratios; CRRT​: Continuous renal replacement therapy; CNS: Cen"", ""sample_size"": ""We investigated the clinical outcomes and factors influencing mortality of patients with sepsis due to IAI. Methods: This post-hoc analysis of a prospective cohort study included 2126 patients with sepsis who visited 16 tertiary care hospitals in Korea (September 2019–February 2020). The analysis included 219 patients aged > 19 years who were admitted to intensive care units owing to sepsis caused by IAI."", ""predictor"": ""Results: The incidence of septic shock was 47% and was significantly higher in the non-survivor group (58.7% vs 42.3%, p = 0.028). The overall 28-day mortality was 28.8%. In multivariable logistic regression, after adjusting for age, sex, Charlson Comorbidity Index, and lactic acid, only coagulation dysfunction (odds ratio: 2.78 [1.47–5.23], p = 0.001) was independently associated, and after adjusting for each risk factor, only simplified acute physiology score III (SAPS 3) (p < 0.001) and continuous renal replacement therapy (CRRT) (p < 0.001) were independently associated with higher 28-day mortality."", ""outcome"": ""years who were admitted to intensive care units owing to sepsis caused by IAI. Results: The incidence of septic shock was 47% and was significantly higher in the non-survivor group (58.7% vs 42.3%, p = 0.028). The overall 28-day mortality was 28.8%."", ""method"": ""Results: The incidence of septic shock was 47% and was significantly higher in the non-survivor group (58.7% vs 42.3%, p = 0.028). The overall 28-day mortality was 28.8%. In multivariable logistic regression, after adjusting for age, sex, Charlson Comorbidity Index, and lactic acid, only coagulation dysfunction (odds ratio: 2.78 [1.47–5.23], p = 0.001) was independently associated, and after adjusting for each risk factor, only simplified acute physiology score III (SAPS 3) (p < 0.001) and continuous renal replacement therapy (CRRT) (p < 0.001) were independently associated with higher 28-day mortality."", ""performance"": ""Results: The incidence of septic shock was 47% and was significantly higher in the non-survivor group (58.7% vs 42.3%, p = 0.028). The overall 28-day mortality was 28.8%. In multivariable logistic regression, after adjusting for age, sex, Charlson Comorbidity Index, and lactic acid, only coagulation dysfunction (odds ratio: 2.78 [1.47–5.23], p = 0.001) was independently associated, and after adjusting for each risk factor, only simplified acute physiology score III (SAPS 3) (p < 0.001) and continuous renal replacement therapy (CRRT) (p < 0.001) were independently associated with higher 28-day mortality.""}",supported,All reported fields have lexical support in the source anchor.,"What predictors, biomarkers, severity scores, statistical methods, effect sizes, and model performance metrics are reported for mortality estimation in sepsis?",28.0
Park_2022,Patients with sepsis caused by intra-abdominal infection,219,SAPS 3 score,28-day mortality,Not reported,Multivariable logistic regression,Not reported,p < 0.001,SAPS 3 score was independently associated with higher 28-day mortality.,Park_2022.pdf,1,p1:c2,file:///Users/mikitabianko/dev/sandbox/SepsisAtlasHackathon/articles/Park_2022.pdf#page=1,only simplified acute physiology score III (SAPS 3) (p < 0.001) and continuous renal replacement therapy (CRRT) (p < 0.001) were independently associated,"{""population"": ""Among the organ dysfunctions in sepsis caused by IAI, coagulopathy was found to be an independent risk factor for 28-day mortality. Therefore, more intensive care may be needed because the prognosis could be worse in patients with coagulopathy than in those with other organ dysfunctions due to IAI. Abbreviations IAI: Intra-abdominal infection; ICUs: Intensive care units; KSA: Korean Sepsis Alliance; KDCA: Korea Disease Control and Prevention Agency; SOFA: Sequen‑ tial Organ Failure Assessment; BMI: Body mass index; CCI: Charlson Comor‑ bidity Index; SAP 3: Simplified acute physiology score III; MDR: Multidrug resistance; ORs: Odds ratios; CRRT​: Continuous renal replacement therapy; CNS: Cen"", ""sample_size"": ""We investigated the clinical outcomes and factors influencing mortality of patients with sepsis due to IAI. Methods: This post-hoc analysis of a prospective cohort study included 2126 patients with sepsis who visited 16 tertiary care hospitals in Korea (September 2019–February 2020). The analysis included 219 patients aged > 19 years who were admitted to intensive care units owing to sepsis caused by IAI."", ""predictor"": ""The overall 28-day mortality was 28.8%. In multivariable logistic regression, after adjusting for age, sex, Charlson Comorbidity Index, and lactic acid, only coagulation dysfunction (odds ratio: 2.78 [1.47–5.23], p = 0.001) was independently associated, and after adjusting for each risk factor, only simplified acute physiology score III (SAPS 3) (p < 0.001) and continuous renal replacement therapy (CRRT) (p < 0.001) were independently associated with higher 28-day mortality. Conclusions: The SAPS 3 score and acute kidney injury with CRRT were independently associated with increased 28-day mortality."", ""outcome"": ""years who were admitted to intensive care units owing to sepsis caused by IAI. Results: The incidence of septic shock was 47% and was significantly higher in the non-survivor group (58.7% vs 42.3%, p = 0.028). The overall 28-day mortality was 28.8%."", ""method"": ""Results: The incidence of septic shock was 47% and was significantly higher in the non-survivor group (58.7% vs 42.3%, p = 0.028). The overall 28-day mortality was 28.8%. In multivariable logistic regression, after adjusting for age, sex, Charlson Comorbidity Index, and lactic acid, only coagulation dysfunction (odds ratio: 2.78 [1.47–5.23], p = 0.001) was independently associated, and after adjusting for each risk factor, only simplified acute physiology score III (SAPS 3) (p < 0.001) and continuous renal replacement therapy (CRRT) (p < 0.001) were independently associated with higher 28-day mortality."", ""performance"": ""Results: The incidence of septic shock was 47% and was significantly higher in the non-survivor group (58.7% vs 42.3%, p = 0.028). The overall 28-day mortality was 28.8%. In multivariable logistic regression, after adjusting for age, sex, Charlson Comorbidity Index, and lactic acid, only coagulation dysfunction (odds ratio: 2.78 [1.47–5.23], p = 0.001) was independently associated, and after adjusting for each risk factor, only simplified acute physiology score III (SAPS 3) (p < 0.001) and continuous renal replacement therapy (CRRT) (p < 0.001) were independently associated with higher 28-day mortality.""}",supported,All reported fields have lexical support in the source anchor.,"What predictors, biomarkers, severity scores, statistical methods, effect sizes, and model performance metrics are reported for mortality estimation in sepsis?",28.0
Ren_2022,ICU patients with sepsis and lung infection,1676,BUN,in-hospital mortality,Not reported,logistic regression,Not reported,Not reported,BUN is included as a risk factor in the nomogram for predicting in-hospital mortality.,Ren_2022.pdf,5,Ren_2022:p5:c1,file:///Users/mikitabianko/dev/sandbox/SepsisAtlasHackathon/articles/Ren_2022.pdf#page=5,"The risk factors of age, lactate, temperature, oxygenation index, BUN, lactate, GCS score, liver disease, cancer, organ transplantation, Troponin T(TnT), neutrophil-to-lymphocyte ratio (NLR), and CRRT, MV, and vasopressor use were included in the nomogram.","{""population"": ""5 The DCA curve of medical intervention in patients with the nomogram, SOFA, and SAPSII in the training et (a) and validation set (b) [OpenRouter vision/OCR extraction from page image] **Visual/OCR-derived Content from Ren_2022.pdf, Page 9:** **Figure 4: Calibration Curves** - **Panel a:** - **Metrics:** - DCA: 0.448 - R^2: 0.217 - C-index: 0.712 - Brier: 0.078 - Emax: 0.051 - Emean: 0.012 - Intercept: 0.003 - Slope: 0.999 - **Panel b:** - Similar metrics as panel a. **Figure 5: DCA Curve of Medical Intervention** - **Panel a:** - **Threshold Probability:** - None: Net benefit curve - All: Net benefit curve - SOFA: Net benefit curve - Nomogram: Net benefit curve - SAPSII: Net benefit curve -"", ""sample_size"": ""To amend incomplete data, the multiple imputation method was applied during the statistical analysis process. The statistically significant threshold was a twosided p value of < 0.05. TRIPOD (transparent reporting of a multivariate prediction model for individual prognosis According to sepsis 3.0 definition 7851 cases were enrolled 1948 cases with sepsis and lung infection were enrolled 1676 suitable cases entered the study 5903 cases without lung infection were excluded Exclude 87 cases admitted to the ICU more than once."", ""predictor"": ""The definition of Sepsis 3.0 [10] was used, which includes patients with life-threatening organ dysfunction caused by an uncontrolled host response to infection, and SOFA score ≥ 2. The nomogram prediction model was constructed from the training set using logistic regression analysis, and was then internally validated and underwent sensitivity analysis. Results: The risk factors of age, lactate, temperature, oxygenation index, BUN, lactate, Glasgow Coma Score (GCS), liver disease, cancer, organ transplantation, Troponin T(TnT), neutrophil-to-lymphocyte ratio (NLR), and CRRT, MV, and vasopressor use were included in the nomogram."", ""outcome"": ""The results of our study showed that in both the training and validation sets, interventions based on the nomogram could provide better prognoses than the SOFA score and SAPSII when the probability threshold was between 0.1 and 0.6. We adopt Hosmer–Lemeshow test and calibration plots to evaluate the calibration of the prediction model [14, 16], the results of both test demonstrated our model’s calibration ability is satisfied. Liver disease had the largest weighting factor in our model, indicating that it is the most significant predictor for the in-hospital mortality of patients with sepsis and lung infection."", ""method"": ""Seo et al. [28]. constructed a clinical predictive model for the 28-day mortality of sepsis and septic shock patients, with approximately 62% of the sepsis patients in the sample having lung infections. The variables in the model were hypoalbuminemia, low base excess values, and respiratory rate, and the model exhibited effective discrimination and calibration. However, those authors did not validate their predictive model, and so we extracted the clinical data of patients with sepsis and lung infection from the MIMIC-III database, applied logistic regression to determine the risk factors of inhospital mortality, confirmed the prediction model and constructed a nomogram, and performed validi""}",supported,All reported fields have lexical support in the source anchor.,"What predictors, biomarkers, severity scores, statistical methods, effect sizes, and model performance metrics are reported for mortality estimation in sepsis?",32.5
Ren_2022,ICU patients with sepsis and lung infection,1676,Glasgow Coma Score (GCS),in-hospital mortality,Not reported,logistic regression,Not reported,Not reported,GCS is included as a risk factor in the nomogram for predicting in-hospital mortality.,Ren_2022.pdf,5,Ren_2022:p5:c1,file:///Users/mikitabianko/dev/sandbox/SepsisAtlasHackathon/articles/Ren_2022.pdf#page=5,"The risk factors of age, lactate, temperature, oxygenation index, BUN, lactate, GCS score, liver disease, cancer, organ transplantation, Troponin T(TnT), neutrophil-to-lymphocyte ratio (NLR), and CRRT, MV, and vasopressor use were included in the nomogram.","{""population"": ""5 The DCA curve of medical intervention in patients with the nomogram, SOFA, and SAPSII in the training et (a) and validation set (b) [OpenRouter vision/OCR extraction from page image] **Visual/OCR-derived Content from Ren_2022.pdf, Page 9:** **Figure 4: Calibration Curves** - **Panel a:** - **Metrics:** - DCA: 0.448 - R^2: 0.217 - C-index: 0.712 - Brier: 0.078 - Emax: 0.051 - Emean: 0.012 - Intercept: 0.003 - Slope: 0.999 - **Panel b:** - Similar metrics as panel a. **Figure 5: DCA Curve of Medical Intervention** - **Panel a:** - **Threshold Probability:** - None: Net benefit curve - All: Net benefit curve - SOFA: Net benefit curve - Nomogram: Net benefit curve - SAPSII: Net benefit curve -"", ""sample_size"": ""To amend incomplete data, the multiple imputation method was applied during the statistical analysis process. The statistically significant threshold was a twosided p value of < 0.05. TRIPOD (transparent reporting of a multivariate prediction model for individual prognosis According to sepsis 3.0 definition 7851 cases were enrolled 1948 cases with sepsis and lung infection were enrolled 1676 suitable cases entered the study 5903 cases without lung infection were excluded Exclude 87 cases admitted to the ICU more than once."", ""predictor"": ""The definition of Sepsis 3.0 [10] was used, which includes patients with life-threatening organ dysfunction caused by an uncontrolled host response to infection, and SOFA score ≥ 2. The nomogram prediction model was constructed from the training set using logistic regression analysis, and was then internally validated and underwent sensitivity analysis. Results: The risk factors of age, lactate, temperature, oxygenation index, BUN, lactate, Glasgow Coma Score (GCS), liver disease, cancer, organ transplantation, Troponin T(TnT), neutrophil-to-lymphocyte ratio (NLR), and CRRT, MV, and vasopressor use were included in the nomogram."", ""outcome"": ""The results of our study showed that in both the training and validation sets, interventions based on the nomogram could provide better prognoses than the SOFA score and SAPSII when the probability threshold was between 0.1 and 0.6. We adopt Hosmer–Lemeshow test and calibration plots to evaluate the calibration of the prediction model [14, 16], the results of both test demonstrated our model’s calibration ability is satisfied. Liver disease had the largest weighting factor in our model, indicating that it is the most significant predictor for the in-hospital mortality of patients with sepsis and lung infection."", ""method"": ""Seo et al. [28]. constructed a clinical predictive model for the 28-day mortality of sepsis and septic shock patients, with approximately 62% of the sepsis patients in the sample having lung infections. The variables in the model were hypoalbuminemia, low base excess values, and respiratory rate, and the model exhibited effective discrimination and calibration. However, those authors did not validate their predictive model, and so we extracted the clinical data of patients with sepsis and lung infection from the MIMIC-III database, applied logistic regression to determine the risk factors of inhospital mortality, confirmed the prediction model and constructed a nomogram, and performed validi""}",supported,All reported fields have lexical support in the source anchor.,"What predictors, biomarkers, severity scores, statistical methods, effect sizes, and model performance metrics are reported for mortality estimation in sepsis?",32.5
Ren_2022,ICU patients with sepsis and lung infection,1676,SAPSII,in-hospital mortality,Not reported,logistic regression,Not reported,Not reported,SAPSII is included as a risk factor in the nomogram for predicting in-hospital mortality.,Ren_2022.pdf,5,Ren_2022:p5:c1,file:///Users/mikitabianko/dev/sandbox/SepsisAtlasHackathon/articles/Ren_2022.pdf#page=5,"The risk factors of age, lactate, temperature, oxygenation index, BUN, lactate, GCS score, liver disease, cancer, organ transplantation, Troponin T(TnT), neutrophil-to-lymphocyte ratio (NLR), and CRRT, MV, and vasopressor use were included in the nomogram.","{""population"": ""5 The DCA curve of medical intervention in patients with the nomogram, SOFA, and SAPSII in the training et (a) and validation set (b) [OpenRouter vision/OCR extraction from page image] **Visual/OCR-derived Content from Ren_2022.pdf, Page 9:** **Figure 4: Calibration Curves** - **Panel a:** - **Metrics:** - DCA: 0.448 - R^2: 0.217 - C-index: 0.712 - Brier: 0.078 - Emax: 0.051 - Emean: 0.012 - Intercept: 0.003 - Slope: 0.999 - **Panel b:** - Similar metrics as panel a. **Figure 5: DCA Curve of Medical Intervention** - **Panel a:** - **Threshold Probability:** - None: Net benefit curve - All: Net benefit curve - SOFA: Net benefit curve - Nomogram: Net benefit curve - SAPSII: Net benefit curve -"", ""sample_size"": ""To amend incomplete data, the multiple imputation method was applied during the statistical analysis process. The statistically significant threshold was a twosided p value of < 0.05. TRIPOD (transparent reporting of a multivariate prediction model for individual prognosis According to sepsis 3.0 definition 7851 cases were enrolled 1948 cases with sepsis and lung infection were enrolled 1676 suitable cases entered the study 5903 cases without lung infection were excluded Exclude 87 cases admitted to the ICU more than once."", ""predictor"": ""Page 8 of 11 Ren et al. BMC Pulmonary Medicine (2022) 22:17 of APACHE III and IV models for sepsis and septic shock patients performed unsatisfying according to Ajay Somabhai Dabhi’s study [27] and the efficacy of APACHE III, APACHE IV and SAPSII for predictions around sepsis patients with lung infection are uncertain."", ""outcome"": ""The results of our study showed that in both the training and validation sets, interventions based on the nomogram could provide better prognoses than the SOFA score and SAPSII when the probability threshold was between 0.1 and 0.6. We adopt Hosmer–Lemeshow test and calibration plots to evaluate the calibration of the prediction model [14, 16], the results of both test demonstrated our model’s calibration ability is satisfied. Liver disease had the largest weighting factor in our model, indicating that it is the most significant predictor for the in-hospital mortality of patients with sepsis and lung infection."", ""method"": ""Seo et al. [28]. constructed a clinical predictive model for the 28-day mortality of sepsis and septic shock patients, with approximately 62% of the sepsis patients in the sample having lung infections. The variables in the model were hypoalbuminemia, low base excess values, and respiratory rate, and the model exhibited effective discrimination and calibration. However, those authors did not validate their predictive model, and so we extracted the clinical data of patients with sepsis and lung infection from the MIMIC-III database, applied logistic regression to determine the risk factors of inhospital mortality, confirmed the prediction model and constructed a nomogram, and performed validi""}",supported,All reported fields have lexical support in the source anchor.,"What predictors, biomarkers, severity scores, statistical methods, effect sizes, and model performance metrics are reported for mortality estimation in sepsis?",32.5
Ren_2022,ICU patients with sepsis and lung infection,1676,Troponin T (TnT),in-hospital mortality,Not reported,logistic regression,Not reported,Not reported,Troponin T is included as a risk factor in the nomogram for predicting in-hospital mortality.,Ren_2022.pdf,5,Ren_2022:p5:c1,file:///Users/mikitabianko/dev/sandbox/SepsisAtlasHackathon/articles/Ren_2022.pdf#page=5,"The risk factors of age, lactate, temperature, oxygenation index, BUN, lactate, GCS score, liver disease, cancer, organ transplantation, Troponin T(TnT), neutrophil-to-lymphocyte ratio (NLR), and CRRT, MV, and vasopressor use were included in the nomogram.","{""population"": ""5 The DCA curve of medical intervention in patients with the nomogram, SOFA, and SAPSII in the training et (a) and validation set (b) [OpenRouter vision/OCR extraction from page image] **Visual/OCR-derived Content from Ren_2022.pdf, Page 9:** **Figure 4: Calibration Curves** - **Panel a:** - **Metrics:** - DCA: 0.448 - R^2: 0.217 - C-index: 0.712 - Brier: 0.078 - Emax: 0.051 - Emean: 0.012 - Intercept: 0.003 - Slope: 0.999 - **Panel b:** - Similar metrics as panel a. **Figure 5: DCA Curve of Medical Intervention** - **Panel a:** - **Threshold Probability:** - None: Net benefit curve - All: Net benefit curve - SOFA: Net benefit curve - Nomogram: Net benefit curve - SAPSII: Net benefit curve -"", ""sample_size"": ""To amend incomplete data, the multiple imputation method was applied during the statistical analysis process. The statistically significant threshold was a twosided p value of < 0.05. TRIPOD (transparent reporting of a multivariate prediction model for individual prognosis According to sepsis 3.0 definition 7851 cases were enrolled 1948 cases with sepsis and lung infection were enrolled 1676 suitable cases entered the study 5903 cases without lung infection were excluded Exclude 87 cases admitted to the ICU more than once."", ""predictor"": ""The definition of Sepsis 3.0 [10] was used, which includes patients with life-threatening organ dysfunction caused by an uncontrolled host response to infection, and SOFA score ≥ 2. The nomogram prediction model was constructed from the training set using logistic regression analysis, and was then internally validated and underwent sensitivity analysis. Results: The risk factors of age, lactate, temperature, oxygenation index, BUN, lactate, Glasgow Coma Score (GCS), liver disease, cancer, organ transplantation, Troponin T(TnT), neutrophil-to-lymphocyte ratio (NLR), and CRRT, MV, and vasopressor use were included in the nomogram."", ""outcome"": ""The results of our study showed that in both the training and validation sets, interventions based on the nomogram could provide better prognoses than the SOFA score and SAPSII when the probability threshold was between 0.1 and 0.6. We adopt Hosmer–Lemeshow test and calibration plots to evaluate the calibration of the prediction model [14, 16], the results of both test demonstrated our model’s calibration ability is satisfied. Liver disease had the largest weighting factor in our model, indicating that it is the most significant predictor for the in-hospital mortality of patients with sepsis and lung infection."", ""method"": ""Seo et al. [28]. constructed a clinical predictive model for the 28-day mortality of sepsis and septic shock patients, with approximately 62% of the sepsis patients in the sample having lung infections. The variables in the model were hypoalbuminemia, low base excess values, and respiratory rate, and the model exhibited effective discrimination and calibration. However, those authors did not validate their predictive model, and so we extracted the clinical data of patients with sepsis and lung infection from the MIMIC-III database, applied logistic regression to determine the risk factors of inhospital mortality, confirmed the prediction model and constructed a nomogram, and performed validi""}",supported,All reported fields have lexical support in the source anchor.,"What predictors, biomarkers, severity scores, statistical methods, effect sizes, and model performance metrics are reported for mortality estimation in sepsis?",32.5
Ren_2022,ICU patients with sepsis and lung infection,1676,age,in-hospital mortality,Not reported,logistic regression,Not reported,Not reported,Age is included as a risk factor in the nomogram for predicting in-hospital mortality.,Ren_2022.pdf,5,Ren_2022:p5:c1,file:///Users/mikitabianko/dev/sandbox/SepsisAtlasHackathon/articles/Ren_2022.pdf#page=5,"The risk factors of age, lactate, temperature, oxygenation index, BUN, lactate, GCS score, liver disease, cancer, organ transplantation, Troponin T(TnT), neutrophil-to-lymphocyte ratio (NLR), and CRRT, MV, and vasopressor use were included in the nomogram.","{""population"": ""5 The DCA curve of medical intervention in patients with the nomogram, SOFA, and SAPSII in the training et (a) and validation set (b) [OpenRouter vision/OCR extraction from page image] **Visual/OCR-derived Content from Ren_2022.pdf, Page 9:** **Figure 4: Calibration Curves** - **Panel a:** - **Metrics:** - DCA: 0.448 - R^2: 0.217 - C-index: 0.712 - Brier: 0.078 - Emax: 0.051 - Emean: 0.012 - Intercept: 0.003 - Slope: 0.999 - **Panel b:** - Similar metrics as panel a. **Figure 5: DCA Curve of Medical Intervention** - **Panel a:** - **Threshold Probability:** - None: Net benefit curve - All: Net benefit curve - SOFA: Net benefit curve - Nomogram: Net benefit curve - SAPSII: Net benefit curve -"", ""sample_size"": ""To amend incomplete data, the multiple imputation method was applied during the statistical analysis process. The statistically significant threshold was a twosided p value of < 0.05. TRIPOD (transparent reporting of a multivariate prediction model for individual prognosis According to sepsis 3.0 definition 7851 cases were enrolled 1948 cases with sepsis and lung infection were enrolled 1676 suitable cases entered the study 5903 cases without lung infection were excluded Exclude 87 cases admitted to the ICU more than once."", ""predictor"": ""Page 8 of 11 Ren et al. BMC Pulmonary Medicine (2022) 22:17 of APACHE III and IV models for sepsis and septic shock patients performed unsatisfying according to Ajay Somabhai Dabhi’s study [27] and the efficacy of APACHE III, APACHE IV and SAPSII for predictions around sepsis patients with lung infection are uncertain."", ""outcome"": ""The results of our study showed that in both the training and validation sets, interventions based on the nomogram could provide better prognoses than the SOFA score and SAPSII when the probability threshold was between 0.1 and 0.6. We adopt Hosmer–Lemeshow test and calibration plots to evaluate the calibration of the prediction model [14, 16], the results of both test demonstrated our model’s calibration ability is satisfied. Liver disease had the largest weighting factor in our model, indicating that it is the most significant predictor for the in-hospital mortality of patients with sepsis and lung infection."", ""method"": ""Seo et al. [28]. constructed a clinical predictive model for the 28-day mortality of sepsis and septic shock patients, with approximately 62% of the sepsis patients in the sample having lung infections. The variables in the model were hypoalbuminemia, low base excess values, and respiratory rate, and the model exhibited effective discrimination and calibration. However, those authors did not validate their predictive model, and so we extracted the clinical data of patients with sepsis and lung infection from the MIMIC-III database, applied logistic regression to determine the risk factors of inhospital mortality, confirmed the prediction model and constructed a nomogram, and performed validi""}",supported,All reported fields have lexical support in the source anchor.,"What predictors, biomarkers, severity scores, statistical methods, effect sizes, and model performance metrics are reported for mortality estimation in sepsis?",32.5
Ren_2022,ICU patients with sepsis and lung infection,1676,lactate,in-hospital mortality,Not reported,logistic regression,Not reported,Not reported,Lactate is included as a risk factor in the nomogram for predicting in-hospital mortality.,Ren_2022.pdf,5,Ren_2022:p5:c1,file:///Users/mikitabianko/dev/sandbox/SepsisAtlasHackathon/articles/Ren_2022.pdf#page=5,"The risk factors of age, lactate, temperature, oxygenation index, BUN, lactate, GCS score, liver disease, cancer, organ transplantation, Troponin T(TnT), neutrophil-to-lymphocyte ratio (NLR), and CRRT, MV, and vasopressor use were included in the nomogram.","{""population"": ""5 The DCA curve of medical intervention in patients with the nomogram, SOFA, and SAPSII in the training et (a) and validation set (b) [OpenRouter vision/OCR extraction from page image] **Visual/OCR-derived Content from Ren_2022.pdf, Page 9:** **Figure 4: Calibration Curves** - **Panel a:** - **Metrics:** - DCA: 0.448 - R^2: 0.217 - C-index: 0.712 - Brier: 0.078 - Emax: 0.051 - Emean: 0.012 - Intercept: 0.003 - Slope: 0.999 - **Panel b:** - Similar metrics as panel a. **Figure 5: DCA Curve of Medical Intervention** - **Panel a:** - **Threshold Probability:** - None: Net benefit curve - All: Net benefit curve - SOFA: Net benefit curve - Nomogram: Net benefit curve - SAPSII: Net benefit curve -"", ""sample_size"": ""To amend incomplete data, the multiple imputation method was applied during the statistical analysis process. The statistically significant threshold was a twosided p value of < 0.05. TRIPOD (transparent reporting of a multivariate prediction model for individual prognosis According to sepsis 3.0 definition 7851 cases were enrolled 1948 cases with sepsis and lung infection were enrolled 1676 suitable cases entered the study 5903 cases without lung infection were excluded Exclude 87 cases admitted to the ICU more than once."", ""predictor"": ""The definition of Sepsis 3.0 [10] was used, which includes patients with life-threatening organ dysfunction caused by an uncontrolled host response to infection, and SOFA score ≥ 2. The nomogram prediction model was constructed from the training set using logistic regression analysis, and was then internally validated and underwent sensitivity analysis. Results: The risk factors of age, lactate, temperature, oxygenation index, BUN, lactate, Glasgow Coma Score (GCS), liver disease, cancer, organ transplantation, Troponin T(TnT), neutrophil-to-lymphocyte ratio (NLR), and CRRT, MV, and vasopressor use were included in the nomogram."", ""outcome"": ""The results of our study showed that in both the training and validation sets, interventions based on the nomogram could provide better prognoses than the SOFA score and SAPSII when the probability threshold was between 0.1 and 0.6. We adopt Hosmer–Lemeshow test and calibration plots to evaluate the calibration of the prediction model [14, 16], the results of both test demonstrated our model’s calibration ability is satisfied. Liver disease had the largest weighting factor in our model, indicating that it is the most significant predictor for the in-hospital mortality of patients with sepsis and lung infection."", ""method"": ""Seo et al. [28]. constructed a clinical predictive model for the 28-day mortality of sepsis and septic shock patients, with approximately 62% of the sepsis patients in the sample having lung infections. The variables in the model were hypoalbuminemia, low base excess values, and respiratory rate, and the model exhibited effective discrimination and calibration. However, those authors did not validate their predictive model, and so we extracted the clinical data of patients with sepsis and lung infection from the MIMIC-III database, applied logistic regression to determine the risk factors of inhospital mortality, confirmed the prediction model and constructed a nomogram, and performed validi""}",supported,All reported fields have lexical support in the source anchor.,"What predictors, biomarkers, severity scores, statistical methods, effect sizes, and model performance metrics are reported for mortality estimation in sepsis?",32.5
Ren_2022,ICU patients with sepsis and lung infection,1676,liver disease,in-hospital mortality,Not reported,logistic regression,Not reported,Not reported,"Liver disease had the largest weighting factor in the model, indicating it is the most significant predictor for in-hospital mortality.",Ren_2022.pdf,8,Ren_2022:p8:c1,file:///Users/mikitabianko/dev/sandbox/SepsisAtlasHackathon/articles/Ren_2022.pdf#page=8,"Liver disease had the largest weighting factor in our model, indicating that it is the most significant predictor for the in-hospital mortality of patients with sepsis and lung infection.","{""population"": ""5 The DCA curve of medical intervention in patients with the nomogram, SOFA, and SAPSII in the training et (a) and validation set (b) [OpenRouter vision/OCR extraction from page image] **Visual/OCR-derived Content from Ren_2022.pdf, Page 9:** **Figure 4: Calibration Curves** - **Panel a:** - **Metrics:** - DCA: 0.448 - R^2: 0.217 - C-index: 0.712 - Brier: 0.078 - Emax: 0.051 - Emean: 0.012 - Intercept: 0.003 - Slope: 0.999 - **Panel b:** - Similar metrics as panel a. **Figure 5: DCA Curve of Medical Intervention** - **Panel a:** - **Threshold Probability:** - None: Net benefit curve - All: Net benefit curve - SOFA: Net benefit curve - Nomogram: Net benefit curve - SAPSII: Net benefit curve -"", ""sample_size"": ""To amend incomplete data, the multiple imputation method was applied during the statistical analysis process. The statistically significant threshold was a twosided p value of < 0.05. TRIPOD (transparent reporting of a multivariate prediction model for individual prognosis According to sepsis 3.0 definition 7851 cases were enrolled 1948 cases with sepsis and lung infection were enrolled 1676 suitable cases entered the study 5903 cases without lung infection were excluded Exclude 87 cases admitted to the ICU more than once."", ""predictor"": ""The results of our study showed that in both the training and validation sets, interventions based on the nomogram could provide better prognoses than the SOFA score and SAPSII when the probability threshold was between 0.1 and 0.6. We adopt Hosmer–Lemeshow test and calibration plots to evaluate the calibration of the prediction model [14, 16], the results of both test demonstrated our model’s calibration ability is satisfied. Liver disease had the largest weighting factor in our model, indicating that it is the most significant predictor for the in-hospital mortality of patients with sepsis and lung infection."", ""outcome"": ""The results of our study showed that in both the training and validation sets, interventions based on the nomogram could provide better prognoses than the SOFA score and SAPSII when the probability threshold was between 0.1 and 0.6. We adopt Hosmer–Lemeshow test and calibration plots to evaluate the calibration of the prediction model [14, 16], the results of both test demonstrated our model’s calibration ability is satisfied. Liver disease had the largest weighting factor in our model, indicating that it is the most significant predictor for the in-hospital mortality of patients with sepsis and lung infection."", ""method"": ""Seo et al. [28]. constructed a clinical predictive model for the 28-day mortality of sepsis and septic shock patients, with approximately 62% of the sepsis patients in the sample having lung infections. The variables in the model were hypoalbuminemia, low base excess values, and respiratory rate, and the model exhibited effective discrimination and calibration. However, those authors did not validate their predictive model, and so we extracted the clinical data of patients with sepsis and lung infection from the MIMIC-III database, applied logistic regression to determine the risk factors of inhospital mortality, confirmed the prediction model and constructed a nomogram, and performed validi""}",supported,All reported fields have lexical support in the source anchor.,"What predictors, biomarkers, severity scores, statistical methods, effect sizes, and model performance metrics are reported for mortality estimation in sepsis?",32.5
Ren_2022,ICU patients with sepsis and lung infection,1676,mean arterial pressure,in-hospital mortality,Not reported,logistic regression,OR: 1.07 (95% C.I.: 0.99–1.16),Not reported,Mean arterial pressure is positively correlated with the survival rate of sepsis patients.,Ren_2022.pdf,7,Ren_2022:p7:c1,file:///Users/mikitabianko/dev/sandbox/SepsisAtlasHackathon/articles/Ren_2022.pdf#page=7,the OR value of mean blood pressure was positively correlated with the survival rate of sepsis patients [25].,"{""population"": ""5 The DCA curve of medical intervention in patients with the nomogram, SOFA, and SAPSII in the training et (a) and validation set (b) [OpenRouter vision/OCR extraction from page image] **Visual/OCR-derived Content from Ren_2022.pdf, Page 9:** **Figure 4: Calibration Curves** - **Panel a:** - **Metrics:** - DCA: 0.448 - R^2: 0.217 - C-index: 0.712 - Brier: 0.078 - Emax: 0.051 - Emean: 0.012 - Intercept: 0.003 - Slope: 0.999 - **Panel b:** - Similar metrics as panel a. **Figure 5: DCA Curve of Medical Intervention** - **Panel a:** - **Threshold Probability:** - None: Net benefit curve - All: Net benefit curve - SOFA: Net benefit curve - Nomogram: Net benefit curve - SAPSII: Net benefit curve -"", ""sample_size"": ""To amend incomplete data, the multiple imputation method was applied during the statistical analysis process. The statistically significant threshold was a twosided p value of < 0.05. TRIPOD (transparent reporting of a multivariate prediction model for individual prognosis According to sepsis 3.0 definition 7851 cases were enrolled 1948 cases with sepsis and lung infection were enrolled 1676 suitable cases entered the study 5903 cases without lung infection were excluded Exclude 87 cases admitted to the ICU more than once."", ""predictor"": ""25. Vincent J-L, Nielsen ND, Shapiro NI, Gerbasi ME. Mean arterial pressure and mortality in patients with distributive shock:a retrospective analysis of the MIMIC-III database."", ""outcome"": ""The results of our study showed that in both the training and validation sets, interventions based on the nomogram could provide better prognoses than the SOFA score and SAPSII when the probability threshold was between 0.1 and 0.6. We adopt Hosmer–Lemeshow test and calibration plots to evaluate the calibration of the prediction model [14, 16], the results of both test demonstrated our model’s calibration ability is satisfied. Liver disease had the largest weighting factor in our model, indicating that it is the most significant predictor for the in-hospital mortality of patients with sepsis and lung infection."", ""method"": ""Seo et al. [28]. constructed a clinical predictive model for the 28-day mortality of sepsis and septic shock patients, with approximately 62% of the sepsis patients in the sample having lung infections. The variables in the model were hypoalbuminemia, low base excess values, and respiratory rate, and the model exhibited effective discrimination and calibration. However, those authors did not validate their predictive model, and so we extracted the clinical data of patients with sepsis and lung infection from the MIMIC-III database, applied logistic regression to determine the risk factors of inhospital mortality, confirmed the prediction model and constructed a nomogram, and performed validi"", ""effect_size"": ""Among these variables, the OR values of body temperature, SpO2, and bicarbonate were less than 1, indicating that they are positively correlated with in-hospital survival of patients with sepsis and lung infection. Vincent and his colleagues found that the mean blood pressure was positively correlated with the survival rate of sepsis patients [25]. Such a correlation was also present in our study, but with an OR value of 1.07 (95% C.I.: 0.99–1.16), which may be due to the different sample populations.""}",supported,All reported fields have lexical support in the source anchor.,"What predictors, biomarkers, severity scores, statistical methods, effect sizes, and model performance metrics are reported for mortality estimation in sepsis?",32.5
Ren_2022,ICU patients with sepsis and lung infection,1676,neutrophil-to-lymphocyte ratio (NLR),in-hospital mortality,Not reported,logistic regression,Not reported,Not reported,NLR is included as a risk factor in the nomogram for predicting in-hospital mortality.,Ren_2022.pdf,5,Ren_2022:p5:c1,file:///Users/mikitabianko/dev/sandbox/SepsisAtlasHackathon/articles/Ren_2022.pdf#page=5,"The risk factors of age, lactate, temperature, oxygenation index, BUN, lactate, GCS score, liver disease, cancer, organ transplantation, Troponin T(TnT), neutrophil-to-lymphocyte ratio (NLR), and CRRT, MV, and vasopressor use were included in the nomogram.","{""population"": ""5 The DCA curve of medical intervention in patients with the nomogram, SOFA, and SAPSII in the training et (a) and validation set (b) [OpenRouter vision/OCR extraction from page image] **Visual/OCR-derived Content from Ren_2022.pdf, Page 9:** **Figure 4: Calibration Curves** - **Panel a:** - **Metrics:** - DCA: 0.448 - R^2: 0.217 - C-index: 0.712 - Brier: 0.078 - Emax: 0.051 - Emean: 0.012 - Intercept: 0.003 - Slope: 0.999 - **Panel b:** - Similar metrics as panel a. **Figure 5: DCA Curve of Medical Intervention** - **Panel a:** - **Threshold Probability:** - None: Net benefit curve - All: Net benefit curve - SOFA: Net benefit curve - Nomogram: Net benefit curve - SAPSII: Net benefit curve -"", ""sample_size"": ""To amend incomplete data, the multiple imputation method was applied during the statistical analysis process. The statistically significant threshold was a twosided p value of < 0.05. TRIPOD (transparent reporting of a multivariate prediction model for individual prognosis According to sepsis 3.0 definition 7851 cases were enrolled 1948 cases with sepsis and lung infection were enrolled 1676 suitable cases entered the study 5903 cases without lung infection were excluded Exclude 87 cases admitted to the ICU more than once."", ""predictor"": ""The definition of Sepsis 3.0 [10] was used, which includes patients with life-threatening organ dysfunction caused by an uncontrolled host response to infection, and SOFA score ≥ 2. The nomogram prediction model was constructed from the training set using logistic regression analysis, and was then internally validated and underwent sensitivity analysis. Results: The risk factors of age, lactate, temperature, oxygenation index, BUN, lactate, Glasgow Coma Score (GCS), liver disease, cancer, organ transplantation, Troponin T(TnT), neutrophil-to-lymphocyte ratio (NLR), and CRRT, MV, and vasopressor use were included in the nomogram."", ""outcome"": ""The results of our study showed that in both the training and validation sets, interventions based on the nomogram could provide better prognoses than the SOFA score and SAPSII when the probability threshold was between 0.1 and 0.6. We adopt Hosmer–Lemeshow test and calibration plots to evaluate the calibration of the prediction model [14, 16], the results of both test demonstrated our model’s calibration ability is satisfied. Liver disease had the largest weighting factor in our model, indicating that it is the most significant predictor for the in-hospital mortality of patients with sepsis and lung infection."", ""method"": ""Seo et al. [28]. constructed a clinical predictive model for the 28-day mortality of sepsis and septic shock patients, with approximately 62% of the sepsis patients in the sample having lung infections. The variables in the model were hypoalbuminemia, low base excess values, and respiratory rate, and the model exhibited effective discrimination and calibration. However, those authors did not validate their predictive model, and so we extracted the clinical data of patients with sepsis and lung infection from the MIMIC-III database, applied logistic regression to determine the risk factors of inhospital mortality, confirmed the prediction model and constructed a nomogram, and performed validi""}",supported,All reported fields have lexical support in the source anchor.,"What predictors, biomarkers, severity scores, statistical methods, effect sizes, and model performance metrics are reported for mortality estimation in sepsis?",32.5
Ren_2022,ICU patients with sepsis and lung infection,1676,nomogram,in-hospital mortality,Not reported,logistic regression,AUROC: 0.743 (95% C.I.: 0.713–0.773) in training set; 0.746 (95% C.I.: 0.699–0.790) in validation set,DCA showed net benefits over SOFA and SAPSII,The nomogram was constructed to predict in-hospital mortality and showed better discrimination ability than SOFA and SAPSII.,Ren_2022.pdf,1,Ren_2022:p1:c1,file:///Users/mikitabianko/dev/sandbox/SepsisAtlasHackathon/articles/Ren_2022.pdf#page=1,"the nomogram had better discrimination ability, with areas under the receiver operating characteristic curve (AUROC) of 0.743 (95% C.I.: 0.713–0.773) and 0.746 (95% C.I.: 0.699–0.790) in the training and validation sets, respectively.","{""population"": ""5 The DCA curve of medical intervention in patients with the nomogram, SOFA, and SAPSII in the training et (a) and validation set (b) [OpenRouter vision/OCR extraction from page image] **Visual/OCR-derived Content from Ren_2022.pdf, Page 9:** **Figure 4: Calibration Curves** - **Panel a:** - **Metrics:** - DCA: 0.448 - R^2: 0.217 - C-index: 0.712 - Brier: 0.078 - Emax: 0.051 - Emean: 0.012 - Intercept: 0.003 - Slope: 0.999 - **Panel b:** - Similar metrics as panel a. **Figure 5: DCA Curve of Medical Intervention** - **Panel a:** - **Threshold Probability:** - None: Net benefit curve - All: Net benefit curve - SOFA: Net benefit curve - Nomogram: Net benefit curve - SAPSII: Net benefit curve -"", ""sample_size"": ""To amend incomplete data, the multiple imputation method was applied during the statistical analysis process. The statistically significant threshold was a twosided p value of < 0.05. TRIPOD (transparent reporting of a multivariate prediction model for individual prognosis According to sepsis 3.0 definition 7851 cases were enrolled 1948 cases with sepsis and lung infection were enrolled 1676 suitable cases entered the study 5903 cases without lung infection were excluded Exclude 87 cases admitted to the ICU more than once."", ""predictor"": ""Seo et al. [28]. constructed a clinical predictive model for the 28-day mortality of sepsis and septic shock patients, with approximately 62% of the sepsis patients in the sample having lung infections. The variables in the model were hypoalbuminemia, low base excess values, and respiratory rate, and the model exhibited effective discrimination and calibration. However, those authors did not validate their predictive model, and so we extracted the clinical data of patients with sepsis and lung infection from the MIMIC-III database, applied logistic regression to determine the risk factors of inhospital mortality, confirmed the prediction model and constructed a nomogram, and performed validi"", ""outcome"": ""The results of our study showed that in both the training and validation sets, interventions based on the nomogram could provide better prognoses than the SOFA score and SAPSII when the probability threshold was between 0.1 and 0.6. We adopt Hosmer–Lemeshow test and calibration plots to evaluate the calibration of the prediction model [14, 16], the results of both test demonstrated our model’s calibration ability is satisfied. Liver disease had the largest weighting factor in our model, indicating that it is the most significant predictor for the in-hospital mortality of patients with sepsis and lung infection."", ""method"": ""Seo et al. [28]. constructed a clinical predictive model for the 28-day mortality of sepsis and septic shock patients, with approximately 62% of the sepsis patients in the sample having lung infections. The variables in the model were hypoalbuminemia, low base excess values, and respiratory rate, and the model exhibited effective discrimination and calibration. However, those authors did not validate their predictive model, and so we extracted the clinical data of patients with sepsis and lung infection from the MIMIC-III database, applied logistic regression to determine the risk factors of inhospital mortality, confirmed the prediction model and constructed a nomogram, and performed validi"", ""effect_size"": ""The nomogram prediction model was constructed from the training set using logistic regression analysis, and was then internally validated and underwent sensitivity analysis. Results: The risk factors of age, lactate, temperature, oxygenation index, BUN, lactate, Glasgow Coma Score (GCS), liver disease, cancer, organ transplantation, Troponin T(TnT), neutrophil-to-lymphocyte ratio (NLR), and CRRT, MV, and vasopressor use were included in the nomogram. We compared our nomogram with the Sequential Organ Failure Assessment (SOFA) score and Simplified Acute Physiology Score II (SAPSII), the nomogram had better discrimination ability, with areas under the receiver operating characteristic curve (A"", ""performance"": ""However, those authors did not validate their predictive model, and so we extracted the clinical data of patients with sepsis and lung infection from the MIMIC-III database, applied logistic regression to determine the risk factors of inhospital mortality, confirmed the prediction model and constructed a nomogram, and performed validity and calibration evaluations of the clinical model. Some studies have demonstrated the benefits of the latest method of DCA and recommend its use [29, 30], DCA is a method to evaluate prediction models by calculating the clinical net benefit. The results of our study showed that in both the training and validation sets, interventions based on the nomogram coul""}",supported,All reported fields have lexical support in the source anchor.,"What predictors, biomarkers, severity scores, statistical methods, effect sizes, and model performance metrics are reported for mortality estimation in sepsis?",32.5
Ren_2022,ICU patients with sepsis and lung infection,1676,temperature,in-hospital mortality,Not reported,logistic regression,Not reported,Not reported,Temperature is included as a risk factor in the nomogram for predicting in-hospital mortality.,Ren_2022.pdf,5,Ren_2022:p5:c1,file:///Users/mikitabianko/dev/sandbox/SepsisAtlasHackathon/articles/Ren_2022.pdf#page=5,"The risk factors of age, lactate, temperature, oxygenation index, BUN, lactate, GCS score, liver disease, cancer, organ transplantation, Troponin T(TnT), neutrophil-to-lymphocyte ratio (NLR), and CRRT, MV, and vasopressor use were included in the nomogram.","{""population"": ""5 The DCA curve of medical intervention in patients with the nomogram, SOFA, and SAPSII in the training et (a) and validation set (b) [OpenRouter vision/OCR extraction from page image] **Visual/OCR-derived Content from Ren_2022.pdf, Page 9:** **Figure 4: Calibration Curves** - **Panel a:** - **Metrics:** - DCA: 0.448 - R^2: 0.217 - C-index: 0.712 - Brier: 0.078 - Emax: 0.051 - Emean: 0.012 - Intercept: 0.003 - Slope: 0.999 - **Panel b:** - Similar metrics as panel a. **Figure 5: DCA Curve of Medical Intervention** - **Panel a:** - **Threshold Probability:** - None: Net benefit curve - All: Net benefit curve - SOFA: Net benefit curve - Nomogram: Net benefit curve - SAPSII: Net benefit curve -"", ""sample_size"": ""To amend incomplete data, the multiple imputation method was applied during the statistical analysis process. The statistically significant threshold was a twosided p value of < 0.05. TRIPOD (transparent reporting of a multivariate prediction model for individual prognosis According to sepsis 3.0 definition 7851 cases were enrolled 1948 cases with sepsis and lung infection were enrolled 1676 suitable cases entered the study 5903 cases without lung infection were excluded Exclude 87 cases admitted to the ICU more than once."", ""predictor"": ""The definition of Sepsis 3.0 [10] was used, which includes patients with life-threatening organ dysfunction caused by an uncontrolled host response to infection, and SOFA score ≥ 2. The nomogram prediction model was constructed from the training set using logistic regression analysis, and was then internally validated and underwent sensitivity analysis. Results: The risk factors of age, lactate, temperature, oxygenation index, BUN, lactate, Glasgow Coma Score (GCS), liver disease, cancer, organ transplantation, Troponin T(TnT), neutrophil-to-lymphocyte ratio (NLR), and CRRT, MV, and vasopressor use were included in the nomogram."", ""outcome"": ""The results of our study showed that in both the training and validation sets, interventions based on the nomogram could provide better prognoses than the SOFA score and SAPSII when the probability threshold was between 0.1 and 0.6. We adopt Hosmer–Lemeshow test and calibration plots to evaluate the calibration of the prediction model [14, 16], the results of both test demonstrated our model’s calibration ability is satisfied. Liver disease had the largest weighting factor in our model, indicating that it is the most significant predictor for the in-hospital mortality of patients with sepsis and lung infection."", ""method"": ""Seo et al. [28]. constructed a clinical predictive model for the 28-day mortality of sepsis and septic shock patients, with approximately 62% of the sepsis patients in the sample having lung infections. The variables in the model were hypoalbuminemia, low base excess values, and respiratory rate, and the model exhibited effective discrimination and calibration. However, those authors did not validate their predictive model, and so we extracted the clinical data of patients with sepsis and lung infection from the MIMIC-III database, applied logistic regression to determine the risk factors of inhospital mortality, confirmed the prediction model and constructed a nomogram, and performed validi""}",supported,All reported fields have lexical support in the source anchor.,"What predictors, biomarkers, severity scores, statistical methods, effect sizes, and model performance metrics are reported for mortality estimation in sepsis?",32.5
Roh_2019,Patients with sepsis and septic shock,446,BMI ≤18.5 kg/m2,180-day mortality,At ICU admission,Multivariate analysis,+1 point,"AUC 0.713 (95% CI, 0.668–0.756; P<.001)",Significant prognostic indicator for mortality,Roh_2019.pdf,3,Roh_2019:p3:c1,file:///Users/mikitabianko/dev/sandbox/SepsisAtlasHackathon/articles/Roh_2019.pdf#page=3,"In the multivariate analyses, 4 factors (age ≥65 years, BMI 18.5kg/m2, hemato-oncologic diseases as comorbidities, and ventilator care during ICU stay) were significant prognostic indicators on 180- and 365-day mortality, respectively.","{""population"": ""In further analysis, we could not ﬁnd any signiﬁcant association between the 3-hour bundle and long-term prognoses (180- and 365-day mortality, data not shown). 4. Discussion The present study identiﬁed 4 factors (older age, being underweight, hemato-oncologic diseases as comorbidities, and ventilator care during ICU stay) as prognostic of 6-month and 1year mortality rates in patients with sepsis and septic shock."", ""sample_size"": ""3.4. Impact of surviving sepsis campaign bundle on longterm prognoses Because the sepsis bundle was central to implementation of SSC guideline,[1,23,24] we investigated whether the sepsis bundle would be an important long-term prognostic factor in our patient Table 1 Baseline characteristics and outcomes of all enrolled patients. Variables N=446 Age, y 71 (18–95) Male 271 (60.8) Body mass index, kg/m2 22.1 (11.5–42.6) Comorbidities Diabetes mellitus 154 (34.5) Chronic heart diseases (ischemic heart diseases, arrhythmia, valvular heart diseases) 112 (25.1) Neurologic diseases (cerebrovascular diseases, neuromuscular diseases) 94 (21.1) Hemato-oncologic diseases 75 (16.8) Chronic lung diseases"", ""predictor"": ""Variables N=446 Age, y 71 (18–95) Male 271 (60.8) Body mass index, kg/m2 22.1 (11.5–42.6) Comorbidities Diabetes mellitus 154 (34.5) Chronic heart diseases (ischemic heart diseases, arrhythmia, valvular heart diseases) 112 (25.1) Neurologic diseases (cerebrovascular diseases, neuromuscular diseases) 94 (21.1) Hemato-oncologic diseases 75 (16.8) Chronic lung diseases 61 (13.7) Chronic kidney diseases 43 (9.6) Chronic liver diseases 36 (8.1) Alimentary diseases 19 (4.3) Biliary diseases 16 (3.6) Source of infection Respiratory 253 (56.7) Intra-abdominal 71 (15.9) Urinary tract 51 (11.4) Musculoskeletal 27 (6.1) Infective endocarditis 10 (2.2) Neutropenic 6 (1.3) Neurologic (brain abscess, meni"", ""outcome"": ""ore for each of these models for predicting mortality based on the maximum Youden index was ≥1, with the 180-day model having a sensitivity of 73% and a speciﬁcity of 63% and the 365-day model having a sensitivity of 75% and a speciﬁcity of 59%. 3.3."", ""timing"": ""ore for each of these models for predicting mortality based on the maximum Youden index was ≥1, with the 180-day model having a sensitivity of 73% and a speciﬁcity of 63% and the 365-day model having a sensitivity of 75% and a speciﬁcity of 59%. 3.3. Comparison with severity of illness scores When comparing the AUCs of both the 180-day and 365-day models with 2 severity of illness scores (APACHE II and SOFA scores obtained on the day of ICU admission), we found that the AUCs of the 180- and 365-day models did not differ signiﬁcantly from the AUCs of the APACHE II scores (Fig."", ""method"": ""Long-term prognosis scores for the 180- and 365-day models were calculated by assigning points to variables according to their b coefﬁcients. The 180- and 365-day mortality rates were 40.6% and 47.8%, respectively. Multivariate analysis identiﬁed the following factors for inclusion in the 180- and 365-day models: age ≥65 years, body mass index \u000118.5kg/m2, hemato-oncologic diseases as comorbidities, and ventilator care."", ""effect_size"": ""Long-term prognoses at 180 and 365 days Table 3 shows the results of univariate and multivariate analyses of risk factors predicting 180- and 365-day mortality. In the multivariate analyses, 4 factors (age ≥65 years, BMI \u000118.5kg/ m2, hemato-oncologic diseases as comorbidities, and ventilator care during ICU stay) were signiﬁcant prognostic indicators on 180- and 365-day mortality, respectively. Based on the b coefﬁcients observed in multivariate analyses, 4 factors were associated with mortality at both time points (Table 2): age ≥65 years (+ 1 point); BMI \u000118.5kg/m2 (+1 point); hemato-oncologic diseases as comorbidities (+1 point); and ventilator care during ICU stay (+1 point)."", ""performance"": ""2A and B, respectively. The 180-day survival rates among patients with scores of 0 to ≥3 were 83.8%, 70.8%, 42.3%, and 25.0%, respectively, and the 365-day survival rates among patients with scores of 0 to ≥3 were 72.1%, 64.6%, 36.2%, and 15.9%, respectively (P<.001 for all; log-rank test). The AUCs of the 180day and 365-day models were 0.713 (95% CI, 0.668–0.756; P<.001) and 0.697 (95% CI, 0.650–0.740; P<.001), respectively.""}",supported,All reported fields have lexical support in the source anchor.,"What predictors, biomarkers, severity scores, statistical methods, effect sizes, and model performance metrics are reported for mortality estimation in sepsis?",31.0
Roh_2019,Patients with sepsis and septic shock,446,Hemato-oncologic diseases as comorbidities,180-day mortality,At ICU admission,Multivariate analysis,+1 point,"AUC 0.713 (95% CI, 0.668–0.756; P<.001)",Significant prognostic indicator for mortality,Roh_2019.pdf,3,Roh_2019:p3:c1,file:///Users/mikitabianko/dev/sandbox/SepsisAtlasHackathon/articles/Roh_2019.pdf#page=3,"In the multivariate analyses, 4 factors (age ≥65 years, BMI 18.5kg/m2, hemato-oncologic diseases as comorbidities, and ventilator care during ICU stay) were significant prognostic indicators on 180- and 365-day mortality, respectively.","{""population"": ""In further analysis, we could not ﬁnd any signiﬁcant association between the 3-hour bundle and long-term prognoses (180- and 365-day mortality, data not shown). 4. Discussion The present study identiﬁed 4 factors (older age, being underweight, hemato-oncologic diseases as comorbidities, and ventilator care during ICU stay) as prognostic of 6-month and 1year mortality rates in patients with sepsis and septic shock."", ""sample_size"": ""3.4. Impact of surviving sepsis campaign bundle on longterm prognoses Because the sepsis bundle was central to implementation of SSC guideline,[1,23,24] we investigated whether the sepsis bundle would be an important long-term prognostic factor in our patient Table 1 Baseline characteristics and outcomes of all enrolled patients. Variables N=446 Age, y 71 (18–95) Male 271 (60.8) Body mass index, kg/m2 22.1 (11.5–42.6) Comorbidities Diabetes mellitus 154 (34.5) Chronic heart diseases (ischemic heart diseases, arrhythmia, valvular heart diseases) 112 (25.1) Neurologic diseases (cerebrovascular diseases, neuromuscular diseases) 94 (21.1) Hemato-oncologic diseases 75 (16.8) Chronic lung diseases"", ""predictor"": ""Variables N=446 Age, y 71 (18–95) Male 271 (60.8) Body mass index, kg/m2 22.1 (11.5–42.6) Comorbidities Diabetes mellitus 154 (34.5) Chronic heart diseases (ischemic heart diseases, arrhythmia, valvular heart diseases) 112 (25.1) Neurologic diseases (cerebrovascular diseases, neuromuscular diseases) 94 (21.1) Hemato-oncologic diseases 75 (16.8) Chronic lung diseases 61 (13.7) Chronic kidney diseases 43 (9.6) Chronic liver diseases 36 (8.1) Alimentary diseases 19 (4.3) Biliary diseases 16 (3.6) Source of infection Respiratory 253 (56.7) Intra-abdominal 71 (15.9) Urinary tract 51 (11.4) Musculoskeletal 27 (6.1) Infective endocarditis 10 (2.2) Neutropenic 6 (1.3) Neurologic (brain abscess, meni"", ""outcome"": ""ore for each of these models for predicting mortality based on the maximum Youden index was ≥1, with the 180-day model having a sensitivity of 73% and a speciﬁcity of 63% and the 365-day model having a sensitivity of 75% and a speciﬁcity of 59%. 3.3."", ""timing"": ""ore for each of these models for predicting mortality based on the maximum Youden index was ≥1, with the 180-day model having a sensitivity of 73% and a speciﬁcity of 63% and the 365-day model having a sensitivity of 75% and a speciﬁcity of 59%. 3.3. Comparison with severity of illness scores When comparing the AUCs of both the 180-day and 365-day models with 2 severity of illness scores (APACHE II and SOFA scores obtained on the day of ICU admission), we found that the AUCs of the 180- and 365-day models did not differ signiﬁcantly from the AUCs of the APACHE II scores (Fig."", ""method"": ""Long-term prognosis scores for the 180- and 365-day models were calculated by assigning points to variables according to their b coefﬁcients. The 180- and 365-day mortality rates were 40.6% and 47.8%, respectively. Multivariate analysis identiﬁed the following factors for inclusion in the 180- and 365-day models: age ≥65 years, body mass index \u000118.5kg/m2, hemato-oncologic diseases as comorbidities, and ventilator care."", ""effect_size"": ""Long-term prognoses at 180 and 365 days Table 3 shows the results of univariate and multivariate analyses of risk factors predicting 180- and 365-day mortality. In the multivariate analyses, 4 factors (age ≥65 years, BMI \u000118.5kg/ m2, hemato-oncologic diseases as comorbidities, and ventilator care during ICU stay) were signiﬁcant prognostic indicators on 180- and 365-day mortality, respectively. Based on the b coefﬁcients observed in multivariate analyses, 4 factors were associated with mortality at both time points (Table 2): age ≥65 years (+ 1 point); BMI \u000118.5kg/m2 (+1 point); hemato-oncologic diseases as comorbidities (+1 point); and ventilator care during ICU stay (+1 point)."", ""performance"": ""2A and B, respectively. The 180-day survival rates among patients with scores of 0 to ≥3 were 83.8%, 70.8%, 42.3%, and 25.0%, respectively, and the 365-day survival rates among patients with scores of 0 to ≥3 were 72.1%, 64.6%, 36.2%, and 15.9%, respectively (P<.001 for all; log-rank test). The AUCs of the 180day and 365-day models were 0.713 (95% CI, 0.668–0.756; P<.001) and 0.697 (95% CI, 0.650–0.740; P<.001), respectively.""}",supported,All reported fields have lexical support in the source anchor.,"What predictors, biomarkers, severity scores, statistical methods, effect sizes, and model performance metrics are reported for mortality estimation in sepsis?",31.0
Schlapbach_2018,children < 18 years with suspected infection admitted to ICUs,2594,PELOD-2,ICU mortality,first 24 h of ICU admission,AUROC analysis,crude mortality increase from 1.7 to 7.3%,AUROC 0.816; 0.777–0.854,PELOD-2 had significantly greater prognostic accuracy for in-hospital mortality.,Schlapbach_2018.pdf,1,Schlapbach_2018:p1:c1,file:///Users/mikitabianko/dev/sandbox/SepsisAtlasHackathon/articles/Schlapbach_2018.pdf#page=1,PELOD-2 had significantly greater prognostic accuracy for in-hospital mortality.,"{""population"": ""However, the clinical criteria for this definition were neither designed for nor validated in children. We validated the performance of SIRS, age-adapted SOFA, quick SOFA and PELOD-2 scores as predictors of outcome in children. Methods: We performed a multicentre binational cohort study of patients < 18 years admitted with infection to ICUs in Australia and New Zealand."", ""sample_size"": ""The primary outcome was ICU mortality. SIRS, age-adapted SOFA, quick SOFA and PELOD-2 scores were compared using crude and adjusted area under the receiver operating characteristic curve (AUROC) analysis. Results: Of 2594 paediatric ICU admissions due to infection, 151 (5.8%) children died, and 949/2594 (36.6%) patients died or experienced an ICU length of stay ≥ 3 days."", ""predictor"": ""186 the same database [8]. Leclerc and colleagues assessed PELOD-2 in 862 children with infection recruited in the original PELOD cohort and reported a high in-sample performance [23]."", ""outcome"": ""We validated the performance of SIRS, age-adapted SOFA, quick SOFA and PELOD-2 scores as predictors of outcome in children. Methods: We performed a multicentre binational cohort study of patients < 18 years admitted with infection to ICUs in Australia and New Zealand. The primary outcome was ICU mortality."", ""timing"": ""Due to the high centralization of PICU services in Australia and New Zealand, it is common for critically ill children outside large metropolitan areas to be admitted to mixed ICUs. In the present study, 149 (5.8%) children required secondary interhospital transfer to a PICU, all of which were tracked to capture the primary and secondary outcome. Second, capturing the worst parameters within the first 24 h of ICU admission may not capture peak disease severity, resulting in lower performance of the scores [26]."", ""method"": ""Methods: We performed a multicentre binational cohort study of patients < 18 years admitted with infection to ICUs in Australia and New Zealand. The primary outcome was ICU mortality. SIRS, age-adapted SOFA, quick SOFA and PELOD-2 scores were compared using crude and adjusted area under the receiver operating characteristic curve (AUROC) analysis."", ""effect_size"": ""SIRS, age-adapted SOFA, quick SOFA and PELOD-2 scores were compared using crude and adjusted area under the receiver operating characteristic curve (AUROC) analysis. Results: Of 2594 paediatric ICU admissions due to infection, 151 (5.8%) children died, and 949/2594 (36.6%) patients died or experienced an ICU length of stay ≥ 3 days. A ≥ 2-point increase in the individual score was associated with a crude mortality increase from 3.1 to 6.8% for SIRS, from 1.9 to 7.6% for age-adapted SOFA, from 1.7 to 7.3% for PELOD-2, and from 3.9 to 8.1% for qSOFA (p < 0.001)."", ""performance"": ""Results: Of 2594 paediatric ICU admissions due to infection, 151 (5.8%) children died, and 949/2594 (36.6%) patients died or experienced an ICU length of stay ≥ 3 days. A ≥ 2-point increase in the individual score was associated with a crude mortality increase from 3.1 to 6.8% for SIRS, from 1.9 to 7.6% for age-adapted SOFA, from 1.7 to 7.3% for PELOD-2, and from 3.9 to 8.1% for qSOFA (p < 0.001). The discrimination of outcomes was significantly higher for SOFA (adjusted AUROC 0.829; 0.791–0.868) and PELOD-2 (0.816; 0.777–0.854) than for qSOFA (0.739; 0.695–0.784) and SIRS (0.710; 0.664–0.756).""}",supported,All reported fields have lexical support in the source anchor.,"What predictors, biomarkers, severity scores, statistical methods, effect sizes, and model performance metrics are reported for mortality estimation in sepsis?",32.25
Schlapbach_2018,children < 18 years with suspected infection admitted to ICUs,2594,SIRS,ICU mortality,first 24 h of ICU admission,AUROC analysis,crude mortality increase from 3.1 to 6.8%,AUROC 0.710; 0.664–0.756,SIRS criteria lack specificity to identify children with infection at substantially higher risk of mortality.,Schlapbach_2018.pdf,1,Schlapbach_2018:p1:c1,file:///Users/mikitabianko/dev/sandbox/SepsisAtlasHackathon/articles/Schlapbach_2018.pdf#page=1,SIRS criteria lack specificity to identify children with infection at substantially higher risk of mortality.,"{""population"": ""However, the clinical criteria for this definition were neither designed for nor validated in children. We validated the performance of SIRS, age-adapted SOFA, quick SOFA and PELOD-2 scores as predictors of outcome in children. Methods: We performed a multicentre binational cohort study of patients < 18 years admitted with infection to ICUs in Australia and New Zealand."", ""sample_size"": ""The primary outcome was ICU mortality. SIRS, age-adapted SOFA, quick SOFA and PELOD-2 scores were compared using crude and adjusted area under the receiver operating characteristic curve (AUROC) analysis. Results: Of 2594 paediatric ICU admissions due to infection, 151 (5.8%) children died, and 949/2594 (36.6%) patients died or experienced an ICU length of stay ≥ 3 days."", ""predictor"": ""Leclerc and colleagues assessed PELOD-2 in 862 children with infection recruited in the original PELOD cohort and reported a high in-sample performance [23]. Our findings are further supported by a recent single centre PICU study including patients up to 21 years which tested a paediatric SOFA adaptation [26] based on the same PELOD-2 cut-offs for arterial hypotension and renal dysfunction but applying a more granular score increase, resulting in excellent performance. In contrast to the paper by Matics et al. [26] which did not report on SIRS or severe sepsis, we analyzed multicentre data of patients < 18 years, using mortality as the primary and mortality and/or PICU length of stay ≥ 3 day"", ""outcome"": ""We validated the performance of SIRS, age-adapted SOFA, quick SOFA and PELOD-2 scores as predictors of outcome in children. Methods: We performed a multicentre binational cohort study of patients < 18 years admitted with infection to ICUs in Australia and New Zealand. The primary outcome was ICU mortality."", ""timing"": ""Due to the high centralization of PICU services in Australia and New Zealand, it is common for critically ill children outside large metropolitan areas to be admitted to mixed ICUs. In the present study, 149 (5.8%) children required secondary interhospital transfer to a PICU, all of which were tracked to capture the primary and secondary outcome. Second, capturing the worst parameters within the first 24 h of ICU admission may not capture peak disease severity, resulting in lower performance of the scores [26]."", ""method"": ""Methods: We performed a multicentre binational cohort study of patients < 18 years admitted with infection to ICUs in Australia and New Zealand. The primary outcome was ICU mortality. SIRS, age-adapted SOFA, quick SOFA and PELOD-2 scores were compared using crude and adjusted area under the receiver operating characteristic curve (AUROC) analysis."", ""effect_size"": ""SIRS, age-adapted SOFA, quick SOFA and PELOD-2 scores were compared using crude and adjusted area under the receiver operating characteristic curve (AUROC) analysis. Results: Of 2594 paediatric ICU admissions due to infection, 151 (5.8%) children died, and 949/2594 (36.6%) patients died or experienced an ICU length of stay ≥ 3 days. A ≥ 2-point increase in the individual score was associated with a crude mortality increase from 3.1 to 6.8% for SIRS, from 1.9 to 7.6% for age-adapted SOFA, from 1.7 to 7.3% for PELOD-2, and from 3.9 to 8.1% for qSOFA (p < 0.001)."", ""performance"": ""Results: Of 2594 paediatric ICU admissions due to infection, 151 (5.8%) children died, and 949/2594 (36.6%) patients died or experienced an ICU length of stay ≥ 3 days. A ≥ 2-point increase in the individual score was associated with a crude mortality increase from 3.1 to 6.8% for SIRS, from 1.9 to 7.6% for age-adapted SOFA, from 1.7 to 7.3% for PELOD-2, and from 3.9 to 8.1% for qSOFA (p < 0.001). The discrimination of outcomes was significantly higher for SOFA (adjusted AUROC 0.829; 0.791–0.868) and PELOD-2 (0.816; 0.777–0.854) than for qSOFA (0.739; 0.695–0.784) and SIRS (0.710; 0.664–0.756).""}",supported,All reported fields have lexical support in the source anchor.,"What predictors, biomarkers, severity scores, statistical methods, effect sizes, and model performance metrics are reported for mortality estimation in sepsis?",32.25
Schlapbach_2018,children < 18 years with suspected infection admitted to ICUs,2594,age-adapted SOFA,ICU mortality,first 24 h of ICU admission,AUROC analysis,crude mortality increase from 1.9 to 7.6%,AUROC 0.829; 0.791–0.868,Adapting Sepsis-3 to age-specific criteria performs better than Sepsis-2-based criteria.,Schlapbach_2018.pdf,1,Schlapbach_2018:p1:c1,file:///Users/mikitabianko/dev/sandbox/SepsisAtlasHackathon/articles/Schlapbach_2018.pdf#page=1,Adapting Sepsis-3 to age-specific criteria performs better than Sepsis-2-based criteria.,"{""population"": ""However, the clinical criteria for this definition were neither designed for nor validated in children. We validated the performance of SIRS, age-adapted SOFA, quick SOFA and PELOD-2 scores as predictors of outcome in children. Methods: We performed a multicentre binational cohort study of patients < 18 years admitted with infection to ICUs in Australia and New Zealand."", ""sample_size"": ""The primary outcome was ICU mortality. SIRS, age-adapted SOFA, quick SOFA and PELOD-2 scores were compared using crude and adjusted area under the receiver operating characteristic curve (AUROC) analysis. Results: Of 2594 paediatric ICU admissions due to infection, 151 (5.8%) children died, and 949/2594 (36.6%) patients died or experienced an ICU length of stay ≥ 3 days."", ""predictor"": ""This article is an open access publication Abstract Purpose: The Sepsis-3 consensus task force defined sepsis as life-threatening organ dysfunction caused by dysregulated host response to infection. However, the clinical criteria for this definition were neither designed for nor validated in children. We validated the performance of SIRS, age-adapted SOFA, quick SOFA and PELOD-2 scores as predictors of outcome in children."", ""outcome"": ""We validated the performance of SIRS, age-adapted SOFA, quick SOFA and PELOD-2 scores as predictors of outcome in children. Methods: We performed a multicentre binational cohort study of patients < 18 years admitted with infection to ICUs in Australia and New Zealand. The primary outcome was ICU mortality."", ""timing"": ""Due to the high centralization of PICU services in Australia and New Zealand, it is common for critically ill children outside large metropolitan areas to be admitted to mixed ICUs. In the present study, 149 (5.8%) children required secondary interhospital transfer to a PICU, all of which were tracked to capture the primary and secondary outcome. Second, capturing the worst parameters within the first 24 h of ICU admission may not capture peak disease severity, resulting in lower performance of the scores [26]."", ""method"": ""Methods: We performed a multicentre binational cohort study of patients < 18 years admitted with infection to ICUs in Australia and New Zealand. The primary outcome was ICU mortality. SIRS, age-adapted SOFA, quick SOFA and PELOD-2 scores were compared using crude and adjusted area under the receiver operating characteristic curve (AUROC) analysis."", ""effect_size"": ""SIRS, age-adapted SOFA, quick SOFA and PELOD-2 scores were compared using crude and adjusted area under the receiver operating characteristic curve (AUROC) analysis. Results: Of 2594 paediatric ICU admissions due to infection, 151 (5.8%) children died, and 949/2594 (36.6%) patients died or experienced an ICU length of stay ≥ 3 days. A ≥ 2-point increase in the individual score was associated with a crude mortality increase from 3.1 to 6.8% for SIRS, from 1.9 to 7.6% for age-adapted SOFA, from 1.7 to 7.3% for PELOD-2, and from 3.9 to 8.1% for qSOFA (p < 0.001)."", ""performance"": ""Results: Of 2594 paediatric ICU admissions due to infection, 151 (5.8%) children died, and 949/2594 (36.6%) patients died or experienced an ICU length of stay ≥ 3 days. A ≥ 2-point increase in the individual score was associated with a crude mortality increase from 3.1 to 6.8% for SIRS, from 1.9 to 7.6% for age-adapted SOFA, from 1.7 to 7.3% for PELOD-2, and from 3.9 to 8.1% for qSOFA (p < 0.001). The discrimination of outcomes was significantly higher for SOFA (adjusted AUROC 0.829; 0.791–0.868) and PELOD-2 (0.816; 0.777–0.854) than for qSOFA (0.739; 0.695–0.784) and SIRS (0.710; 0.664–0.756).""}",supported,All reported fields have lexical support in the source anchor.,"What predictors, biomarkers, severity scores, statistical methods, effect sizes, and model performance metrics are reported for mortality estimation in sepsis?",32.25
Seymour_2016,ICU encounters with suspected infection,7932,LODS,in-hospital mortality,Not reported,AUROC,"0.75 (95% CI, 0.73-0.76)",Not reported,Predictive validity for in-hospital mortality was not significantly different than SOFA.,Seymour_2016.pdf,1,p1:c2,file:///Users/mikitabianko/dev/sandbox/SepsisAtlasHackathon/articles/Seymour_2016.pdf#page=1,the predictive validity for in-hospital mortality of SOFA was not significantly different than the more complex LODS,"{""population"": ""Relative to qSOFA scores lower than 2, encounters with qSOFA scores of 2 or higher had a 3- to 14-fold increase in hospital mortality across baseline risk deciles. Findings were similar in external data sets and for the secondary outcome. CONCLUSIONS AND RELEVANCE Among ICU encounters with suspected infection, the predictive validity for in-hospital mortality of SOFA was not significantly different than the more complex LODS but was statistically greater than SIRS and qSOFA, supporting its use in clinical criteria for sepsis."", ""sample_size"": ""Results were expressed as the fold change in outcome over deciles of baseline risk of death and area under the receiver operating characteristic curve (AUROC). RESULTS In the primary cohort, 148 907 encounters had suspected infection (n = 74 453 derivation; n = 74 454 validation), of whom 6347 (4%) died. Among ICU encounters in the validation cohort (n = 7932 with suspected infection, of whom 1289 [16%] died), the predictive validity for in-hospital mortality was lower for SIRS (AUROC = 0.64; 95% CI, 0.62-0.66) and qSOFA (AUROC = 0.66; 95% CI, 0.64-0.68) vs SOFA (AUROC = 0.74; 95% CI, 0.73-0.76; P < .001 for both) or LODS (AUROC = 0.75; 95% CI, 0.73-0.76; P < .001 for both)."", ""predictor"": ""Results were expressed as the fold change in outcome over deciles of baseline risk of death and area under the receiver operating characteristic curve (AUROC). RESULTS In the primary cohort, 148 907 encounters had suspected infection (n = 74 453 derivation; n = 74 454 validation), of whom 6347 (4%) died. Among ICU encounters in the validation cohort (n = 7932 with suspected infection, of whom 1289 [16%] died), the predictive validity for in-hospital mortality was lower for SIRS (AUROC = 0.64; 95% CI, 0.62-0.66) and qSOFA (AUROC = 0.66; 95% CI, 0.64-0.68) vs SOFA (AUROC = 0.74; 95% CI, 0.73-0.76; P < .001 for both) or LODS (AUROC = 0.75; 95% CI, 0.73-0.76; P < .001 for both)."", ""outcome"": ""Results were expressed as the fold change in outcome over deciles of baseline risk of death and area under the receiver operating characteristic curve (AUROC). RESULTS In the primary cohort, 148 907 encounters had suspected infection (n = 74 453 derivation; n = 74 454 validation), of whom 6347 (4%) died. Among ICU encounters in the validation cohort (n = 7932 with suspected infection, of whom 1289 [16%] died), the predictive validity for in-hospital mortality was lower for SIRS (AUROC = 0.64; 95% CI, 0.62-0.66) and qSOFA (AUROC = 0.66; 95% CI, 0.64-0.68) vs SOFA (AUROC = 0.74; 95% CI, 0.73-0.76; P < .001 for both) or LODS (AUROC = 0.75; 95% CI, 0.73-0.76; P < .001 for both)."", ""method"": ""length of stay \u00033 days) more common in sepsis than uncomplicated infection was determined. Results were expressed as the fold change in outcome over deciles of baseline risk of death and area under the receiver operating characteristic curve (AUROC)."", ""effect_size"": ""Results were expressed as the fold change in outcome over deciles of baseline risk of death and area under the receiver operating characteristic curve (AUROC). RESULTS In the primary cohort, 148 907 encounters had suspected infection (n = 74 453 derivation; n = 74 454 validation), of whom 6347 (4%) died. Among ICU encounters in the validation cohort (n = 7932 with suspected infection, of whom 1289 [16%] died), the predictive validity for in-hospital mortality was lower for SIRS (AUROC = 0.64; 95% CI, 0.62-0.66) and qSOFA (AUROC = 0.66; 95% CI, 0.64-0.68) vs SOFA (AUROC = 0.74; 95% CI, 0.73-0.76; P < .001 for both) or LODS (AUROC = 0.75; 95% CI, 0.73-0.76; P < .001 for both).""}",supported,All reported fields have lexical support in the source anchor.,"What predictors, biomarkers, severity scores, statistical methods, effect sizes, and model performance metrics are reported for mortality estimation in sepsis?",29.0
Seymour_2016,ICU encounters with suspected infection,7932,SIRS,in-hospital mortality,Not reported,AUROC,"0.64 (95% CI, 0.62-0.66)",Not reported,Predictive validity for in-hospital mortality was lower compared to SOFA and LODS.,Seymour_2016.pdf,1,p1:c2,file:///Users/mikitabianko/dev/sandbox/SepsisAtlasHackathon/articles/Seymour_2016.pdf#page=1,"the predictive validity for in-hospital mortality was lower for SIRS (AUROC = 0.64; 95% CI, 0.62-0.66)","{""population"": ""Relative to qSOFA scores lower than 2, encounters with qSOFA scores of 2 or higher had a 3- to 14-fold increase in hospital mortality across baseline risk deciles. Findings were similar in external data sets and for the secondary outcome. CONCLUSIONS AND RELEVANCE Among ICU encounters with suspected infection, the predictive validity for in-hospital mortality of SOFA was not significantly different than the more complex LODS but was statistically greater than SIRS and qSOFA, supporting its use in clinical criteria for sepsis."", ""sample_size"": ""Results were expressed as the fold change in outcome over deciles of baseline risk of death and area under the receiver operating characteristic curve (AUROC). RESULTS In the primary cohort, 148 907 encounters had suspected infection (n = 74 453 derivation; n = 74 454 validation), of whom 6347 (4%) died. Among ICU encounters in the validation cohort (n = 7932 with suspected infection, of whom 1289 [16%] died), the predictive validity for in-hospital mortality was lower for SIRS (AUROC = 0.64; 95% CI, 0.62-0.66) and qSOFA (AUROC = 0.66; 95% CI, 0.64-0.68) vs SOFA (AUROC = 0.74; 95% CI, 0.73-0.76; P < .001 for both) or LODS (AUROC = 0.75; 95% CI, 0.73-0.76; P < .001 for both)."", ""predictor"": ""Results were expressed as the fold change in outcome over deciles of baseline risk of death and area under the receiver operating characteristic curve (AUROC). RESULTS In the primary cohort, 148 907 encounters had suspected infection (n = 74 453 derivation; n = 74 454 validation), of whom 6347 (4%) died. Among ICU encounters in the validation cohort (n = 7932 with suspected infection, of whom 1289 [16%] died), the predictive validity for in-hospital mortality was lower for SIRS (AUROC = 0.64; 95% CI, 0.62-0.66) and qSOFA (AUROC = 0.66; 95% CI, 0.64-0.68) vs SOFA (AUROC = 0.74; 95% CI, 0.73-0.76; P < .001 for both) or LODS (AUROC = 0.75; 95% CI, 0.73-0.76; P < .001 for both)."", ""outcome"": ""Results were expressed as the fold change in outcome over deciles of baseline risk of death and area under the receiver operating characteristic curve (AUROC). RESULTS In the primary cohort, 148 907 encounters had suspected infection (n = 74 453 derivation; n = 74 454 validation), of whom 6347 (4%) died. Among ICU encounters in the validation cohort (n = 7932 with suspected infection, of whom 1289 [16%] died), the predictive validity for in-hospital mortality was lower for SIRS (AUROC = 0.64; 95% CI, 0.62-0.66) and qSOFA (AUROC = 0.66; 95% CI, 0.64-0.68) vs SOFA (AUROC = 0.74; 95% CI, 0.73-0.76; P < .001 for both) or LODS (AUROC = 0.75; 95% CI, 0.73-0.76; P < .001 for both)."", ""method"": ""length of stay \u00033 days) more common in sepsis than uncomplicated infection was determined. Results were expressed as the fold change in outcome over deciles of baseline risk of death and area under the receiver operating characteristic curve (AUROC)."", ""effect_size"": ""Results were expressed as the fold change in outcome over deciles of baseline risk of death and area under the receiver operating characteristic curve (AUROC). RESULTS In the primary cohort, 148 907 encounters had suspected infection (n = 74 453 derivation; n = 74 454 validation), of whom 6347 (4%) died. Among ICU encounters in the validation cohort (n = 7932 with suspected infection, of whom 1289 [16%] died), the predictive validity for in-hospital mortality was lower for SIRS (AUROC = 0.64; 95% CI, 0.62-0.66) and qSOFA (AUROC = 0.66; 95% CI, 0.64-0.68) vs SOFA (AUROC = 0.74; 95% CI, 0.73-0.76; P < .001 for both) or LODS (AUROC = 0.75; 95% CI, 0.73-0.76; P < .001 for both).""}",supported,All reported fields have lexical support in the source anchor.,"What predictors, biomarkers, severity scores, statistical methods, effect sizes, and model performance metrics are reported for mortality estimation in sepsis?",29.0
Seymour_2016,ICU encounters with suspected infection,7932,SOFA,in-hospital mortality,Not reported,AUROC,"0.74 (95% CI, 0.73-0.76)",Not reported,Predictive validity for in-hospital mortality was statistically greater than SIRS and qSOFA.,Seymour_2016.pdf,1,p1:c2,file:///Users/mikitabianko/dev/sandbox/SepsisAtlasHackathon/articles/Seymour_2016.pdf#page=1,the predictive validity for in-hospital mortality of SOFA was not significantly different than the more complex LODS but was statistically greater than SIRS and qSOFA,"{""population"": ""Relative to qSOFA scores lower than 2, encounters with qSOFA scores of 2 or higher had a 3- to 14-fold increase in hospital mortality across baseline risk deciles. Findings were similar in external data sets and for the secondary outcome. CONCLUSIONS AND RELEVANCE Among ICU encounters with suspected infection, the predictive validity for in-hospital mortality of SOFA was not significantly different than the more complex LODS but was statistically greater than SIRS and qSOFA, supporting its use in clinical criteria for sepsis."", ""sample_size"": ""Results were expressed as the fold change in outcome over deciles of baseline risk of death and area under the receiver operating characteristic curve (AUROC). RESULTS In the primary cohort, 148 907 encounters had suspected infection (n = 74 453 derivation; n = 74 454 validation), of whom 6347 (4%) died. Among ICU encounters in the validation cohort (n = 7932 with suspected infection, of whom 1289 [16%] died), the predictive validity for in-hospital mortality was lower for SIRS (AUROC = 0.64; 95% CI, 0.62-0.66) and qSOFA (AUROC = 0.66; 95% CI, 0.64-0.68) vs SOFA (AUROC = 0.74; 95% CI, 0.73-0.76; P < .001 for both) or LODS (AUROC = 0.75; 95% CI, 0.73-0.76; P < .001 for both)."", ""predictor"": ""Results were expressed as the fold change in outcome over deciles of baseline risk of death and area under the receiver operating characteristic curve (AUROC). RESULTS In the primary cohort, 148 907 encounters had suspected infection (n = 74 453 derivation; n = 74 454 validation), of whom 6347 (4%) died. Among ICU encounters in the validation cohort (n = 7932 with suspected infection, of whom 1289 [16%] died), the predictive validity for in-hospital mortality was lower for SIRS (AUROC = 0.64; 95% CI, 0.62-0.66) and qSOFA (AUROC = 0.66; 95% CI, 0.64-0.68) vs SOFA (AUROC = 0.74; 95% CI, 0.73-0.76; P < .001 for both) or LODS (AUROC = 0.75; 95% CI, 0.73-0.76; P < .001 for both)."", ""outcome"": ""Results were expressed as the fold change in outcome over deciles of baseline risk of death and area under the receiver operating characteristic curve (AUROC). RESULTS In the primary cohort, 148 907 encounters had suspected infection (n = 74 453 derivation; n = 74 454 validation), of whom 6347 (4%) died. Among ICU encounters in the validation cohort (n = 7932 with suspected infection, of whom 1289 [16%] died), the predictive validity for in-hospital mortality was lower for SIRS (AUROC = 0.64; 95% CI, 0.62-0.66) and qSOFA (AUROC = 0.66; 95% CI, 0.64-0.68) vs SOFA (AUROC = 0.74; 95% CI, 0.73-0.76; P < .001 for both) or LODS (AUROC = 0.75; 95% CI, 0.73-0.76; P < .001 for both)."", ""method"": ""length of stay \u00033 days) more common in sepsis than uncomplicated infection was determined. Results were expressed as the fold change in outcome over deciles of baseline risk of death and area under the receiver operating characteristic curve (AUROC)."", ""effect_size"": ""Results were expressed as the fold change in outcome over deciles of baseline risk of death and area under the receiver operating characteristic curve (AUROC). RESULTS In the primary cohort, 148 907 encounters had suspected infection (n = 74 453 derivation; n = 74 454 validation), of whom 6347 (4%) died. Among ICU encounters in the validation cohort (n = 7932 with suspected infection, of whom 1289 [16%] died), the predictive validity for in-hospital mortality was lower for SIRS (AUROC = 0.64; 95% CI, 0.62-0.66) and qSOFA (AUROC = 0.66; 95% CI, 0.64-0.68) vs SOFA (AUROC = 0.74; 95% CI, 0.73-0.76; P < .001 for both) or LODS (AUROC = 0.75; 95% CI, 0.73-0.76; P < .001 for both).""}",supported,All reported fields have lexical support in the source anchor.,"What predictors, biomarkers, severity scores, statistical methods, effect sizes, and model performance metrics are reported for mortality estimation in sepsis?",29.0
Tartaglia_2021,Patients with abdominal sepsis requiring open abdomen treatment,113,APACHE II score,perioperative mortality,Not reported,Multivariable logistic regression,OR 1.18; 95% CI 1.05–1.32; p = 0.005,Not reported,APACHE II score was significantly associated with mortality.,Tartaglia_2021.pdf,4,Tartaglia_2021:p4:c1,file:///Users/mikitabianko/dev/sandbox/SepsisAtlasHackathon/articles/Tartaglia_2021.pdf#page=4,"At the multivariable logistic regression analysis, an increase of 1 point of APACHE II score was associated with an increase of OR of perioperative mortality by 1.18 (95% CI 1.05–1.32; p < 0.05).","{""population"": ""OA seems to be a safe and reliable treatment for critically ill patients with severe abdominal sepsis. Nonetheless, in these patients, co-morbidity and organ failure remain the major obstacles to a better prognosis. Keywords Open abdomen · Abdominal sepsis · Mortality · Negative pressure · Morbidity · Damage control Background A wide range of pathological conditions could be related to abdominal sepsis such as generalized primary or secondary peritonitis, massive intestinal infarction and severe acute pancreatitis complicated by infected necrosis."", ""sample_size"": ""Significance level was set at p < 0.05 both at univariate and multivariate analysis. All statistics were processed by SPSS software 24.0 version ­(IBM®). Results On 1474 patients operated for severe abdominal sepsis, 113 patients (7.6%) were analyzed."", ""predictor"": ""Conversely, no significant differences were found between complicated vs. non-complicated patients: 3 (IQR 1–8) vs. 3 (IQR 2–7) (p = 0.632). At the univariate analysis, other factors influencing mortality were age (p = 0.05), neurological disorders (p = 0.05), ASA IV (p = 0.04) and APACHE II score (p = 0.001) (Table 4)."", ""outcome"": ""Only few observational, small cohort and non-comparative studies focused on the OA in septic patients without chasing significant conclusions. Moreover, little is in the literature focusing on the research of predictive parameters of mortality which might help surgeons to adequately select patients and choose between different therapeutic strategies. The present study aimed to evaluate postoperative outcomes of patients with abdominal sepsis treated with OA mainly in terms of perioperative mortality, overall morbidity and definitive fascial closure rates and to identify potential predictive factors of perioperative mortality. * Dario Tartaglia dario.tartaglia@unipi.it 1 Emergency Surgery Dep"", ""method"": ""3 (IQR 2–7) (p = 0.632). At the univariate analysis, other factors influencing mortality were age (p = 0.05), neurological disorders (p = 0.05), ASA IV (p = 0.04) and APACHE II score (p = 0.001) (Table 4). At the multivariable logistic regression analysis, an increase of 1 point of APACHE II score was associated with an increase of OR of perioperative mortality by 1.18 (95% CI 1.05–1.32; p < 0.05)."", ""effect_size"": ""Another explanation may be the difficult selection of patients who can benefit from treatment with OA because of the insufficiency of reliable prognostic scores and unique clinical indications [20]. The high average values of ASA score, APACHE II and MPI confirm the physiological impairment of patients included in this study, as reported in other studies [8, 21]. Univariate and multivariate analysis revealed three variables independently associated with mortality: APACHE II score (OR 1.18; 95% CI 1.05–1.32; p = 0.005), Frailty Clinical Scale (OR 4.66; 95% CI 3.19–6.12; p < 0.0001) and an ASA score IV (OR 7.86; 95% CI 2.18–28.27; p = 0.002).""}",supported,All reported fields have lexical support in the source anchor.,"What predictors, biomarkers, severity scores, statistical methods, effect sizes, and model performance metrics are reported for mortality estimation in sepsis?",20.25
Tartaglia_2021,Patients with abdominal sepsis requiring open abdomen treatment,113,ASA score IV,perioperative mortality,Not reported,Multivariable logistic regression,OR 7.86; 95% CI 2.18–28.27; p = 0.002,Not reported,ASA score IV was significantly associated with mortality.,Tartaglia_2021.pdf,4,Tartaglia_2021:p4:c1,file:///Users/mikitabianko/dev/sandbox/SepsisAtlasHackathon/articles/Tartaglia_2021.pdf#page=4,Frailty Clinical Scale (OR 4.66; 95% CI 3.19–6.12; p < 0.0001) and ASA IV (OR 7.86; 95% CI 2.18–28.27; p < 0.05) were also associated with an increased risk of perioperative mortality.,"{""population"": ""OA seems to be a safe and reliable treatment for critically ill patients with severe abdominal sepsis. Nonetheless, in these patients, co-morbidity and organ failure remain the major obstacles to a better prognosis. Keywords Open abdomen · Abdominal sepsis · Mortality · Negative pressure · Morbidity · Damage control Background A wide range of pathological conditions could be related to abdominal sepsis such as generalized primary or secondary peritonitis, massive intestinal infarction and severe acute pancreatitis complicated by infected necrosis."", ""sample_size"": ""Significance level was set at p < 0.05 both at univariate and multivariate analysis. All statistics were processed by SPSS software 24.0 version ­(IBM®). Results On 1474 patients operated for severe abdominal sepsis, 113 patients (7.6%) were analyzed."", ""predictor"": ""At 1-year follow-up, 23/64 patients (36%) died neither for surgical reasons nor for other causes related to the open abdomen. Discussion This study shows that OA in septic patients is feasible and allows a high rate of fascial closure, despite high morbidity and mortality. APACHE II, Frailty Clinical Scale, and ASA score IV could be considered as predictive factors for mortality in patients undergoing OA for septic shock due to abdominal diseases."", ""outcome"": ""Only few observational, small cohort and non-comparative studies focused on the OA in septic patients without chasing significant conclusions. Moreover, little is in the literature focusing on the research of predictive parameters of mortality which might help surgeons to adequately select patients and choose between different therapeutic strategies. The present study aimed to evaluate postoperative outcomes of patients with abdominal sepsis treated with OA mainly in terms of perioperative mortality, overall morbidity and definitive fascial closure rates and to identify potential predictive factors of perioperative mortality. * Dario Tartaglia dario.tartaglia@unipi.it 1 Emergency Surgery Dep"", ""method"": ""3 (IQR 2–7) (p = 0.632). At the univariate analysis, other factors influencing mortality were age (p = 0.05), neurological disorders (p = 0.05), ASA IV (p = 0.04) and APACHE II score (p = 0.001) (Table 4). At the multivariable logistic regression analysis, an increase of 1 point of APACHE II score was associated with an increase of OR of perioperative mortality by 1.18 (95% CI 1.05–1.32; p < 0.05)."", ""effect_size"": ""Another explanation may be the difficult selection of patients who can benefit from treatment with OA because of the insufficiency of reliable prognostic scores and unique clinical indications [20]. The high average values of ASA score, APACHE II and MPI confirm the physiological impairment of patients included in this study, as reported in other studies [8, 21]. Univariate and multivariate analysis revealed three variables independently associated with mortality: APACHE II score (OR 1.18; 95% CI 1.05–1.32; p = 0.005), Frailty Clinical Scale (OR 4.66; 95% CI 3.19–6.12; p < 0.0001) and an ASA score IV (OR 7.86; 95% CI 2.18–28.27; p = 0.002).""}",supported,All reported fields have lexical support in the source anchor.,"What predictors, biomarkers, severity scores, statistical methods, effect sizes, and model performance metrics are reported for mortality estimation in sepsis?",20.25
Tartaglia_2021,Patients with abdominal sepsis requiring open abdomen treatment,113,Age,perioperative mortality,Not reported,Univariate analysis,Not reported,Not reported,Age was identified as a factor influencing mortality.,Tartaglia_2021.pdf,4,Tartaglia_2021:p4:c1,file:///Users/mikitabianko/dev/sandbox/SepsisAtlasHackathon/articles/Tartaglia_2021.pdf#page=4,"At the univariate analysis, other factors influencing mortality were age (p = 0.05)...","{""population"": ""OA seems to be a safe and reliable treatment for critically ill patients with severe abdominal sepsis. Nonetheless, in these patients, co-morbidity and organ failure remain the major obstacles to a better prognosis. Keywords Open abdomen · Abdominal sepsis · Mortality · Negative pressure · Morbidity · Damage control Background A wide range of pathological conditions could be related to abdominal sepsis such as generalized primary or secondary peritonitis, massive intestinal infarction and severe acute pancreatitis complicated by infected necrosis."", ""sample_size"": ""Significance level was set at p < 0.05 both at univariate and multivariate analysis. All statistics were processed by SPSS software 24.0 version ­(IBM®). Results On 1474 patients operated for severe abdominal sepsis, 113 patients (7.6%) were analyzed."", ""predictor"": ""OA seems to be a safe and reliable treatment for critically ill patients with severe abdominal sepsis. Nonetheless, in these patients, co-morbidity and organ failure remain the major obstacles to a better prognosis. Keywords Open abdomen · Abdominal sepsis · Mortality · Negative pressure · Morbidity · Damage control Background A wide range of pathological conditions could be related to abdominal sepsis such as generalized primary or secondary peritonitis, massive intestinal infarction and severe acute pancreatitis complicated by infected necrosis."", ""outcome"": ""Only few observational, small cohort and non-comparative studies focused on the OA in septic patients without chasing significant conclusions. Moreover, little is in the literature focusing on the research of predictive parameters of mortality which might help surgeons to adequately select patients and choose between different therapeutic strategies. The present study aimed to evaluate postoperative outcomes of patients with abdominal sepsis treated with OA mainly in terms of perioperative mortality, overall morbidity and definitive fascial closure rates and to identify potential predictive factors of perioperative mortality. * Dario Tartaglia dario.tartaglia@unipi.it 1 Emergency Surgery Dep"", ""method"": ""Conversely, no significant differences were found between complicated vs. non-complicated patients: 3 (IQR 1–8) vs. 3 (IQR 2–7) (p = 0.632). At the univariate analysis, other factors influencing mortality were age (p = 0.05), neurological disorders (p = 0.05), ASA IV (p = 0.04) and APACHE II score (p = 0.001) (Table 4).""}",supported,All reported fields have lexical support in the source anchor.,"What predictors, biomarkers, severity scores, statistical methods, effect sizes, and model performance metrics are reported for mortality estimation in sepsis?",20.25
Tartaglia_2021,Patients with abdominal sepsis requiring open abdomen treatment,113,Frailty Clinical Scale,perioperative mortality,Not reported,Multivariable logistic regression,OR 4.66; 95% CI 3.19–6.12; p < 0.0001,Not reported,Frailty Clinical Scale was significantly associated with mortality.,Tartaglia_2021.pdf,4,Tartaglia_2021:p4:c1,file:///Users/mikitabianko/dev/sandbox/SepsisAtlasHackathon/articles/Tartaglia_2021.pdf#page=4,Frailty Clinical Scale (OR 4.66; 95% CI 3.19–6.12; p < 0.0001) and ASA IV (OR 7.86; 95% CI 2.18–28.27; p < 0.05) were also associated with an increased risk of perioperative mortality.,"{""population"": ""OA seems to be a safe and reliable treatment for critically ill patients with severe abdominal sepsis. Nonetheless, in these patients, co-morbidity and organ failure remain the major obstacles to a better prognosis. Keywords Open abdomen · Abdominal sepsis · Mortality · Negative pressure · Morbidity · Damage control Background A wide range of pathological conditions could be related to abdominal sepsis such as generalized primary or secondary peritonitis, massive intestinal infarction and severe acute pancreatitis complicated by infected necrosis."", ""sample_size"": ""Significance level was set at p < 0.05 both at univariate and multivariate analysis. All statistics were processed by SPSS software 24.0 version ­(IBM®). Results On 1474 patients operated for severe abdominal sepsis, 113 patients (7.6%) were analyzed."", ""predictor"": ""Mean ICU LOS was 13.7 ± 12.8 days. According to the time to surgery, there was no significant difference in patients who died (9.63 ± 7.16 h) and those who survived (8.87 ± 6.48 h) (p = 0.712) The same was for patients who experienced a complication (9.48 ± 7.02 h) vs. who did not (6.71 ± 3.38 h) (p = 0.237). Frailty Clinical Scale was 4 (IQR 2–9) in non-survived and 3 (IQR 1–8) in survived (p = 0.001)."", ""outcome"": ""Only few observational, small cohort and non-comparative studies focused on the OA in septic patients without chasing significant conclusions. Moreover, little is in the literature focusing on the research of predictive parameters of mortality which might help surgeons to adequately select patients and choose between different therapeutic strategies. The present study aimed to evaluate postoperative outcomes of patients with abdominal sepsis treated with OA mainly in terms of perioperative mortality, overall morbidity and definitive fascial closure rates and to identify potential predictive factors of perioperative mortality. * Dario Tartaglia dario.tartaglia@unipi.it 1 Emergency Surgery Dep"", ""method"": ""3 (IQR 2–7) (p = 0.632). At the univariate analysis, other factors influencing mortality were age (p = 0.05), neurological disorders (p = 0.05), ASA IV (p = 0.04) and APACHE II score (p = 0.001) (Table 4). At the multivariable logistic regression analysis, an increase of 1 point of APACHE II score was associated with an increase of OR of perioperative mortality by 1.18 (95% CI 1.05–1.32; p < 0.05)."", ""effect_size"": ""At the univariate analysis, other factors influencing mortality were age (p = 0.05), neurological disorders (p = 0.05), ASA IV (p = 0.04) and APACHE II score (p = 0.001) (Table 4). At the multivariable logistic regression analysis, an increase of 1 point of APACHE II score was associated with an increase of OR of perioperative mortality by 1.18 (95% CI 1.05–1.32; p < 0.05). Frailty Clinical Scale (OR 4.66; 95% CI 3.19–6.12; p < 0.0001) and ASA IV (OR 7.86; 95% CI 2.18–28.27; p < 0.05) were also associated with an increased risk of perioperative mortality (Table 5).""}",supported,All reported fields have lexical support in the source anchor.,"What predictors, biomarkers, severity scores, statistical methods, effect sizes, and model performance metrics are reported for mortality estimation in sepsis?",20.25
Tartaglia_2021,Patients with abdominal sepsis requiring open abdomen treatment,113,Neurological disorders,perioperative mortality,Not reported,Univariate analysis,Not reported,Not reported,Neurological disorders were identified as a factor influencing mortality.,Tartaglia_2021.pdf,4,Tartaglia_2021:p4:c1,file:///Users/mikitabianko/dev/sandbox/SepsisAtlasHackathon/articles/Tartaglia_2021.pdf#page=4,"At the univariate analysis, other factors influencing mortality were... neurological disorders (p = 0.05)...","{""population"": ""OA seems to be a safe and reliable treatment for critically ill patients with severe abdominal sepsis. Nonetheless, in these patients, co-morbidity and organ failure remain the major obstacles to a better prognosis. Keywords Open abdomen · Abdominal sepsis · Mortality · Negative pressure · Morbidity · Damage control Background A wide range of pathological conditions could be related to abdominal sepsis such as generalized primary or secondary peritonitis, massive intestinal infarction and severe acute pancreatitis complicated by infected necrosis."", ""sample_size"": ""Significance level was set at p < 0.05 both at univariate and multivariate analysis. All statistics were processed by SPSS software 24.0 version ­(IBM®). Results On 1474 patients operated for severe abdominal sepsis, 113 patients (7.6%) were analyzed."", ""predictor"": ""Conversely, no significant differences were found between complicated vs. non-complicated patients: 3 (IQR 1–8) vs. 3 (IQR 2–7) (p = 0.632). At the univariate analysis, other factors influencing mortality were age (p = 0.05), neurological disorders (p = 0.05), ASA IV (p = 0.04) and APACHE II score (p = 0.001) (Table 4)."", ""outcome"": ""Only few observational, small cohort and non-comparative studies focused on the OA in septic patients without chasing significant conclusions. Moreover, little is in the literature focusing on the research of predictive parameters of mortality which might help surgeons to adequately select patients and choose between different therapeutic strategies. The present study aimed to evaluate postoperative outcomes of patients with abdominal sepsis treated with OA mainly in terms of perioperative mortality, overall morbidity and definitive fascial closure rates and to identify potential predictive factors of perioperative mortality. * Dario Tartaglia dario.tartaglia@unipi.it 1 Emergency Surgery Dep"", ""method"": ""Conversely, no significant differences were found between complicated vs. non-complicated patients: 3 (IQR 1–8) vs. 3 (IQR 2–7) (p = 0.632). At the univariate analysis, other factors influencing mortality were age (p = 0.05), neurological disorders (p = 0.05), ASA IV (p = 0.04) and APACHE II score (p = 0.001) (Table 4).""}",supported,All reported fields have lexical support in the source anchor.,"What predictors, biomarkers, severity scores, statistical methods, effect sizes, and model performance metrics are reported for mortality estimation in sepsis?",20.25
Todi_2024,ICU patients with sepsis and septic shock,1172,BMI,hospital mortality,Not reported,multivariate binary logistic regression,1.153 (1.108–1.199),Not reported,Independent predictors of increased hospital mortality included high BMI.,Todi_2024.pdf,8,Todi_2024:p8:c1,file:///Users/mikitabianko/dev/sandbox/SepsisAtlasHackathon/articles/Todi_2024.pdf#page=8,"Independent predictors of increased hospital mortality were high SOFA score, high BMI, High Charlson comorbidity index and nosocomial infection.","{""population"": ""study of ICU population in India, the INDICAP-II study, ICU mortality in the subset of 1368 sepsis patient was 32.9%, and it was 53.4% with septic shock [19]. In another cross-sectional study of sepsis from India the hospital mortality was 30% [10]."", ""sample_size"": ""All statistical analyses were conducted using statistical software (e.g., SPSS version 26 and R.03, MedCalc ® Statistical Software version 22.021). Results Over a period of one year, data were prospectively collected from the 19 participating centres, identifying 1457 patients as having sepsis or septic shock as per the sepsis 3 criteria. The final cohort after data cleaning consisted of 1172 ICU patients, of which 672 (58%) patients had sepsis and 500 (42%) patients had septic shock."", ""predictor"": ""The respective figures for patients with septic shock were 60 years, 60% male, APACHE II of 26, and SOFA of 8.3. The majority of patients were transferred from the emergency department and had community-acquired infections, which were the primary reasons for ICU admission. The average BMI was 20 and Charlson Comorbidity index was 3 for the entire study cohort."", ""outcome"": ""study of ICU population in India, the INDICAP-II study, ICU mortality in the subset of 1368 sepsis patient was 32.9%, and it was 53.4% with septic shock [19]. In another cross-sectional study of sepsis from India the hospital mortality was 30% [10]."", ""method"": ""For comparing parameters between those with or without the outcome of death, Chi-square test or Fisher’s exact test was used for categorical data comparisons, while t-tests or Mann– Whitney U tests were used for continuous data comparisons, as appropriate. We conducted a comprehensive univariate analysis of the dataset comprising 117 variables for predicting hospital mortality. Variables found to be significant were further explored through multivariate binary logistic regression analysis, with the aim of constructing predictive models that determine the binary outcome of interest."", ""effect_size"": ""A screening policy for high-risk sepsis patients was performed by 15 centres, the majority of whom conducted screening through manual chart reviews. Written SOP for sepsis management were maintained by 12 centres, a sepsis team was present in 10 centres, and periodic performance audits were done by 13 participating centres. Table 4 Independent predictors of outcome Predictors Odds ratio (OR) Confidence interval (CI) SOFA score 1.216 (1.112–1.331) Charlson comorbidity index 1.216 (1.112–1.1331) BMI 1.153 (1.108–1.199) Nosocomial infection 36.695 (22.587–59.615) PaO2 0.997 (0.996–0.999) Serum albumin 0.324 (0.225–0.467) Source control 0.227 (0.132–0.389) Correct empiric antibiotic 0.519 (0.171""}",supported,All reported fields have lexical support in the source anchor.,"What predictors, biomarkers, severity scores, statistical methods, effect sizes, and model performance metrics are reported for mortality estimation in sepsis?",39.75
Todi_2024,ICU patients with sepsis and septic shock,1172,Charlson comorbidity index,hospital mortality,Not reported,multivariate binary logistic regression,1.216 (1.112–1.331),Not reported,Independent predictors of increased hospital mortality included high Charlson comorbidity index.,Todi_2024.pdf,8,Todi_2024:p8:c1,file:///Users/mikitabianko/dev/sandbox/SepsisAtlasHackathon/articles/Todi_2024.pdf#page=8,"Independent predictors of increased hospital mortality were high SOFA score, high BMI, High Charlson comorbidity index and nosocomial infection.","{""population"": ""study of ICU population in India, the INDICAP-II study, ICU mortality in the subset of 1368 sepsis patient was 32.9%, and it was 53.4% with septic shock [19]. In another cross-sectional study of sepsis from India the hospital mortality was 30% [10]."", ""sample_size"": ""All statistical analyses were conducted using statistical software (e.g., SPSS version 26 and R.03, MedCalc ® Statistical Software version 22.021). Results Over a period of one year, data were prospectively collected from the 19 participating centres, identifying 1457 patients as having sepsis or septic shock as per the sepsis 3 criteria. The final cohort after data cleaning consisted of 1172 ICU patients, of which 672 (58%) patients had sepsis and 500 (42%) patients had septic shock."", ""predictor"": ""The respective figures for patients with septic shock were 60 years, 60% male, APACHE II of 26, and SOFA of 8.3. The majority of patients were transferred from the emergency department and had community-acquired infections, which were the primary reasons for ICU admission. The average BMI was 20 and Charlson Comorbidity index was 3 for the entire study cohort."", ""outcome"": ""study of ICU population in India, the INDICAP-II study, ICU mortality in the subset of 1368 sepsis patient was 32.9%, and it was 53.4% with septic shock [19]. In another cross-sectional study of sepsis from India the hospital mortality was 30% [10]."", ""method"": ""For comparing parameters between those with or without the outcome of death, Chi-square test or Fisher’s exact test was used for categorical data comparisons, while t-tests or Mann– Whitney U tests were used for continuous data comparisons, as appropriate. We conducted a comprehensive univariate analysis of the dataset comprising 117 variables for predicting hospital mortality. Variables found to be significant were further explored through multivariate binary logistic regression analysis, with the aim of constructing predictive models that determine the binary outcome of interest."", ""effect_size"": ""A screening policy for high-risk sepsis patients was performed by 15 centres, the majority of whom conducted screening through manual chart reviews. Written SOP for sepsis management were maintained by 12 centres, a sepsis team was present in 10 centres, and periodic performance audits were done by 13 participating centres. Table 4 Independent predictors of outcome Predictors Odds ratio (OR) Confidence interval (CI) SOFA score 1.216 (1.112–1.331) Charlson comorbidity index 1.216 (1.112–1.1331) BMI 1.153 (1.108–1.199) Nosocomial infection 36.695 (22.587–59.615) PaO2 0.997 (0.996–0.999) Serum albumin 0.324 (0.225–0.467) Source control 0.227 (0.132–0.389) Correct empiric antibiotic 0.519 (0.171""}",supported,All reported fields have lexical support in the source anchor.,"What predictors, biomarkers, severity scores, statistical methods, effect sizes, and model performance metrics are reported for mortality estimation in sepsis?",39.75
Todi_2024,ICU patients with sepsis and septic shock,1172,SOFA score,hospital mortality,on the day of sepsis diagnosis,multivariate binary logistic regression,1.216 (1.112–1.331),AUC 0.768,SOFA score exhibited a significantly higher Area under the curve (AUC) of 0.768 as opposed to qSOFA and SIRS of 0.70 and 0.54 respectively.,Todi_2024.pdf,3,Todi_2024:p3:c2,file:///Users/mikitabianko/dev/sandbox/SepsisAtlasHackathon/articles/Todi_2024.pdf#page=3,SOFA score exhibited a significantly higher Area under the curve (AUC) of 0.768 as opposed to qSOFA and SIRS of 0.70 and 0.54 respectively.,"{""population"": ""study of ICU population in India, the INDICAP-II study, ICU mortality in the subset of 1368 sepsis patient was 32.9%, and it was 53.4% with septic shock [19]. In another cross-sectional study of sepsis from India the hospital mortality was 30% [10]."", ""sample_size"": ""All statistical analyses were conducted using statistical software (e.g., SPSS version 26 and R.03, MedCalc ® Statistical Software version 22.021). Results Over a period of one year, data were prospectively collected from the 19 participating centres, identifying 1457 patients as having sepsis or septic shock as per the sepsis 3 criteria. The final cohort after data cleaning consisted of 1172 ICU patients, of which 672 (58%) patients had sepsis and 500 (42%) patients had septic shock."", ""predictor"": ""The final cohort after data cleaning consisted of 1172 ICU patients, of which 672 (58%) patients had sepsis and 500 (42%) patients had septic shock. The average age of the entire study cohort was 65 years, with 61% being male. The average APACHE II and SOFA scores were 21 and 6.7, respectively."", ""outcome"": ""study of ICU population in India, the INDICAP-II study, ICU mortality in the subset of 1368 sepsis patient was 32.9%, and it was 53.4% with septic shock [19]. In another cross-sectional study of sepsis from India the hospital mortality was 30% [10]."", ""timing"": ""The corresponding figures for Hospital length of stay were 11.99, 12.19 and 11 0.71 days (p = 0.50), respectively (Table 2). Discharge against Medical Advice (DAMA) was noted in 14% of patients. SOFA, qSOFA and SIRS were assessed on the day of sepsis diagnosis."", ""method"": ""For comparing parameters between those with or without the outcome of death, Chi-square test or Fisher’s exact test was used for categorical data comparisons, while t-tests or Mann– Whitney U tests were used for continuous data comparisons, as appropriate. We conducted a comprehensive univariate analysis of the dataset comprising 117 variables for predicting hospital mortality. Variables found to be significant were further explored through multivariate binary logistic regression analysis, with the aim of constructing predictive models that determine the binary outcome of interest."", ""effect_size"": ""A screening policy for high-risk sepsis patients was performed by 15 centres, the majority of whom conducted screening through manual chart reviews. Written SOP for sepsis management were maintained by 12 centres, a sepsis team was present in 10 centres, and periodic performance audits were done by 13 participating centres. Table 4 Independent predictors of outcome Predictors Odds ratio (OR) Confidence interval (CI) SOFA score 1.216 (1.112–1.331) Charlson comorbidity index 1.216 (1.112–1.1331) BMI 1.153 (1.108–1.199) Nosocomial infection 36.695 (22.587–59.615) PaO2 0.997 (0.996–0.999) Serum albumin 0.324 (0.225–0.467) Source control 0.227 (0.132–0.389) Correct empiric antibiotic 0.519 (0.171"", ""performance"": ""Discharge against Medical Advice (DAMA) was noted in 14% of patients. SOFA, qSOFA and SIRS were assessed on the day of sepsis diagnosis. SOFA score exhibited a significantly higher Area under the curve (AUC) of 0.768 as opposed to qSOFA and SIRS of 0.70 and 0.54 respectively.""}",supported,All reported fields have lexical support in the source anchor.,"What predictors, biomarkers, severity scores, statistical methods, effect sizes, and model performance metrics are reported for mortality estimation in sepsis?",39.75
Todi_2024,ICU patients with sepsis and septic shock,1172,correct empirical antibiotic,hospital mortality,Not reported,multivariate binary logistic regression,0.519 (0.171–0.495),Not reported,Independent factors for improved survival included the correct empirical choice of antibiotic.,Todi_2024.pdf,8,Todi_2024:p8:c1,file:///Users/mikitabianko/dev/sandbox/SepsisAtlasHackathon/articles/Todi_2024.pdf#page=8,Independent predictors of outcome Predictors Odds ratio (OR) Correct empiric antibiotic 0.519 (0.171–0.495),"{""population"": ""study of ICU population in India, the INDICAP-II study, ICU mortality in the subset of 1368 sepsis patient was 32.9%, and it was 53.4% with septic shock [19]. In another cross-sectional study of sepsis from India the hospital mortality was 30% [10]."", ""sample_size"": ""All statistical analyses were conducted using statistical software (e.g., SPSS version 26 and R.03, MedCalc ® Statistical Software version 22.021). Results Over a period of one year, data were prospectively collected from the 19 participating centres, identifying 1457 patients as having sepsis or septic shock as per the sepsis 3 criteria. The final cohort after data cleaning consisted of 1172 ICU patients, of which 672 (58%) patients had sepsis and 500 (42%) patients had septic shock."", ""predictor"": ""Significant variables identified in the univariate analysis were further subjected to multivariate analysis. Independent predictors of increased hospital mortality were high SOFA score, high BMI, High Charlson comorbidity index and nosocomial infection. Conversely, independent factors for improved survival included the correct empirical choice of antibiotic, source control, the use of intravenous thiamine, high albumin and high ­PaO2 (Table 4, Fig."", ""outcome"": ""study of ICU population in India, the INDICAP-II study, ICU mortality in the subset of 1368 sepsis patient was 32.9%, and it was 53.4% with septic shock [19]. In another cross-sectional study of sepsis from India the hospital mortality was 30% [10]."", ""method"": ""For comparing parameters between those with or without the outcome of death, Chi-square test or Fisher’s exact test was used for categorical data comparisons, while t-tests or Mann– Whitney U tests were used for continuous data comparisons, as appropriate. We conducted a comprehensive univariate analysis of the dataset comprising 117 variables for predicting hospital mortality. Variables found to be significant were further explored through multivariate binary logistic regression analysis, with the aim of constructing predictive models that determine the binary outcome of interest."", ""effect_size"": ""A screening policy for high-risk sepsis patients was performed by 15 centres, the majority of whom conducted screening through manual chart reviews. Written SOP for sepsis management were maintained by 12 centres, a sepsis team was present in 10 centres, and periodic performance audits were done by 13 participating centres. Table 4 Independent predictors of outcome Predictors Odds ratio (OR) Confidence interval (CI) SOFA score 1.216 (1.112–1.331) Charlson comorbidity index 1.216 (1.112–1.1331) BMI 1.153 (1.108–1.199) Nosocomial infection 36.695 (22.587–59.615) PaO2 0.997 (0.996–0.999) Serum albumin 0.324 (0.225–0.467) Source control 0.227 (0.132–0.389) Correct empiric antibiotic 0.519 (0.171""}",supported,All reported fields have lexical support in the source anchor.,"What predictors, biomarkers, severity scores, statistical methods, effect sizes, and model performance metrics are reported for mortality estimation in sepsis?",39.75
Todi_2024,ICU patients with sepsis and septic shock,1172,nosocomial infection,hospital mortality,Not reported,multivariate binary logistic regression,36.695 (22.587–59.615),Not reported,Independent predictors of increased hospital mortality included nosocomial infection.,Todi_2024.pdf,8,Todi_2024:p8:c1,file:///Users/mikitabianko/dev/sandbox/SepsisAtlasHackathon/articles/Todi_2024.pdf#page=8,"Independent predictors of increased hospital mortality were high SOFA score, high BMI, High Charlson comorbidity index and nosocomial infection.","{""population"": ""study of ICU population in India, the INDICAP-II study, ICU mortality in the subset of 1368 sepsis patient was 32.9%, and it was 53.4% with septic shock [19]. In another cross-sectional study of sepsis from India the hospital mortality was 30% [10]."", ""sample_size"": ""All statistical analyses were conducted using statistical software (e.g., SPSS version 26 and R.03, MedCalc ® Statistical Software version 22.021). Results Over a period of one year, data were prospectively collected from the 19 participating centres, identifying 1457 patients as having sepsis or septic shock as per the sepsis 3 criteria. The final cohort after data cleaning consisted of 1172 ICU patients, of which 672 (58%) patients had sepsis and 500 (42%) patients had septic shock."", ""predictor"": ""Critical Care (2024) 28:375 associated with poor outcomes while the use of thiamine was protective (Table 3). Significant variables identified in the univariate analysis were further subjected to multivariate analysis. Independent predictors of increased hospital mortality were high SOFA score, high BMI, High Charlson comorbidity index and nosocomial infection."", ""outcome"": ""study of ICU population in India, the INDICAP-II study, ICU mortality in the subset of 1368 sepsis patient was 32.9%, and it was 53.4% with septic shock [19]. In another cross-sectional study of sepsis from India the hospital mortality was 30% [10]."", ""method"": ""For comparing parameters between those with or without the outcome of death, Chi-square test or Fisher’s exact test was used for categorical data comparisons, while t-tests or Mann– Whitney U tests were used for continuous data comparisons, as appropriate. We conducted a comprehensive univariate analysis of the dataset comprising 117 variables for predicting hospital mortality. Variables found to be significant were further explored through multivariate binary logistic regression analysis, with the aim of constructing predictive models that determine the binary outcome of interest."", ""effect_size"": ""A screening policy for high-risk sepsis patients was performed by 15 centres, the majority of whom conducted screening through manual chart reviews. Written SOP for sepsis management were maintained by 12 centres, a sepsis team was present in 10 centres, and periodic performance audits were done by 13 participating centres. Table 4 Independent predictors of outcome Predictors Odds ratio (OR) Confidence interval (CI) SOFA score 1.216 (1.112–1.331) Charlson comorbidity index 1.216 (1.112–1.1331) BMI 1.153 (1.108–1.199) Nosocomial infection 36.695 (22.587–59.615) PaO2 0.997 (0.996–0.999) Serum albumin 0.324 (0.225–0.467) Source control 0.227 (0.132–0.389) Correct empiric antibiotic 0.519 (0.171""}",supported,All reported fields have lexical support in the source anchor.,"What predictors, biomarkers, severity scores, statistical methods, effect sizes, and model performance metrics are reported for mortality estimation in sepsis?",39.75
Todi_2024,ICU patients with sepsis and septic shock,1172,source control,hospital mortality,Not reported,multivariate binary logistic regression,0.227 (0.132–0.389),Not reported,Independent factors for improved survival included source control.,Todi_2024.pdf,8,Todi_2024:p8:c1,file:///Users/mikitabianko/dev/sandbox/SepsisAtlasHackathon/articles/Todi_2024.pdf#page=8,Independent predictors of outcome Predictors Odds ratio (OR) Source control 0.227 (0.132–0.389),"{""population"": ""study of ICU population in India, the INDICAP-II study, ICU mortality in the subset of 1368 sepsis patient was 32.9%, and it was 53.4% with septic shock [19]. In another cross-sectional study of sepsis from India the hospital mortality was 30% [10]."", ""sample_size"": ""All statistical analyses were conducted using statistical software (e.g., SPSS version 26 and R.03, MedCalc ® Statistical Software version 22.021). Results Over a period of one year, data were prospectively collected from the 19 participating centres, identifying 1457 patients as having sepsis or septic shock as per the sepsis 3 criteria. The final cohort after data cleaning consisted of 1172 ICU patients, of which 672 (58%) patients had sepsis and 500 (42%) patients had septic shock."", ""predictor"": ""Significant variables identified in the univariate analysis were further subjected to multivariate analysis. Independent predictors of increased hospital mortality were high SOFA score, high BMI, High Charlson comorbidity index and nosocomial infection. Conversely, independent factors for improved survival included the correct empirical choice of antibiotic, source control, the use of intravenous thiamine, high albumin and high ­PaO2 (Table 4, Fig."", ""outcome"": ""study of ICU population in India, the INDICAP-II study, ICU mortality in the subset of 1368 sepsis patient was 32.9%, and it was 53.4% with septic shock [19]. In another cross-sectional study of sepsis from India the hospital mortality was 30% [10]."", ""method"": ""For comparing parameters between those with or without the outcome of death, Chi-square test or Fisher’s exact test was used for categorical data comparisons, while t-tests or Mann– Whitney U tests were used for continuous data comparisons, as appropriate. We conducted a comprehensive univariate analysis of the dataset comprising 117 variables for predicting hospital mortality. Variables found to be significant were further explored through multivariate binary logistic regression analysis, with the aim of constructing predictive models that determine the binary outcome of interest."", ""effect_size"": ""A screening policy for high-risk sepsis patients was performed by 15 centres, the majority of whom conducted screening through manual chart reviews. Written SOP for sepsis management were maintained by 12 centres, a sepsis team was present in 10 centres, and periodic performance audits were done by 13 participating centres. Table 4 Independent predictors of outcome Predictors Odds ratio (OR) Confidence interval (CI) SOFA score 1.216 (1.112–1.331) Charlson comorbidity index 1.216 (1.112–1.1331) BMI 1.153 (1.108–1.199) Nosocomial infection 36.695 (22.587–59.615) PaO2 0.997 (0.996–0.999) Serum albumin 0.324 (0.225–0.467) Source control 0.227 (0.132–0.389) Correct empiric antibiotic 0.519 (0.171""}",supported,All reported fields have lexical support in the source anchor.,"What predictors, biomarkers, severity scores, statistical methods, effect sizes, and model performance metrics are reported for mortality estimation in sepsis?",39.75
Varga_2024,Patients with severe infections fulfilling Sepsis-3 criteria,138,Baseline SOFA score,30-day mortality,Upon hospital admission,Logistic regression,Each one-unit increase leads to a 73.5% increase in the odds of mortality,Not reported,Baseline SOFA score was significantly associated with mortality.,Varga_2024.pdf,6,Varga_2024:p6:c2,file:///Users/mikitabianko/dev/sandbox/SepsisAtlasHackathon/articles/Varga_2024.pdf#page=6,"the baseline SOFA score demonstrated a substantial impact, with each one-unit increase leading to a 73.5% increase in the odds of mortality.","{""population"": ""2, 300041 Timisoara, Romania 10 Multidisciplinary Research Center on Antimicrobial Resistance (MULTI-REZ), Microbiology Department, “Victor Babes” University of Medicine and Pharmacy, 300041 Timisoara, Romania; horhat.florin@umft.ro * Correspondence: susan.monica@umft.ro Abstract: Background: The prognostic value of baseline inflammatory markers in sepsis remains controversial, with conflicting evidence regarding their association with mortality. The dynamic changes in these markers over time might offer additional insights into disease progression and patient outcomes. Methods: This retrospective observational study included 138 patients with severe infections."", ""sample_size"": ""2, 300041 Timisoara, Romania 10 Multidisciplinary Research Center on Antimicrobial Resistance (MULTI-REZ), Microbiology Department, “Victor Babes” University of Medicine and Pharmacy, 300041 Timisoara, Romania; horhat.florin@umft.ro * Correspondence: susan.monica@umft.ro Abstract: Background: The prognostic value of baseline inflammatory markers in sepsis remains controversial, with conflicting evidence regarding their association with mortality. The dynamic changes in these markers over time might offer additional insights into disease progression and patient outcomes. Methods: This retrospective observational study included 138 patients with severe infections."", ""predictor"": ""CRP_Delta exhibited the highest AUC (0.903), followed by PCT_Delta (0.843) and LAC_Delta (0.703). d by 31.6%, while a one-unit increase in the NLR was associated with a 47% increase in the odds of mortality. The baseline lactate level emerged as a particularly strong predictor, with each one-unit increase more than doubling the odds of mortality. Similarly, the baseline SOFA score demonstrated a substantial impact, with each one-unit increase leading to a 73.5% increase in the odds of mortality."", ""outcome"": ""2023, 23, 1118–1124. [CrossRef] [PubMed] [PubMed Central] 11. Pieralli, F.; Vannucchi, V.; Mancini, A.; Antonielli, E.; Luise, F.; Sammicheli, L.; Turchi, V.; Para, O.; Bacci, F.; Nozzoli, C. Procalcitonin Kinetics in the First 72 Hours Predicts 30-Day Mortality in Severely Ill Septic Patients Admitted to an Intermediate Care Unit."", ""timing"": ""The dynamic changes in these markers over time might offer additional insights into disease progression and patient outcomes. Methods: This retrospective observational study included 138 patients with severe infections. The inflammatory biomarkers procalcitonin (PCT), C-reactive protein (CRP), and lactate (LAC) were measured at three time points: upon hospital admission (baseline), approximately 24–48 h after admission (second measurement; M2), and 48–72 h after admission (third measurement; M3)."", ""method"": ""A Mann–Whitney U test was used to compare the biomarker levels between the survivors and non-survivors. A Spearman’s correlation was used to assess the relationships between the baseline parameters. A logistic regression and a receiver operating characteristic (ROC) curve analysis were employed to evaluate the prognostic value of the baseline markers and their dynamic changes."", ""effect_size"": ""CRP_Delta exhibited the highest AUC (0.903), followed by PCT_Delta (0.843) and LAC_Delta (0.703). d by 31.6%, while a one-unit increase in the NLR was associated with a 47% increase in the odds of mortality. The baseline lactate level emerged as a particularly strong predictor, with each one-unit increase more than doubling the odds of mortality. Similarly, the baseline SOFA score demonstrated a substantial impact, with each one-unit increase leading to a 73.5% increase in the odds of mortality.""}",supported,All reported fields have lexical support in the source anchor.,"What predictors, biomarkers, severity scores, statistical methods, effect sizes, and model performance metrics are reported for mortality estimation in sepsis?",24.0
Varga_2024,Patients with severe infections fulfilling Sepsis-3 criteria,138,Baseline lactate level,30-day mortality,Upon hospital admission,Logistic regression,Each one-unit increase more than doubles the odds of mortality,Not reported,Baseline lactate level was a strong predictor of mortality.,Varga_2024.pdf,6,Varga_2024:p6:c2,file:///Users/mikitabianko/dev/sandbox/SepsisAtlasHackathon/articles/Varga_2024.pdf#page=6,"the baseline lactate level emerged as a particularly strong predictor, with each one-unit increase more than doubling the odds of mortality.","{""population"": ""2, 300041 Timisoara, Romania 10 Multidisciplinary Research Center on Antimicrobial Resistance (MULTI-REZ), Microbiology Department, “Victor Babes” University of Medicine and Pharmacy, 300041 Timisoara, Romania; horhat.florin@umft.ro * Correspondence: susan.monica@umft.ro Abstract: Background: The prognostic value of baseline inflammatory markers in sepsis remains controversial, with conflicting evidence regarding their association with mortality. The dynamic changes in these markers over time might offer additional insights into disease progression and patient outcomes. Methods: This retrospective observational study included 138 patients with severe infections."", ""sample_size"": ""2, 300041 Timisoara, Romania 10 Multidisciplinary Research Center on Antimicrobial Resistance (MULTI-REZ), Microbiology Department, “Victor Babes” University of Medicine and Pharmacy, 300041 Timisoara, Romania; horhat.florin@umft.ro * Correspondence: susan.monica@umft.ro Abstract: Background: The prognostic value of baseline inflammatory markers in sepsis remains controversial, with conflicting evidence regarding their association with mortality. The dynamic changes in these markers over time might offer additional insights into disease progression and patient outcomes. Methods: This retrospective observational study included 138 patients with severe infections."", ""predictor"": ""The percentage decrease in PCT, CRP, and LAC from the baseline to M3 emerged as strong predictors of survival, with the ROC curve analysis demonstrating superior discriminatory ability compared to the baseline values. CRP_Delta exhibited the highest AUC (0.903), followed by PCT_Delta (0.843) and LAC_Delta (0.703). d by 31.6%, while a one-unit increase in the NLR was associated with a 47% increase in the odds of mortality. The baseline lactate level emerged as a particularly strong predictor, with each one-unit increase more than doubling the odds of mortality."", ""outcome"": ""2023, 23, 1118–1124. [CrossRef] [PubMed] [PubMed Central] 11. Pieralli, F.; Vannucchi, V.; Mancini, A.; Antonielli, E.; Luise, F.; Sammicheli, L.; Turchi, V.; Para, O.; Bacci, F.; Nozzoli, C. Procalcitonin Kinetics in the First 72 Hours Predicts 30-Day Mortality in Severely Ill Septic Patients Admitted to an Intermediate Care Unit."", ""timing"": ""The dynamic changes in these markers over time might offer additional insights into disease progression and patient outcomes. Methods: This retrospective observational study included 138 patients with severe infections. The inflammatory biomarkers procalcitonin (PCT), C-reactive protein (CRP), and lactate (LAC) were measured at three time points: upon hospital admission (baseline), approximately 24–48 h after admission (second measurement; M2), and 48–72 h after admission (third measurement; M3)."", ""method"": ""A Mann–Whitney U test was used to compare the biomarker levels between the survivors and non-survivors. A Spearman’s correlation was used to assess the relationships between the baseline parameters. A logistic regression and a receiver operating characteristic (ROC) curve analysis were employed to evaluate the prognostic value of the baseline markers and their dynamic changes."", ""effect_size"": ""The percentage decrease in PCT, CRP, and LAC from the baseline to M3 emerged as strong predictors of survival, with the ROC curve analysis demonstrating superior discriminatory ability compared to the baseline values. CRP_Delta exhibited the highest AUC (0.903), followed by PCT_Delta (0.843) and LAC_Delta (0.703). d by 31.6%, while a one-unit increase in the NLR was associated with a 47% increase in the odds of mortality. The baseline lactate level emerged as a particularly strong predictor, with each one-unit increase more than doubling the odds of mortality.""}",supported,All reported fields have lexical support in the source anchor.,"What predictors, biomarkers, severity scores, statistical methods, effect sizes, and model performance metrics are reported for mortality estimation in sepsis?",24.0
Varga_2024,Patients with severe infections fulfilling Sepsis-3 criteria,138,Neutrophil-to-Lymphocyte Ratio (NLR),30-day mortality,Upon hospital admission,Logistic regression,Each one-unit increase is associated with a 47% increase in the odds of mortality,Not reported,NLR was significantly higher in non-survivors compared to survivors.,Varga_2024.pdf,6,Varga_2024:p6:c2,file:///Users/mikitabianko/dev/sandbox/SepsisAtlasHackathon/articles/Varga_2024.pdf#page=6,a one-unit increase in the NLR was associated with a 47% increase in the odds of mortality.,"{""population"": ""2, 300041 Timisoara, Romania 10 Multidisciplinary Research Center on Antimicrobial Resistance (MULTI-REZ), Microbiology Department, “Victor Babes” University of Medicine and Pharmacy, 300041 Timisoara, Romania; horhat.florin@umft.ro * Correspondence: susan.monica@umft.ro Abstract: Background: The prognostic value of baseline inflammatory markers in sepsis remains controversial, with conflicting evidence regarding their association with mortality. The dynamic changes in these markers over time might offer additional insights into disease progression and patient outcomes. Methods: This retrospective observational study included 138 patients with severe infections."", ""sample_size"": ""2, 300041 Timisoara, Romania 10 Multidisciplinary Research Center on Antimicrobial Resistance (MULTI-REZ), Microbiology Department, “Victor Babes” University of Medicine and Pharmacy, 300041 Timisoara, Romania; horhat.florin@umft.ro * Correspondence: susan.monica@umft.ro Abstract: Background: The prognostic value of baseline inflammatory markers in sepsis remains controversial, with conflicting evidence regarding their association with mortality. The dynamic changes in these markers over time might offer additional insights into disease progression and patient outcomes. Methods: This retrospective observational study included 138 patients with severe infections."", ""predictor"": ""The discrepancy between these findings and our own could be attributed to variations in study design, patient populations, severity of illness, or the specific assays used for biomarker measurement. The heterogeneity in the literature underscores the need for further research to elucidate the complex relationship between baseline inflammatory markers and patient outcomes in sepsis. In our study, we observed a notable difference in the Neutrophil-to-Lymphocyte Ratio (NLR) between the survivors and non-survivors."", ""outcome"": ""2023, 23, 1118–1124. [CrossRef] [PubMed] [PubMed Central] 11. Pieralli, F.; Vannucchi, V.; Mancini, A.; Antonielli, E.; Luise, F.; Sammicheli, L.; Turchi, V.; Para, O.; Bacci, F.; Nozzoli, C. Procalcitonin Kinetics in the First 72 Hours Predicts 30-Day Mortality in Severely Ill Septic Patients Admitted to an Intermediate Care Unit."", ""timing"": ""The dynamic changes in these markers over time might offer additional insights into disease progression and patient outcomes. Methods: This retrospective observational study included 138 patients with severe infections. The inflammatory biomarkers procalcitonin (PCT), C-reactive protein (CRP), and lactate (LAC) were measured at three time points: upon hospital admission (baseline), approximately 24–48 h after admission (second measurement; M2), and 48–72 h after admission (third measurement; M3)."", ""method"": ""A Mann–Whitney U test was used to compare the biomarker levels between the survivors and non-survivors. A Spearman’s correlation was used to assess the relationships between the baseline parameters. A logistic regression and a receiver operating characteristic (ROC) curve analysis were employed to evaluate the prognostic value of the baseline markers and their dynamic changes."", ""effect_size"": ""The percentage decrease in PCT, CRP, and LAC from the baseline to M3 emerged as strong predictors of survival, with the ROC curve analysis demonstrating superior discriminatory ability compared to the baseline values. CRP_Delta exhibited the highest AUC (0.903), followed by PCT_Delta (0.843) and LAC_Delta (0.703). d by 31.6%, while a one-unit increase in the NLR was associated with a 47% increase in the odds of mortality. The baseline lactate level emerged as a particularly strong predictor, with each one-unit increase more than doubling the odds of mortality.""}",supported,All reported fields have lexical support in the source anchor.,"What predictors, biomarkers, severity scores, statistical methods, effect sizes, and model performance metrics are reported for mortality estimation in sepsis?",24.0
Varga_2024,Patients with severe infections fulfilling Sepsis-3 criteria,138,Percentage decrease in CRP,30-day mortality,From baseline to M3 (48-72 hours after admission),Logistic regression,Odds ratio of 0.762 for each 1% decrease,AUC 0.903,Decreases in CRP levels were significantly associated with reduced mortality.,Varga_2024.pdf,6,Varga_2024:p6:c2,file:///Users/mikitabianko/dev/sandbox/SepsisAtlasHackathon/articles/Varga_2024.pdf#page=6,"for every 1% decrease in CRP levels over the first three days, the odds of mortality are reduced by approximately 24%.","{""population"": ""2, 300041 Timisoara, Romania 10 Multidisciplinary Research Center on Antimicrobial Resistance (MULTI-REZ), Microbiology Department, “Victor Babes” University of Medicine and Pharmacy, 300041 Timisoara, Romania; horhat.florin@umft.ro * Correspondence: susan.monica@umft.ro Abstract: Background: The prognostic value of baseline inflammatory markers in sepsis remains controversial, with conflicting evidence regarding their association with mortality. The dynamic changes in these markers over time might offer additional insights into disease progression and patient outcomes. Methods: This retrospective observational study included 138 patients with severe infections."", ""sample_size"": ""2, 300041 Timisoara, Romania 10 Multidisciplinary Research Center on Antimicrobial Resistance (MULTI-REZ), Microbiology Department, “Victor Babes” University of Medicine and Pharmacy, 300041 Timisoara, Romania; horhat.florin@umft.ro * Correspondence: susan.monica@umft.ro Abstract: Background: The prognostic value of baseline inflammatory markers in sepsis remains controversial, with conflicting evidence regarding their association with mortality. The dynamic changes in these markers over time might offer additional insights into disease progression and patient outcomes. Methods: This retrospective observational study included 138 patients with severe infections."", ""predictor"": ""Our observation that a reduction in PCT levels over time is associated with better survival aligns with the findings of Poddar et al. [16], Schuetz et al. [24,25], and Pieralli et al. [11]. These studies, like ours, highlight the importance of monitoring PCT kinetics, with some even proposing specific percentage decreases (e.g., >80% or >50%) as potential thresholds for predicting survival. Similarly, the association between a CRP reduction and favorable outcomes echoes the observations of Bahloul et al. [26] and Rios-Toro et al. [27], who also reported a correlation between decreasing CRP levels and improved prognosis."", ""outcome"": ""2023, 23, 1118–1124. [CrossRef] [PubMed] [PubMed Central] 11. Pieralli, F.; Vannucchi, V.; Mancini, A.; Antonielli, E.; Luise, F.; Sammicheli, L.; Turchi, V.; Para, O.; Bacci, F.; Nozzoli, C. Procalcitonin Kinetics in the First 72 Hours Predicts 30-Day Mortality in Severely Ill Septic Patients Admitted to an Intermediate Care Unit."", ""timing"": ""The dynamic changes in these markers over time might offer additional insights into disease progression and patient outcomes. Methods: This retrospective observational study included 138 patients with severe infections. The inflammatory biomarkers procalcitonin (PCT), C-reactive protein (CRP), and lactate (LAC) were measured at three time points: upon hospital admission (baseline), approximately 24–48 h after admission (second measurement; M2), and 48–72 h after admission (third measurement; M3)."", ""method"": ""A Mann–Whitney U test was used to compare the biomarker levels between the survivors and non-survivors. A Spearman’s correlation was used to assess the relationships between the baseline parameters. A logistic regression and a receiver operating characteristic (ROC) curve analysis were employed to evaluate the prognostic value of the baseline markers and their dynamic changes."", ""effect_size"": ""This analysis revealed that decreases in the PCT, CRP, and LAC levels were significantly associated with a reduced 30-day mortality. Specifically, for each 1% decrease in the PCT, CRP, and LAC levels, from baseline to M3, the odds of 30-day mortality decreased. This is reflected in the odds ratios of 0.948, 0.762, and 0.887, respectively."", ""performance"": ""Results: The baseline LAC and SOFA score were significantly associated with 30-day mortality. The percentage decrease in PCT, CRP, and LAC from the baseline to M3 emerged as strong predictors of survival, with the ROC curve analysis demonstrating superior discriminatory ability compared to the baseline values. CRP_Delta exhibited the highest AUC (0.903), followed by PCT_Delta (0.843) and LAC_Delta (0.703). d by 31.6%, while a one-unit increase in the NLR was associated with a 47% increase in the odds of mortality.""}",supported,All reported fields have lexical support in the source anchor.,"What predictors, biomarkers, severity scores, statistical methods, effect sizes, and model performance metrics are reported for mortality estimation in sepsis?",24.0
Varga_2024,Patients with severe infections fulfilling Sepsis-3 criteria,138,Percentage decrease in PCT,30-day mortality,From baseline to M3 (48-72 hours after admission),Logistic regression,Odds ratio of 0.948 for each 1% decrease,AUC 0.843,Decreases in PCT levels were significantly associated with reduced mortality.,Varga_2024.pdf,6,Varga_2024:p6:c2,file:///Users/mikitabianko/dev/sandbox/SepsisAtlasHackathon/articles/Varga_2024.pdf#page=6,"for each 1% decrease in the PCT, CRP, and LAC levels, from baseline to M3, the odds of 30-day mortality decreased. This is reflected in the odds ratios of 0.948, 0.762, and 0.887, respectively.","{""population"": ""2, 300041 Timisoara, Romania 10 Multidisciplinary Research Center on Antimicrobial Resistance (MULTI-REZ), Microbiology Department, “Victor Babes” University of Medicine and Pharmacy, 300041 Timisoara, Romania; horhat.florin@umft.ro * Correspondence: susan.monica@umft.ro Abstract: Background: The prognostic value of baseline inflammatory markers in sepsis remains controversial, with conflicting evidence regarding their association with mortality. The dynamic changes in these markers over time might offer additional insights into disease progression and patient outcomes. Methods: This retrospective observational study included 138 patients with severe infections."", ""sample_size"": ""2, 300041 Timisoara, Romania 10 Multidisciplinary Research Center on Antimicrobial Resistance (MULTI-REZ), Microbiology Department, “Victor Babes” University of Medicine and Pharmacy, 300041 Timisoara, Romania; horhat.florin@umft.ro * Correspondence: susan.monica@umft.ro Abstract: Background: The prognostic value of baseline inflammatory markers in sepsis remains controversial, with conflicting evidence regarding their association with mortality. The dynamic changes in these markers over time might offer additional insights into disease progression and patient outcomes. Methods: This retrospective observational study included 138 patients with severe infections."", ""predictor"": ""A logistic regression and a receiver operating characteristic (ROC) curve analysis were employed to evaluate the prognostic value of the baseline markers and their dynamic changes. Results: The baseline LAC and SOFA score were significantly associated with 30-day mortality. The percentage decrease in PCT, CRP, and LAC from the baseline to M3 emerged as strong predictors of survival, with the ROC curve analysis demonstrating superior discriminatory ability compared to the baseline values."", ""outcome"": ""2023, 23, 1118–1124. [CrossRef] [PubMed] [PubMed Central] 11. Pieralli, F.; Vannucchi, V.; Mancini, A.; Antonielli, E.; Luise, F.; Sammicheli, L.; Turchi, V.; Para, O.; Bacci, F.; Nozzoli, C. Procalcitonin Kinetics in the First 72 Hours Predicts 30-Day Mortality in Severely Ill Septic Patients Admitted to an Intermediate Care Unit."", ""timing"": ""The dynamic changes in these markers over time might offer additional insights into disease progression and patient outcomes. Methods: This retrospective observational study included 138 patients with severe infections. The inflammatory biomarkers procalcitonin (PCT), C-reactive protein (CRP), and lactate (LAC) were measured at three time points: upon hospital admission (baseline), approximately 24–48 h after admission (second measurement; M2), and 48–72 h after admission (third measurement; M3)."", ""method"": ""A Mann–Whitney U test was used to compare the biomarker levels between the survivors and non-survivors. A Spearman’s correlation was used to assess the relationships between the baseline parameters. A logistic regression and a receiver operating characteristic (ROC) curve analysis were employed to evaluate the prognostic value of the baseline markers and their dynamic changes."", ""effect_size"": ""This analysis revealed that decreases in the PCT, CRP, and LAC levels were significantly associated with a reduced 30-day mortality. Specifically, for each 1% decrease in the PCT, CRP, and LAC levels, from baseline to M3, the odds of 30-day mortality decreased. This is reflected in the odds ratios of 0.948, 0.762, and 0.887, respectively."", ""performance"": ""Results: The baseline LAC and SOFA score were significantly associated with 30-day mortality. The percentage decrease in PCT, CRP, and LAC from the baseline to M3 emerged as strong predictors of survival, with the ROC curve analysis demonstrating superior discriminatory ability compared to the baseline values. CRP_Delta exhibited the highest AUC (0.903), followed by PCT_Delta (0.843) and LAC_Delta (0.703). d by 31.6%, while a one-unit increase in the NLR was associated with a 47% increase in the odds of mortality.""}",supported,All reported fields have lexical support in the source anchor.,"What predictors, biomarkers, severity scores, statistical methods, effect sizes, and model performance metrics are reported for mortality estimation in sepsis?",24.0
Varga_2024,Patients with severe infections fulfilling Sepsis-3 criteria,138,Percentage decrease in lactate,30-day mortality,From baseline to M3 (48-72 hours after admission),Logistic regression,Odds ratio of 0.887 for each 1% decrease,AUC 0.703,Decreases in lactate levels were significantly associated with reduced mortality.,Varga_2024.pdf,6,Varga_2024:p6:c2,file:///Users/mikitabianko/dev/sandbox/SepsisAtlasHackathon/articles/Varga_2024.pdf#page=6,a 1% decrease in the LAC level translates to an 11.3% reduction in mortality odds.,"{""population"": ""2, 300041 Timisoara, Romania 10 Multidisciplinary Research Center on Antimicrobial Resistance (MULTI-REZ), Microbiology Department, “Victor Babes” University of Medicine and Pharmacy, 300041 Timisoara, Romania; horhat.florin@umft.ro * Correspondence: susan.monica@umft.ro Abstract: Background: The prognostic value of baseline inflammatory markers in sepsis remains controversial, with conflicting evidence regarding their association with mortality. The dynamic changes in these markers over time might offer additional insights into disease progression and patient outcomes. Methods: This retrospective observational study included 138 patients with severe infections."", ""sample_size"": ""2, 300041 Timisoara, Romania 10 Multidisciplinary Research Center on Antimicrobial Resistance (MULTI-REZ), Microbiology Department, “Victor Babes” University of Medicine and Pharmacy, 300041 Timisoara, Romania; horhat.florin@umft.ro * Correspondence: susan.monica@umft.ro Abstract: Background: The prognostic value of baseline inflammatory markers in sepsis remains controversial, with conflicting evidence regarding their association with mortality. The dynamic changes in these markers over time might offer additional insights into disease progression and patient outcomes. Methods: This retrospective observational study included 138 patients with severe infections."", ""predictor"": ""These studies, like ours, highlight the importance of monitoring PCT kinetics, with some even proposing specific percentage decreases (e.g., >80% or >50%) as potential thresholds for predicting survival. Similarly, the association between a CRP reduction and favorable outcomes echoes the observations of Bahloul et al. [26] and Rios-Toro et al. [27], who also reported a correlation between decreasing CRP levels and improved prognosis. The significance of lactate clearance in predicting survival, as observed in our study, is further supported by the work of Nguyen et al. [12], who found that early lactate clearance was associated with decreased mortality in severe sepsis and septic shock."", ""outcome"": ""2023, 23, 1118–1124. [CrossRef] [PubMed] [PubMed Central] 11. Pieralli, F.; Vannucchi, V.; Mancini, A.; Antonielli, E.; Luise, F.; Sammicheli, L.; Turchi, V.; Para, O.; Bacci, F.; Nozzoli, C. Procalcitonin Kinetics in the First 72 Hours Predicts 30-Day Mortality in Severely Ill Septic Patients Admitted to an Intermediate Care Unit."", ""timing"": ""The dynamic changes in these markers over time might offer additional insights into disease progression and patient outcomes. Methods: This retrospective observational study included 138 patients with severe infections. The inflammatory biomarkers procalcitonin (PCT), C-reactive protein (CRP), and lactate (LAC) were measured at three time points: upon hospital admission (baseline), approximately 24–48 h after admission (second measurement; M2), and 48–72 h after admission (third measurement; M3)."", ""method"": ""A Mann–Whitney U test was used to compare the biomarker levels between the survivors and non-survivors. A Spearman’s correlation was used to assess the relationships between the baseline parameters. A logistic regression and a receiver operating characteristic (ROC) curve analysis were employed to evaluate the prognostic value of the baseline markers and their dynamic changes."", ""effect_size"": ""This analysis revealed that decreases in the PCT, CRP, and LAC levels were significantly associated with a reduced 30-day mortality. Specifically, for each 1% decrease in the PCT, CRP, and LAC levels, from baseline to M3, the odds of 30-day mortality decreased. This is reflected in the odds ratios of 0.948, 0.762, and 0.887, respectively."", ""performance"": ""Results: The baseline LAC and SOFA score were significantly associated with 30-day mortality. The percentage decrease in PCT, CRP, and LAC from the baseline to M3 emerged as strong predictors of survival, with the ROC curve analysis demonstrating superior discriminatory ability compared to the baseline values. CRP_Delta exhibited the highest AUC (0.903), followed by PCT_Delta (0.843) and LAC_Delta (0.703). d by 31.6%, while a one-unit increase in the NLR was associated with a 47% increase in the odds of mortality.""}",supported,All reported fields have lexical support in the source anchor.,"What predictors, biomarkers, severity scores, statistical methods, effect sizes, and model performance metrics are reported for mortality estimation in sepsis?",24.0
Wang_2020,Patients with septic shock,"1,134",30 mL/kg initial fluid resuscitation during first 3 h,ICU mortality,Not reported,Multivariate logistic regression,OR 0.43 (95% CI 0.30–0.63),Not reported,Early effective fluid resuscitation is associated with lower ICU mortality.,Wang_2020.pdf,9,Wang_2020:p9:c3,file:///Users/mikitabianko/dev/sandbox/SepsisAtlasHackathon/articles/Wang_2020.pdf#page=9,30 mL/kg initial resuscitation during first 3 h 0.43 (0.30–0.63) < 0.001,"{""population"": ""DISCUSSION This large-scale multicenter prospective cohort study showed a high prevalence of sepsis in Chinese ICUs in tertiary hospitals. More than two-ﬁfths of the patients developed sepsis on admission to the ICU or within 48 h after their ICU admission, more than half was septic shock. And the in-hospital mortality in those patients with septic shock was as high as 44.4%."", ""sample_size"": ""Wang et al. Sepsis in China TABLE 5 | Severity on admission to the ICU, length of stay and mortality in patients with sepsis. Category n Severity illness scores Length of stay, days Mortality, n (%) APACHE II SOFA ICU Hospital ICU Hospital Onset of sepsis On admission to the ICU 1,407 20.0 (15.0–26.0) 8.0 (5.0–−12.0) 9.0 (4.0–−17.0) 18.0 (10.0–28.0) 32.2 (29.8–34.6) 39.0 (36.5–41.6) Within 48 h 679 18.0 (13.0–24.0) 8.0 (5.0–11.0) 7.0 (4.0–13.0) 8.0 (10.0–29.0) 16.8 (13.8–19.6) 20.5 (17.4–23.5) Severity of sepsis Sepsis without shock 952 17.0 (12.0–22.0) 6.0 (4.0–9.0) 9.0 (4.0–15.0) 19.0 (11.0–29.0) 13.1 (11.0–15.3) 19.3 (16.8–21.8) Septic shock 1,134 22.0 (16.0–28.0) 9.0 (6.0–13.0) 9.0 (4.0–"", ""predictor"": ""Frontiers in Medicine | www.frontiersin.org 5 December 2020 | Volume 7 | Article 593808 [OpenRouter vision/OCR extraction from page image] **Visual/OCR-derived:** **TABLE 1 | Baseline characteristics of all the subjects.** hin 1 h of the onset of sepsis decreased ICU mortality by 42% in patients with sepsis (OR 0.58, 95% CI: 0.42–0.81), and early eﬀective ﬂuid resuscitation decreased ICU mortality by more than half in septic shock patients (OR 0.43, 95% CI: 0.30–0.63). However, we were unable to assess the eﬀects of the dose of antimicrobial pharmacokinetics on outcomes in those patients, which is another important factor aﬀecting the outcomes (20, 43, 44). In addition, RRT and pre-existing"", ""outcome"": ""These discrepancies may be associated with multiple organ complications, geographical regions and the national income level. Several previous studies have reported that the mortality ranged from 7.0 to 15.0% in sepsis patients with one organ failure, while the mortality reached 45.0–88.6% in patients with four or more organ failures (14, 25, 29). Our study showed that the ICU mortality rate was 9.9% in sepsis patients with one organ failure, while it was 60.8% in those with four or more organ failures."", ""method"": ""A multicenter point-prevalence study in Turkey showed that the prevalence of sepsis was 30.8%, with a 75.9% mortality rate in patients with septic shock (13). China is a middle-income country that accounts for one-ﬁfth of the world’s population. eding approach and outcomes (20). In addition, due to traditional beliefs, some critically ill patients terminated therapy and returned home TABLE 7 | Multivariate logistic regression analysis of ICU mortality in patients with sepsis or septic shock."", ""effect_size"": ""In addition, there were signiﬁcant regional diﬀerences in the organisms isolated from the cultures, and the reasons for the variations in the distributions of microorganisms in our study are unknown; these results are probably associated with cultivation techniques and methods. The SSC 2016 and other studies have recommended the early optimization of antibiotic therapy, and early suﬃcient ﬂuid resuscitation can improve the outcomes of patients with sepsis or septic shock (20, 41, 42). Our results show that initial antibiotic administration within 1 h of the onset of sepsis decreased ICU mortality by 42% in patients with sepsis (OR 0.58, 95% CI: 0.42–0.81), and early eﬀective ﬂuid resuscitati""}",supported,All reported fields have lexical support in the source anchor.,"What predictors, biomarkers, severity scores, statistical methods, effect sizes, and model performance metrics are reported for mortality estimation in sepsis?",32.75
Wang_2020,Patients with sepsis or septic shock in Chinese ICUs,"2,086",APACHE II score,ICU mortality,Not reported,Multivariate logistic regression,OR 1.16 (95% CI 1.13–1.21),Not reported,APACHE II score is an independent risk factor for ICU mortality.,Wang_2020.pdf,9,Wang_2020:p9:c3,file:///Users/mikitabianko/dev/sandbox/SepsisAtlasHackathon/articles/Wang_2020.pdf#page=9,"APACHE II, for per one point increase 1.16 (1.13–1.21) < 0.001","{""population"": "".558 #percentage is not equal to 100 because patients may have one or more sites of infection; &patients may have had more than one organism isolated; CNS, central nervous system; §Candida, yeasts, Aspergillus, and Pneumocystis carinii were included. DISCUSSION This large-scale multicenter prospective cohort study showed a high prevalence of sepsis in Chinese ICUs in tertiary hospitals. More than two-ﬁfths of the patients developed sepsis on admission to the ICU or within 48 h after their ICU admission, more than half was septic shock."", ""sample_size"": ""China is a middle-income country that accounts for one-ﬁfth of the world’s population. eding approach and outcomes (20). In addition, due to traditional beliefs, some critically ill patients terminated therapy and returned home TABLE 7 | Multivariate logistic regression analysis of ICU mortality in patients with sepsis or septic shock. Characteristics OR (95% CI) P-value All patients with sepsis (n = 2,086) H Age, for per 1 year old 1.04 (1.03–1.05) < 0.001 APACHE II, for per one point increase 1.16 (1.13–1.21) < 0.001 Comorbid condition None 0.40 (0.24–0.64) < 0.001 Cardiovascular disease 2.15 (1.45–3.20) < 0.001 Tumor 2.43 (1.39–4.23) 0.002 Septic shock 2.68 (1.84–3.92) < 0.001 Isolated mi"", ""predictor"": ""Gram-positive (especially Staphylococcus) and gramnegative (Acinetobacter and Pseudomonas) organisms were associated with elevated mortality in patients with positive cultures, whereas Escherichia did not increase ICU mortality (Table 6). After adjusting for potential confounders, having no comorbid conditions and the use of antibiotics within 1 h of sepsis onset were associated with relatively lower ICU mortality in patients with sepsis. However, advanced age; high APACHE II score; comorbid cardiovascular diseases and tumors; infection with Acinetobacter, Pseudomonas, and Staphylococcus; and the use of RRT were independent risk factors for ICU mortality in patients with sepsis."", ""outcome"": ""These discrepancies may be associated with multiple organ complications, geographical regions and the national income level. Several previous studies have reported that the mortality ranged from 7.0 to 15.0% in sepsis patients with one organ failure, while the mortality reached 45.0–88.6% in patients with four or more organ failures (14, 25, 29). Our study showed that the ICU mortality rate was 9.9% in sepsis patients with one organ failure, while it was 60.8% in those with four or more organ failures."", ""method"": ""A multicenter point-prevalence study in Turkey showed that the prevalence of sepsis was 30.8%, with a 75.9% mortality rate in patients with septic shock (13). China is a middle-income country that accounts for one-ﬁfth of the world’s population. eding approach and outcomes (20). In addition, due to traditional beliefs, some critically ill patients terminated therapy and returned home TABLE 7 | Multivariate logistic regression analysis of ICU mortality in patients with sepsis or septic shock."", ""effect_size"": ""China is a middle-income country that accounts for one-ﬁfth of the world’s population. eding approach and outcomes (20). In addition, due to traditional beliefs, some critically ill patients terminated therapy and returned home TABLE 7 | Multivariate logistic regression analysis of ICU mortality in patients with sepsis or septic shock. Characteristics OR (95% CI) P-value All patients with sepsis (n = 2,086) H Age, for per 1 year old 1.04 (1.03–1.05) < 0.001 APACHE II, for per one point increase 1.16 (1.13–1.21) < 0.001 Comorbid condition None 0.40 (0.24–0.64) < 0.001 Cardiovascular disease 2.15 (1.45–3.20) < 0.001 Tumor 2.43 (1.39–4.23) 0.002 Septic shock 2.68 (1.84–3.92) < 0.001 Isolated mi""}",supported,All reported fields have lexical support in the source anchor.,"What predictors, biomarkers, severity scores, statistical methods, effect sizes, and model performance metrics are reported for mortality estimation in sepsis?",32.75
Wang_2020,Patients with sepsis or septic shock in Chinese ICUs,"2,086",Age,ICU mortality,Not reported,Multivariate logistic regression,OR 1.04 (95% CI 1.03–1.05),Not reported,Age is an independent risk factor for ICU mortality.,Wang_2020.pdf,9,Wang_2020:p9:c3,file:///Users/mikitabianko/dev/sandbox/SepsisAtlasHackathon/articles/Wang_2020.pdf#page=9,"Age, for per 1 year old 1.04 (1.03–1.05) < 0.001","{""population"": "".558 #percentage is not equal to 100 because patients may have one or more sites of infection; &patients may have had more than one organism isolated; CNS, central nervous system; §Candida, yeasts, Aspergillus, and Pneumocystis carinii were included. DISCUSSION This large-scale multicenter prospective cohort study showed a high prevalence of sepsis in Chinese ICUs in tertiary hospitals. More than two-ﬁfths of the patients developed sepsis on admission to the ICU or within 48 h after their ICU admission, more than half was septic shock."", ""sample_size"": ""China is a middle-income country that accounts for one-ﬁfth of the world’s population. eding approach and outcomes (20). In addition, due to traditional beliefs, some critically ill patients terminated therapy and returned home TABLE 7 | Multivariate logistic regression analysis of ICU mortality in patients with sepsis or septic shock. Characteristics OR (95% CI) P-value All patients with sepsis (n = 2,086) H Age, for per 1 year old 1.04 (1.03–1.05) < 0.001 APACHE II, for per one point increase 1.16 (1.13–1.21) < 0.001 Comorbid condition None 0.40 (0.24–0.64) < 0.001 Cardiovascular disease 2.15 (1.45–3.20) < 0.001 Tumor 2.43 (1.39–4.23) 0.002 Septic shock 2.68 (1.84–3.92) < 0.001 Isolated mi"", ""predictor"": "".558 #percentage is not equal to 100 because patients may have one or more sites of infection; &patients may have had more than one organism isolated; CNS, central nervous system; §Candida, yeasts, Aspergillus, and Pneumocystis carinii were included. DISCUSSION This large-scale multicenter prospective cohort study showed a high prevalence of sepsis in Chinese ICUs in tertiary hospitals."", ""outcome"": ""These discrepancies may be associated with multiple organ complications, geographical regions and the national income level. Several previous studies have reported that the mortality ranged from 7.0 to 15.0% in sepsis patients with one organ failure, while the mortality reached 45.0–88.6% in patients with four or more organ failures (14, 25, 29). Our study showed that the ICU mortality rate was 9.9% in sepsis patients with one organ failure, while it was 60.8% in those with four or more organ failures."", ""method"": ""A multicenter point-prevalence study in Turkey showed that the prevalence of sepsis was 30.8%, with a 75.9% mortality rate in patients with septic shock (13). China is a middle-income country that accounts for one-ﬁfth of the world’s population. eding approach and outcomes (20). In addition, due to traditional beliefs, some critically ill patients terminated therapy and returned home TABLE 7 | Multivariate logistic regression analysis of ICU mortality in patients with sepsis or septic shock."", ""effect_size"": ""China is a middle-income country that accounts for one-ﬁfth of the world’s population. eding approach and outcomes (20). In addition, due to traditional beliefs, some critically ill patients terminated therapy and returned home TABLE 7 | Multivariate logistic regression analysis of ICU mortality in patients with sepsis or septic shock. Characteristics OR (95% CI) P-value All patients with sepsis (n = 2,086) H Age, for per 1 year old 1.04 (1.03–1.05) < 0.001 APACHE II, for per one point increase 1.16 (1.13–1.21) < 0.001 Comorbid condition None 0.40 (0.24–0.64) < 0.001 Cardiovascular disease 2.15 (1.45–3.20) < 0.001 Tumor 2.43 (1.39–4.23) 0.002 Septic shock 2.68 (1.84–3.92) < 0.001 Isolated mi""}",supported,All reported fields have lexical support in the source anchor.,"What predictors, biomarkers, severity scores, statistical methods, effect sizes, and model performance metrics are reported for mortality estimation in sepsis?",32.75
Wang_2020,Patients with sepsis,"2,086",Comorbid conditions,ICU mortality,Not reported,Multivariate logistic regression,OR 0.40 (95% CI 0.24–0.64),Not reported,Having no comorbid conditions is associated with lower ICU mortality.,Wang_2020.pdf,9,Wang_2020:p9:c3,file:///Users/mikitabianko/dev/sandbox/SepsisAtlasHackathon/articles/Wang_2020.pdf#page=9,Comorbid condition None 0.40 (0.24–0.64) < 0.001,"{""population"": ""Moreover, the type of ICU may aﬀect the prevalence. In our cohort study, the overall ICU and in-hospital mortality rates were 17.0 and 21.5%, respectively. The patients with sepsis had an elevated mortality rate: more than one-quarter of the patients with sepsis (27.2%) died in the ICU, and one-third of the patients with sepsis (33.0%) died during hospitalization."", ""sample_size"": ""China is a middle-income country that accounts for one-ﬁfth of the world’s population. eding approach and outcomes (20). In addition, due to traditional beliefs, some critically ill patients terminated therapy and returned home TABLE 7 | Multivariate logistic regression analysis of ICU mortality in patients with sepsis or septic shock. Characteristics OR (95% CI) P-value All patients with sepsis (n = 2,086) H Age, for per 1 year old 1.04 (1.03–1.05) < 0.001 APACHE II, for per one point increase 1.16 (1.13–1.21) < 0.001 Comorbid condition None 0.40 (0.24–0.64) < 0.001 Cardiovascular disease 2.15 (1.45–3.20) < 0.001 Tumor 2.43 (1.39–4.23) 0.002 Septic shock 2.68 (1.84–3.92) < 0.001 Isolated mi"", ""predictor"": ""Our results show that initial antibiotic administration within 1 h of the onset of sepsis decreased ICU mortality by 42% in patients with sepsis (OR 0.58, 95% CI: 0.42–0.81), and early eﬀective ﬂuid resuscitation decreased ICU mortality by more than half in septic shock patients (OR 0.43, 95% CI: 0.30–0.63). lity rates. Gram-positive (especially Staphylococcus) and gramnegative (Acinetobacter and Pseudomonas) organisms were associated with elevated mortality in patients with positive cultures, whereas Escherichia did not increase ICU mortality (Table 6). After adjusting for potential confounders, having no comorbid conditions and the use of antibiotics within 1 h of sepsis onset were associa"", ""outcome"": ""These discrepancies may be associated with multiple organ complications, geographical regions and the national income level. Several previous studies have reported that the mortality ranged from 7.0 to 15.0% in sepsis patients with one organ failure, while the mortality reached 45.0–88.6% in patients with four or more organ failures (14, 25, 29). Our study showed that the ICU mortality rate was 9.9% in sepsis patients with one organ failure, while it was 60.8% in those with four or more organ failures."", ""method"": ""A multicenter point-prevalence study in Turkey showed that the prevalence of sepsis was 30.8%, with a 75.9% mortality rate in patients with septic shock (13). China is a middle-income country that accounts for one-ﬁfth of the world’s population. eding approach and outcomes (20). In addition, due to traditional beliefs, some critically ill patients terminated therapy and returned home TABLE 7 | Multivariate logistic regression analysis of ICU mortality in patients with sepsis or septic shock."", ""effect_size"": ""China is a middle-income country that accounts for one-ﬁfth of the world’s population. eding approach and outcomes (20). In addition, due to traditional beliefs, some critically ill patients terminated therapy and returned home TABLE 7 | Multivariate logistic regression analysis of ICU mortality in patients with sepsis or septic shock. Characteristics OR (95% CI) P-value All patients with sepsis (n = 2,086) H Age, for per 1 year old 1.04 (1.03–1.05) < 0.001 APACHE II, for per one point increase 1.16 (1.13–1.21) < 0.001 Comorbid condition None 0.40 (0.24–0.64) < 0.001 Cardiovascular disease 2.15 (1.45–3.20) < 0.001 Tumor 2.43 (1.39–4.23) 0.002 Septic shock 2.68 (1.84–3.92) < 0.001 Isolated mi""}",supported,All reported fields have lexical support in the source anchor.,"What predictors, biomarkers, severity scores, statistical methods, effect sizes, and model performance metrics are reported for mortality estimation in sepsis?",32.75
Wang_2020,Patients with septic shock,"1,134",Septic shock,ICU mortality,Not reported,Multivariate logistic regression,OR 2.68 (95% CI 1.84–3.92),Not reported,Septic shock is associated with increased risk of mortality.,Wang_2020.pdf,9,Wang_2020:p9:c3,file:///Users/mikitabianko/dev/sandbox/SepsisAtlasHackathon/articles/Wang_2020.pdf#page=9,Septic shock 2.68 (1.84–3.92) < 0.001,"{""population"": ""DISCUSSION This large-scale multicenter prospective cohort study showed a high prevalence of sepsis in Chinese ICUs in tertiary hospitals. More than two-ﬁfths of the patients developed sepsis on admission to the ICU or within 48 h after their ICU admission, more than half was septic shock. And the in-hospital mortality in those patients with septic shock was as high as 44.4%."", ""sample_size"": ""Wang et al. Sepsis in China TABLE 5 | Severity on admission to the ICU, length of stay and mortality in patients with sepsis. Category n Severity illness scores Length of stay, days Mortality, n (%) APACHE II SOFA ICU Hospital ICU Hospital Onset of sepsis On admission to the ICU 1,407 20.0 (15.0–26.0) 8.0 (5.0–−12.0) 9.0 (4.0–−17.0) 18.0 (10.0–28.0) 32.2 (29.8–34.6) 39.0 (36.5–41.6) Within 48 h 679 18.0 (13.0–24.0) 8.0 (5.0–11.0) 7.0 (4.0–13.0) 8.0 (10.0–29.0) 16.8 (13.8–19.6) 20.5 (17.4–23.5) Severity of sepsis Sepsis without shock 952 17.0 (12.0–22.0) 6.0 (4.0–9.0) 9.0 (4.0–15.0) 19.0 (11.0–29.0) 13.1 (11.0–15.3) 19.3 (16.8–21.8) Septic shock 1,134 22.0 (16.0–28.0) 9.0 (6.0–13.0) 9.0 (4.0–"", ""predictor"": "".558 #percentage is not equal to 100 because patients may have one or more sites of infection; &patients may have had more than one organism isolated; CNS, central nervous system; §Candida, yeasts, Aspergillus, and Pneumocystis carinii were included. DISCUSSION This large-scale multicenter prospective cohort study showed a high prevalence of sepsis in Chinese ICUs in tertiary hospitals. More than two-ﬁfths of the patients developed sepsis on admission to the ICU or within 48 h after their ICU admission, more than half was septic shock."", ""outcome"": ""These discrepancies may be associated with multiple organ complications, geographical regions and the national income level. Several previous studies have reported that the mortality ranged from 7.0 to 15.0% in sepsis patients with one organ failure, while the mortality reached 45.0–88.6% in patients with four or more organ failures (14, 25, 29). Our study showed that the ICU mortality rate was 9.9% in sepsis patients with one organ failure, while it was 60.8% in those with four or more organ failures."", ""method"": ""A multicenter point-prevalence study in Turkey showed that the prevalence of sepsis was 30.8%, with a 75.9% mortality rate in patients with septic shock (13). China is a middle-income country that accounts for one-ﬁfth of the world’s population. eding approach and outcomes (20). In addition, due to traditional beliefs, some critically ill patients terminated therapy and returned home TABLE 7 | Multivariate logistic regression analysis of ICU mortality in patients with sepsis or septic shock."", ""effect_size"": ""China is a middle-income country that accounts for one-ﬁfth of the world’s population. eding approach and outcomes (20). In addition, due to traditional beliefs, some critically ill patients terminated therapy and returned home TABLE 7 | Multivariate logistic regression analysis of ICU mortality in patients with sepsis or septic shock. Characteristics OR (95% CI) P-value All patients with sepsis (n = 2,086) H Age, for per 1 year old 1.04 (1.03–1.05) < 0.001 APACHE II, for per one point increase 1.16 (1.13–1.21) < 0.001 Comorbid condition None 0.40 (0.24–0.64) < 0.001 Cardiovascular disease 2.15 (1.45–3.20) < 0.001 Tumor 2.43 (1.39–4.23) 0.002 Septic shock 2.68 (1.84–3.92) < 0.001 Isolated mi""}",supported,All reported fields have lexical support in the source anchor.,"What predictors, biomarkers, severity scores, statistical methods, effect sizes, and model performance metrics are reported for mortality estimation in sepsis?",32.75
Wang_2020,Patients with sepsis,"2,086",Use of antibiotics within 1 h,ICU mortality,Not reported,Multivariate logistic regression,OR 0.58 (95% CI 0.42–0.81),Not reported,Prompt administration of antibiotics is associated with lower ICU mortality.,Wang_2020.pdf,9,Wang_2020:p9:c3,file:///Users/mikitabianko/dev/sandbox/SepsisAtlasHackathon/articles/Wang_2020.pdf#page=9,Use of antibiotics within 1 h 0.58 (0.42–0.81) 0.001,"{""population"": ""Moreover, the type of ICU may aﬀect the prevalence. In our cohort study, the overall ICU and in-hospital mortality rates were 17.0 and 21.5%, respectively. The patients with sepsis had an elevated mortality rate: more than one-quarter of the patients with sepsis (27.2%) died in the ICU, and one-third of the patients with sepsis (33.0%) died during hospitalization."", ""sample_size"": ""China is a middle-income country that accounts for one-ﬁfth of the world’s population. eding approach and outcomes (20). In addition, due to traditional beliefs, some critically ill patients terminated therapy and returned home TABLE 7 | Multivariate logistic regression analysis of ICU mortality in patients with sepsis or septic shock. Characteristics OR (95% CI) P-value All patients with sepsis (n = 2,086) H Age, for per 1 year old 1.04 (1.03–1.05) < 0.001 APACHE II, for per one point increase 1.16 (1.13–1.21) < 0.001 Comorbid condition None 0.40 (0.24–0.64) < 0.001 Cardiovascular disease 2.15 (1.45–3.20) < 0.001 Tumor 2.43 (1.39–4.23) 0.002 Septic shock 2.68 (1.84–3.92) < 0.001 Isolated mi"", ""predictor"": ""Our results show that initial antibiotic administration within 1 h of the onset of sepsis decreased ICU mortality by 42% in patients with sepsis (OR 0.58, 95% CI: 0.42–0.81), and early eﬀective ﬂuid resuscitation decreased ICU mortality by more than half in septic shock patients (OR 0.43, 95% CI: 0.30–0.63). lity rates. Gram-positive (especially Staphylococcus) and gramnegative (Acinetobacter and Pseudomonas) organisms were associated with elevated mortality in patients with positive cultures, whereas Escherichia did not increase ICU mortality (Table 6). After adjusting for potential confounders, having no comorbid conditions and the use of antibiotics within 1 h of sepsis onset were associa"", ""outcome"": ""These discrepancies may be associated with multiple organ complications, geographical regions and the national income level. Several previous studies have reported that the mortality ranged from 7.0 to 15.0% in sepsis patients with one organ failure, while the mortality reached 45.0–88.6% in patients with four or more organ failures (14, 25, 29). Our study showed that the ICU mortality rate was 9.9% in sepsis patients with one organ failure, while it was 60.8% in those with four or more organ failures."", ""method"": ""A multicenter point-prevalence study in Turkey showed that the prevalence of sepsis was 30.8%, with a 75.9% mortality rate in patients with septic shock (13). China is a middle-income country that accounts for one-ﬁfth of the world’s population. eding approach and outcomes (20). In addition, due to traditional beliefs, some critically ill patients terminated therapy and returned home TABLE 7 | Multivariate logistic regression analysis of ICU mortality in patients with sepsis or septic shock."", ""effect_size"": ""In addition, there were signiﬁcant regional diﬀerences in the organisms isolated from the cultures, and the reasons for the variations in the distributions of microorganisms in our study are unknown; these results are probably associated with cultivation techniques and methods. The SSC 2016 and other studies have recommended the early optimization of antibiotic therapy, and early suﬃcient ﬂuid resuscitation can improve the outcomes of patients with sepsis or septic shock (20, 41, 42). Our results show that initial antibiotic administration within 1 h of the onset of sepsis decreased ICU mortality by 42% in patients with sepsis (OR 0.58, 95% CI: 0.42–0.81), and early eﬀective ﬂuid resuscitati""}",supported,All reported fields have lexical support in the source anchor.,"What predictors, biomarkers, severity scores, statistical methods, effect sizes, and model performance metrics are reported for mortality estimation in sepsis?",32.75
Wen_2019,ICU patients diagnosed with sepsis under the sepsis-3 criteria,138,Combination of SOFA score and presepsin level,in-hospital mortality from sepsis,Not reported,ROC curve analysis,AUC: 0.817,AUC: 0.793 for SOFA score alone,Combination of SOFA score and presepsin level has better performance than SOFA score alone.,Wen_2019.pdf,1,Wen_2019:p1:c2,file:///Users/mikitabianko/dev/sandbox/SepsisAtlasHackathon/articles/Wen_2019.pdf#page=1,"The AUC value of a combination of presepsin and the SOFA score was signiﬁcantly larger than that of the SOFA score alone (AUC: 0.817 vs 0.793, P=0.041).","{""population"": ""Among various molecules, presepsin seems to be a promising biomarker since it has been reported to be associated with the early stage of the septic process.9 Presepsin was ﬁrst discovered in 2004.10 When monocytes are activated by infectious agents, presepsin, as a soluble CD14 subtype, will be released into the plasma.11 The level of presepsin continues to increase in the early stage of sepsis.9 It has been reported in several studies that presepsin is a hopeful diagnostic marker of sepsis.12,13 Increasing numbers of studies have highlighted the superior value of presepsin to procalcitonin (PCT), interleukin-6, and C reactive protein in the diagnosis of sepsis.14 However, the prognostic per"", ""sample_size"": ""The correlation between presepsin and the Sequential Organ Failure Assessment (SOFA) score was measured with Spearman’s rank correlation coefﬁcient. P-values of less than 0.05 were considered to indicate statistical signiﬁcance. Results: Overall, 138 patients were included in this study."", ""predictor"": ""Analysis of the ROC curves shows that the presepsin and lactate levels have similar performance in predicting the prognosis of sepsis (AUC: 0.703 vs 0.711). The SOFA score has a better prognostic performance than the presepsin level (AUC: 0.793 vs 0.703). However, the presepsin level upon admission is positively associated with the SOFA score, and the prognostic performance of a combination of the SOFA score and the presepsin level is signiﬁcantly better than that of the SOFA score alone."", ""outcome"": ""presepsin level and the non-survivors’ presepsin levels were signiﬁcantly higher than the survivors’ presepsin levels.16 In the present study, the presepsin level of the non-survivor group is higher than that of the survivor group. Besides, analysis of the ROC curves demonstrates that the presepsin level has a good performance in predicting the in-hospital mortality from sepsis under the sepsis-3 criteria."", ""method"": ""Binary logistic regression showed that the presepsin level was an independent risk factor of patients’ in-hospital mortality from sepsis (OR =1.221 P=0.026). The presepsin level was positively associated with the SOFA score (ρ=0.396, P=0.000). ROC curve analysis revealed the presepsin level was highly accurate in predicting patients’ in-hospital mortality from sepsis (AUC =0.703, P=0.000)."", ""effect_size"": ""The presepsin level was positively associated with the SOFA score (ρ=0.396, P=0.000). ROC curve analysis revealed the presepsin level was highly accurate in predicting patients’ in-hospital mortality from sepsis (AUC =0.703, P=0.000). The AUC value of a combination of presepsin and the SOFA score was signiﬁcantly larger than that of the SOFA score alone (AUC: 0.817 vs 0.793, P=0.041)."", ""performance"": ""Analysis of the ROC curves shows that the presepsin and lactate levels have similar performance in predicting the prognosis of sepsis (AUC: 0.703 vs 0.711). The SOFA score has a better prognostic performance than the presepsin level (AUC: 0.793 vs 0.703). However, the presepsin level upon admission is positively associated with the SOFA score, and the prognostic performance of a combination of the SOFA score and the presepsin level is signiﬁcantly better than that of the SOFA score alone.""}",supported,All reported fields have lexical support in the source anchor.,"What predictors, biomarkers, severity scores, statistical methods, effect sizes, and model performance metrics are reported for mortality estimation in sepsis?",28.5
Zhang_2021,ICU patients with sepsis,"5,443",LASSO method,Predictive features for mortality,Not reported,LASSO regression,Not reported,Not reported,Identified 13 useful predictive features from 35 clinical features.,Zhang_2021.pdf,6,Zhang_2021:p6:c1,file:///Users/mikitabianko/dev/sandbox/SepsisAtlasHackathon/articles/Zhang_2021.pdf#page=6,"For the 35 clinical features, 13 useful predictive features were finally identified using the LASSO method.","{""population"": ""Sepsis Mortality Risk Score FIGURE 1 | The relationship between SMRS and probability of death in development set. suitable for the regression of high-dimensional data (23, 24). Then, we developed a new scoring system, the SMRS. It showed a moderate performance in predicting 30-day mortality and riskstratifying speciﬁcally for ICU patients with sepsis."", ""sample_size"": ""Sepsis Mortality Risk Score RESULTS Participants Our study was reported according to the guidelines of the TRIPOD statement (Checklist in Additional File 1) (22). The initial research identiﬁed 23,620 ICU admissions from the MIMIC III database. A total of 5,443 adult patients meeting the sepsis-3 criteria were analyzed, including 907 non-survivors and 4,536 survivors."", ""predictor"": ""Unlike other ICU severity scores, the SOFA score was developed to describe organ dysfunction and morbidity instead of mortality prediction, and some strong predictors for mortality were not included. Therefore, speciﬁcally for the sepsis-3 population, we aimed at constructing a mortality risk score. For the 35 clinical features, 13 useful predictive features were ﬁnally identiﬁed using the LASSO method by examining the predictor–outcome association."", ""outcome"": ""Unlike other ICU severity scores, the SOFA score was developed to describe organ dysfunction and morbidity instead of mortality prediction, and some strong predictors for mortality were not included. Therefore, speciﬁcally for the sepsis-3 population, we aimed at constructing a mortality risk score. For the 35 clinical features, 13 useful predictive features were ﬁnally identiﬁed using the LASSO method by examining the predictor–outcome association."", ""method"": ""Comparisons of basic characteristics between development and validation sets are recorded in Additional File 3. Model Development Based on 5,443 patients in the development set in the LASSO model, 35 features were reduced to 15 potential predictors (Additional File 4). After screening, 13 predictors were entered into the LASSO regression model (Additional File 5), and the VIF proved there was no signiﬁcant multicollinearity in the model (VIF < 5).""}",supported,All reported fields have lexical support in the source anchor.,"What predictors, biomarkers, severity scores, statistical methods, effect sizes, and model performance metrics are reported for mortality estimation in sepsis?",36.75
Zhang_2021,ICU patients with sepsis,"5,658",SOFA score,30-day mortality,Not reported,Not reported,AUC: 0.69,Low discriminatory power,SOFA score was developed to describe organ dysfunction and morbidity instead of mortality prediction.,Zhang_2021.pdf,6,Zhang_2021:p6:c1,file:///Users/mikitabianko/dev/sandbox/SepsisAtlasHackathon/articles/Zhang_2021.pdf#page=6,"In our study, for predicting 30-day mortality, the SOFA score had a low discriminatory power (AUC: 0.69).","{""population"": ""Sepsis Mortality Risk Score FIGURE 1 | The relationship between SMRS and probability of death in development set. suitable for the regression of high-dimensional data (23, 24). Then, we developed a new scoring system, the SMRS. It showed a moderate performance in predicting 30-day mortality and riskstratifying speciﬁcally for ICU patients with sepsis."", ""sample_size"": ""While data extraction, we excluded body mass index, albumin, bands, and bilirubin from the analysis because of the large portion of the missing value (>20%). For other variables, the missing value was <10% (Additional File 2). We assigned 5,658 septic patients (1,042 deaths, mortality rate 20.1%) from the eICU database with complete data to the validation set."", ""predictor"": ""For many years, various scoring systems have been widely used in the ICU, but the ability of general ICU severity scores is insuﬃcient in accurately and reliably predicting mortality in the sepsis patient population. Arabi et al. evaluated four scoring systems in ICU patients with sepsis, reporting poor calibration for all four scores (10). Speciﬁcally, the SOFA score was proposed for the sepsis population, and a greater SOFA score was associated with a higher mortality rate (26)."", ""outcome"": ""Sepsis Mortality Risk Score FIGURE 1 | The relationship between SMRS and probability of death in development set. suitable for the regression of high-dimensional data (23, 24). Then, we developed a new scoring system, the SMRS. It showed a moderate performance in predicting 30-day mortality and riskstratifying speciﬁcally for ICU patients with sepsis."", ""effect_size"": ""FIGURE 3 | Calibration of SMRS. (A) Development set; (B) Validation set. and limited number of variables (27). For predicting mortality in septic patients, the reported AUC of the initial SOFA score ranged from 0.69 to 0.83(28, 29). In our study, for predicting 30-day mortality, the SOFA score had a low discriminatory power (AUC: 0.69)."", ""performance"": ""FIGURE 3 | Calibration of SMRS. (A) Development set; (B) Validation set. and limited number of variables (27). For predicting mortality in septic patients, the reported AUC of the initial SOFA score ranged from 0.69 to 0.83(28, 29). In our study, for predicting 30-day mortality, the SOFA score had a low discriminatory power (AUC: 0.69).""}",supported,All reported fields have lexical support in the source anchor.,"What predictors, biomarkers, severity scores, statistical methods, effect sizes, and model performance metrics are reported for mortality estimation in sepsis?",36.75
Zhang_2021,ICU patients with sepsis,"5,443",Sepsis Mortality Risk Score (SMRS),30-day mortality,Within 24 hours of ICU admission,LASSO regression,A two-fold increase in the odds of death in patients requiring mechanical ventilation,"AUC: 0.789 (development set), AUC: 0.765 (validation set)","Mortality rates of low (3.2%), moderate (12.4%), high (30.7%), and very high (68.1%) risk groups in development set.",Zhang_2021.pdf,4,Zhang_2021:p4:c1,file:///Users/mikitabianko/dev/sandbox/SepsisAtlasHackathon/articles/Zhang_2021.pdf#page=4,"The SMRS had good discrimination (AUC: 0.789) in the development set, which was better than other severity scores.","{""population"": ""Sepsis Mortality Risk Score FIGURE 1 | The relationship between SMRS and probability of death in development set. suitable for the regression of high-dimensional data (23, 24). Then, we developed a new scoring system, the SMRS. It showed a moderate performance in predicting 30-day mortality and riskstratifying speciﬁcally for ICU patients with sepsis."", ""sample_size"": ""Sepsis Mortality Risk Score RESULTS Participants Our study was reported according to the guidelines of the TRIPOD statement (Checklist in Additional File 1) (22). The initial research identiﬁed 23,620 ICU admissions from the MIMIC III database. A total of 5,443 adult patients meeting the sepsis-3 criteria were analyzed, including 907 non-survivors and 4,536 survivors."", ""predictor"": ""The corresponding mortality in the validation dataset was 2.8, 10.5, 21.1, and 51.2%. As shown by the decision curve analysis, the score always had a positive net beneﬁt. Conclusion: We observed moderate discrimination and calibration for the score termed Sepsis Mortality Risk Score (SMRS), allowing stratiﬁcation of patients according to mortality risk."", ""outcome"": ""Sepsis Mortality Risk Score FIGURE 1 | The relationship between SMRS and probability of death in development set. suitable for the regression of high-dimensional data (23, 24). Then, we developed a new scoring system, the SMRS. It showed a moderate performance in predicting 30-day mortality and riskstratifying speciﬁcally for ICU patients with sepsis."", ""timing"": ""Therefore, speciﬁcally for the sepsis-3 population, we aimed at constructing a mortality risk score. For the 35 clinical features, 13 useful predictive features were ﬁnally identiﬁed using the LASSO method by examining the predictor–outcome association. A two-fold increase in the odds of death was observed in our model in patients requiring mechanical ventilation within the ﬁrst 24 h of admission."", ""method"": ""Comparisons of basic characteristics between development and validation sets are recorded in Additional File 3. Model Development Based on 5,443 patients in the development set in the LASSO model, 35 features were reduced to 15 potential predictors (Additional File 4). After screening, 13 predictors were entered into the LASSO regression model (Additional File 5), and the VIF proved there was no signiﬁcant multicollinearity in the model (VIF < 5)."", ""effect_size"": ""Therefore, speciﬁcally for the sepsis-3 population, we aimed at constructing a mortality risk score. For the 35 clinical features, 13 useful predictive features were ﬁnally identiﬁed using the LASSO method by examining the predictor–outcome association. A two-fold increase in the odds of death was observed in our model in patients requiring mechanical ventilation within the ﬁrst 24 h of admission."", ""performance"": ""The 30-day mortality was 16.7%. With 5,658 septic patients in the validation set, there were 1,135 deaths (mortality 20.1%). The score had good discrimination in development and validation sets (area under curve: 0.789 and 0.765).""}",supported,All reported fields have lexical support in the source anchor.,"What predictors, biomarkers, severity scores, statistical methods, effect sizes, and model performance metrics are reported for mortality estimation in sepsis?",36.75
